資訊清單建立者	17807
日期	06-Jul-2026 22:46:30
目前工作零件	D:\OH-WorkSpace\GGV_LTS_SensitivityAnsysis_V4.0\chengdu endurance track4.0_dwg.prt
節點名	queenzzzworkbook


曲線的曲率分析
------------------------------------------------------------
分析曲線 #               1
檢查點的個數 =             6250
投影平面 = 無
  參數      XC          YC          ZC      曲率      力矩
  0.000000  -319.976404  -339.625700    0.000000  5.252387e-03  0.000000e+00
  0.000160  -319.984944  -339.767228    0.000000  5.384000e-03  0.000000e+00
  0.000320  -319.993591  -339.908733    0.000000  5.532580e-03  0.000000e+00
  0.000480  -320.002348  -340.050214    0.000000  5.697239e-03  0.000000e+00
  0.000640  -320.011219  -340.191672    0.000000  5.877084e-03  0.000000e+00
  0.000800  -320.020206  -340.333108    0.000000  6.071218e-03  0.000000e+00
  0.000960  -320.029315  -340.474522    0.000000  6.278742e-03  0.000000e+00
  0.001120  -320.038548  -340.615916    0.000000  6.498755e-03  0.000000e+00
  0.001280  -320.047911  -340.757289    0.000000  6.730350e-03  0.000000e+00
  0.001440  -320.057407  -340.898643    0.000000  6.972621e-03  0.000000e+00
  0.001600  -320.067043  -341.039979    0.000000  7.224657e-03  0.000000e+00
  0.001760  -320.076823  -341.181297    0.000000  7.485544e-03  0.000000e+00
  0.001920  -320.086753  -341.322599    0.000000  7.754367e-03  0.000000e+00
  0.002080  -320.096837  -341.463884    0.000000  8.030209e-03  0.000000e+00
  0.002240  -320.107082  -341.605155    0.000000  8.312150e-03  0.000000e+00
  0.002400  -320.117492  -341.746412    0.000000  8.599268e-03  0.000000e+00
  0.002560  -320.128075  -341.887655    0.000000  8.890641e-03  0.000000e+00
  0.002720  -320.138836  -342.028886    0.000000  9.185346e-03  0.000000e+00
  0.002880  -320.149781  -342.170107    0.000000  9.482457e-03  0.000000e+00
  0.003040  -320.160916  -342.311317    0.000000  9.781051e-03  0.000000e+00
  0.003201  -320.172247  -342.452518    0.000000  1.008020e-02  0.000000e+00
  0.003361  -320.183780  -342.593710    0.000000  1.037899e-02  0.000000e+00
  0.003521  -320.195522  -342.734896    0.000000  1.067648e-02  0.000000e+00
  0.003681  -320.207479  -342.876075    0.000000  1.097177e-02  0.000000e+00
  0.003841  -320.219655  -343.017250    0.000000  1.126392e-02  0.000000e+00
  0.004001  -320.232059  -343.158420    0.000000  1.155202e-02  0.000000e+00
  0.004161  -320.244695  -343.299587    0.000000  1.183516e-02  0.000000e+00
  0.004321  -320.257570  -343.440752    0.000000  1.211242e-02  0.000000e+00
  0.004481  -320.270689  -343.581916    0.000000  1.238290e-02  0.000000e+00
  0.004641  -320.284059  -343.723080    0.000000  1.264569e-02  0.000000e+00
  0.004801  -320.297683  -343.864245    0.000000  1.289990e-02  0.000000e+00
  0.004961  -320.311569  -344.005412    0.000000  1.314462e-02  0.000000e+00
  0.005121  -320.325721  -344.146582    0.000000  1.337898e-02  0.000000e+00
  0.005281  -320.340143  -344.287755    0.000000  1.360208e-02  0.000000e+00
  0.005441  -320.354842  -344.428934    0.000000  1.381307e-02  0.000000e+00
  0.005601  -320.369821  -344.570118    0.000000  1.401106e-02  0.000000e+00
  0.005761  -320.385085  -344.711309    0.000000  1.419521e-02  0.000000e+00
  0.005921  -320.400638  -344.852507    0.000000  1.436466e-02  0.000000e+00
  0.006081  -320.416484  -344.993714    0.000000  1.451856e-02  0.000000e+00
  0.006241  -320.432625  -345.134930    0.000000  1.465609e-02  0.000000e+00
  0.006401  -320.449066  -345.276157    0.000000  1.477642e-02  0.000000e+00
  0.006561  -320.465809  -345.417394    0.000000  1.487875e-02  0.000000e+00
  0.006721  -320.482857  -345.558642    0.000000  1.496225e-02  0.000000e+00
  0.006881  -320.500211  -345.699904    0.000000  1.502615e-02  0.000000e+00
  0.007041  -320.517874  -345.841178    0.000000  1.506965e-02  0.000000e+00
  0.007201  -320.535846  -345.982466    0.000000  1.509199e-02  0.000000e+00
  0.007361  -320.554129  -346.123768    0.000000  1.509239e-02  0.000000e+00
  0.007521  -320.572723  -346.265085    0.000000  1.507012e-02  0.000000e+00
  0.007681  -320.591628  -346.406418    0.000000  1.502441e-02  0.000000e+00
  0.007841  -320.610844  -346.547766    0.000000  1.495455e-02  0.000000e+00
  0.008001  -320.630369  -346.689131    0.000000  1.485980e-02  0.000000e+00
  0.008161  -320.650202  -346.830513    0.000000  1.473945e-02  0.000000e+00
  0.008321  -320.670341  -346.971913    0.000000  1.459279e-02  0.000000e+00
  0.008481  -320.690783  -347.113329    0.000000  1.441912e-02  0.000000e+00
  0.008641  -320.711525  -347.254764    0.000000  1.421774e-02  0.000000e+00
  0.008801  -320.732564  -347.396217    0.000000  1.398797e-02  0.000000e+00
  0.008961  -320.753895  -347.537688    0.000000  1.372911e-02  0.000000e+00
  0.009121  -320.775513  -347.679177    0.000000  1.344050e-02  0.000000e+00
  0.009281  -320.797412  -347.820684    0.000000  1.312143e-02  0.000000e+00
  0.009442  -320.819587  -347.962210    0.000000  1.277124e-02  0.000000e+00
  0.009602  -320.842029  -348.103754    0.000000  1.238924e-02  0.000000e+00
  0.009762  -320.864733  -348.245316    0.000000  1.197474e-02  0.000000e+00
  0.009922  -320.887688  -348.386896    0.000000  1.152705e-02  0.000000e+00
  0.010082  -320.910887  -348.528494    0.000000  1.104547e-02  0.000000e+00
  0.010242  -320.934319  -348.670109    0.000000  1.052929e-02  0.000000e+00
  0.010402  -320.957974  -348.811741    0.000000  9.977785e-03  0.000000e+00
  0.010562  -320.981841  -348.953389    0.000000  9.390219e-03  0.000000e+00
  0.010722  -321.005906  -349.095053    0.000000  8.765837e-03  0.000000e+00
  0.010882  -321.030158  -349.236732    0.000000  8.103862e-03  0.000000e+00
  0.011042  -321.054582  -349.378426    0.000000  7.403494e-03  0.000000e+00
  0.011202  -321.079164  -349.520133    0.000000  6.663909e-03  0.000000e+00
  0.011362  -321.103887  -349.661853    0.000000  5.884250e-03  0.000000e+00
  0.011522  -321.128737  -349.803585    0.000000  5.063701e-03  0.000000e+00
  0.011682  -321.153695  -349.945328    0.000000  4.202881e-03  0.000000e+00
  0.011842  -321.178742  -350.087080    0.000000  3.303736e-03  0.000000e+00
  0.012002  -321.203861  -350.228841    0.000000  2.368221e-03  0.000000e+00
  0.012162  -321.229031  -350.370609    0.000000  1.398243e-03  0.000000e+00
  0.012322  -321.254231  -350.512383    0.000000  3.956710e-04  0.000000e+00
  0.012482  -321.279441  -350.654161    0.000000  6.376683e-04  0.000000e+00
  0.012642  -321.304637  -350.795942    0.000000  1.699984e-03  0.000000e+00
  0.012802  -321.329798  -350.937725    0.000000  2.789517e-03  0.000000e+00
  0.012962  -321.354900  -351.079507    0.000000  3.904538e-03  0.000000e+00
  0.013122  -321.379919  -351.221288    0.000000  5.043343e-03  0.000000e+00
  0.013282  -321.404832  -351.363065    0.000000  6.204248e-03  0.000000e+00
  0.013442  -321.429613  -351.504837    0.000000  7.385581e-03  0.000000e+00
  0.013602  -321.454237  -351.646602    0.000000  8.585683e-03  0.000000e+00
  0.013762  -321.478680  -351.788358    0.000000  9.802899e-03  0.000000e+00
  0.013922  -321.502916  -351.930104    0.000000  1.103557e-02  0.000000e+00
  0.014082  -321.526917  -352.071837    0.000000  1.228203e-02  0.000000e+00
  0.014242  -321.550659  -352.213557    0.000000  1.354061e-02  0.000000e+00
  0.014402  -321.574115  -352.355260    0.000000  1.480959e-02  0.000000e+00
  0.014562  -321.597259  -352.496946    0.000000  1.608727e-02  0.000000e+00
  0.014722  -321.620064  -352.638613    0.000000  1.737189e-02  0.000000e+00
  0.014882  -321.642503  -352.780258    0.000000  1.866164e-02  0.000000e+00
  0.015042  -321.664551  -352.921880    0.000000  1.995470e-02  0.000000e+00
  0.015202  -321.686180  -353.063478    0.000000  2.124918e-02  0.000000e+00
  0.015362  -321.707364  -353.205048    0.000000  2.254313e-02  0.000000e+00
  0.015522  -321.728078  -353.346590    0.000000  2.383455e-02  0.000000e+00
  0.015683  -321.748295  -353.488103    0.000000  2.512138e-02  0.000000e+00
  0.015843  -321.767989  -353.629583    0.000000  2.640147e-02  0.000000e+00
  0.016003  -321.787135  -353.771030    0.000000  2.767263e-02  0.000000e+00
  0.016163  -321.805709  -353.912443    0.000000  2.893255e-02  0.000000e+00
  0.016323  -321.823685  -354.053819    0.000000  3.017887e-02  0.000000e+00
  0.016483  -321.841038  -354.195157    0.000000  3.140915e-02  0.000000e+00
  0.016643  -321.857747  -354.336455    0.000000  3.262084e-02  0.000000e+00
  0.016803  -321.873786  -354.477714    0.000000  3.381135e-02  0.000000e+00
  0.016963  -321.889133  -354.618930    0.000000  3.497795e-02  0.000000e+00
  0.017123  -321.903767  -354.760103    0.000000  3.611788e-02  0.000000e+00
  0.017283  -321.917666  -354.901232    0.000000  3.722828e-02  0.000000e+00
  0.017443  -321.930809  -355.042316    0.000000  3.830621e-02  0.000000e+00
  0.017603  -321.943177  -355.183354    0.000000  3.934866e-02  0.000000e+00
  0.017763  -321.954749  -355.324344    0.000000  4.035256e-02  0.000000e+00
  0.017923  -321.965509  -355.465287    0.000000  4.131477e-02  0.000000e+00
  0.018083  -321.975438  -355.606182    0.000000  4.223212e-02  0.000000e+00
  0.018243  -321.984520  -355.747028    0.000000  4.310136e-02  0.000000e+00
  0.018403  -321.992739  -355.887824    0.000000  4.391924e-02  0.000000e+00
  0.018563  -322.000081  -356.028571    0.000000  4.468246e-02  0.000000e+00
  0.018723  -322.006533  -356.169268    0.000000  4.538773e-02  0.000000e+00
  0.018883  -322.012083  -356.309915    0.000000  4.603175e-02  0.000000e+00
  0.019043  -322.016718  -356.450512    0.000000  4.661122e-02  0.000000e+00
  0.019203  -322.020430  -356.591060    0.000000  4.712288e-02  0.000000e+00
  0.019363  -322.023210  -356.731558    0.000000  4.756349e-02  0.000000e+00
  0.019523  -322.025050  -356.872008    0.000000  4.792989e-02  0.000000e+00
  0.019683  -322.025944  -357.012410    0.000000  4.821894e-02  0.000000e+00
  0.019843  -322.025888  -357.152765    0.000000  4.842762e-02  0.000000e+00
  0.020003  -322.024879  -357.293073    0.000000  4.855296e-02  0.000000e+00
  0.020163  -322.022915  -357.433337    0.000000  4.859213e-02  0.000000e+00
  0.020323  -322.019995  -357.573556    0.000000  4.854257e-02  0.000000e+00
  0.020483  -322.016122  -357.713734    0.000000  4.840429e-02  0.000000e+00
  0.020643  -322.011297  -357.853871    0.000000  4.817897e-02  0.000000e+00
  0.020803  -322.005527  -357.993969    0.000000  4.786845e-02  0.000000e+00
  0.020963  -321.998816  -358.134030    0.000000  4.747472e-02  0.000000e+00
  0.021123  -321.991172  -358.274056    0.000000  4.699989e-02  0.000000e+00
  0.021283  -321.982604  -358.414051    0.000000  4.644621e-02  0.000000e+00
  0.021443  -321.973123  -358.554015    0.000000  4.581603e-02  0.000000e+00
  0.021603  -321.962740  -358.693952    0.000000  4.511182e-02  0.000000e+00
  0.021763  -321.951467  -358.833864    0.000000  4.433612e-02  0.000000e+00
  0.021924  -321.939319  -358.973754    0.000000  4.349156e-02  0.000000e+00
  0.022084  -321.926312  -359.113625    0.000000  4.258084e-02  0.000000e+00
  0.022244  -321.912462  -359.253480    0.000000  4.160671e-02  0.000000e+00
  0.022404  -321.897787  -359.393321    0.000000  4.057194e-02  0.000000e+00
  0.022564  -321.882306  -359.533153    0.000000  3.947935e-02  0.000000e+00
  0.022724  -321.866039  -359.672977    0.000000  3.833176e-02  0.000000e+00
  0.022884  -321.849007  -359.812799    0.000000  3.713200e-02  0.000000e+00
  0.023044  -321.831232  -359.952619    0.000000  3.588288e-02  0.000000e+00
  0.023204  -321.812738  -360.092443    0.000000  3.458719e-02  0.000000e+00
  0.023364  -321.793548  -360.232274    0.000000  3.324769e-02  0.000000e+00
  0.023524  -321.773688  -360.372114    0.000000  3.186710e-02  0.000000e+00
  0.023684  -321.753183  -360.511968    0.000000  3.044808e-02  0.000000e+00
  0.023844  -321.732060  -360.651839    0.000000  2.899324e-02  0.000000e+00
  0.024004  -321.710346  -360.791730    0.000000  2.750513e-02  0.000000e+00
  0.024164  -321.688071  -360.931644    0.000000  2.598622e-02  0.000000e+00
  0.024324  -321.665262  -361.071586    0.000000  2.443891e-02  0.000000e+00
  0.024484  -321.641950  -361.211559    0.000000  2.286552e-02  0.000000e+00
  0.024644  -321.618165  -361.351566    0.000000  2.126830e-02  0.000000e+00
  0.024804  -321.593939  -361.491610    0.000000  1.964941e-02  0.000000e+00
  0.024964  -321.569301  -361.631696    0.000000  1.801093e-02  0.000000e+00
  0.025124  -321.544286  -361.771825    0.000000  1.635487e-02  0.000000e+00
  0.025284  -321.518925  -361.912002    0.000000  1.468313e-02  0.000000e+00
  0.025444  -321.493252  -362.052230    0.000000  1.299757e-02  0.000000e+00
  0.025604  -321.467301  -362.192511    0.000000  1.129996e-02  0.000000e+00
  0.025764  -321.441104  -362.332850    0.000000  9.591972e-03  0.000000e+00
  0.025924  -321.414698  -362.473248    0.000000  7.875249e-03  0.000000e+00
  0.026084  -321.388116  -362.613709    0.000000  6.151348e-03  0.000000e+00
  0.026244  -321.361394  -362.754235    0.000000  4.421770e-03  0.000000e+00
  0.026404  -321.334566  -362.894830    0.000000  2.687963e-03  0.000000e+00
  0.026564  -321.307669  -363.035495    0.000000  9.513237e-04  0.000000e+00
  0.026724  -321.280738  -363.176233    0.000000  7.867936e-04  0.000000e+00
  0.026884  -321.253809  -363.317046    0.000000  2.525073e-03  0.000000e+00
  0.027044  -321.226918  -363.457938    0.000000  4.262231e-03  0.000000e+00
  0.027204  -321.200101  -363.598908    0.000000  5.997010e-03  0.000000e+00
  0.027364  -321.173395  -363.739960    0.000000  7.728173e-03  0.000000e+00
  0.027524  -321.146835  -363.881095    0.000000  9.454498e-03  0.000000e+00
  0.027684  -321.120458  -364.022314    0.000000  1.117477e-02  0.000000e+00
  0.027844  -321.094299  -364.163620    0.000000  1.288778e-02  0.000000e+00
  0.028004  -321.068395  -364.305012    0.000000  1.459232e-02  0.000000e+00
  0.028165  -321.042782  -364.446492    0.000000  1.628717e-02  0.000000e+00
  0.028325  -321.017494  -364.588061    0.000000  1.797108e-02  0.000000e+00
  0.028485  -320.992569  -364.729719    0.000000  1.964282e-02  0.000000e+00
  0.028645  -320.968040  -364.871466    0.000000  2.130112e-02  0.000000e+00
  0.028805  -320.943944  -365.013303    0.000000  2.294468e-02  0.000000e+00
  0.028965  -320.920313  -365.155230    0.000000  2.457217e-02  0.000000e+00
  0.029125  -320.897184  -365.297245    0.000000  2.618224e-02  0.000000e+00
  0.029285  -320.874590  -365.439349    0.000000  2.777351e-02  0.000000e+00
  0.029445  -320.852563  -365.581540    0.000000  2.934455e-02  0.000000e+00
  0.029605  -320.831139  -365.723818    0.000000  3.089390e-02  0.000000e+00
  0.029765  -320.810348  -365.866180    0.000000  3.242006e-02  0.000000e+00
  0.029925  -320.790223  -366.008626    0.000000  3.392149e-02  0.000000e+00
  0.030085  -320.770795  -366.151153    0.000000  3.539664e-02  0.000000e+00
  0.030245  -320.752096  -366.293758    0.000000  3.684388e-02  0.000000e+00
  0.030405  -320.734155  -366.436440    0.000000  3.826158e-02  0.000000e+00
  0.030565  -320.717002  -366.579195    0.000000  3.964807e-02  0.000000e+00
  0.030725  -320.700665  -366.722020    0.000000  4.100164e-02  0.000000e+00
  0.030885  -320.685174  -366.864912    0.000000  4.232057e-02  0.000000e+00
  0.031045  -320.670555  -367.007866    0.000000  4.360311e-02  0.000000e+00
  0.031205  -320.656835  -367.150878    0.000000  4.484751e-02  0.000000e+00
  0.031365  -320.644040  -367.293944    0.000000  4.605199e-02  0.000000e+00
  0.031525  -320.632193  -367.437058    0.000000  4.721507e-02  0.000000e+00
  0.031685  -320.621319  -367.580216    0.000000  4.833687e-02  0.000000e+00
  0.031845  -320.611442  -367.723412    0.000000  4.941810e-02  0.000000e+00
  0.032005  -320.602582  -367.866639    0.000000  5.045942e-02  0.000000e+00
  0.032165  -320.594761  -368.009892    0.000000  5.146151e-02  0.000000e+00
  0.032325  -320.588000  -368.153163    0.000000  5.242502e-02  0.000000e+00
  0.032485  -320.582317  -368.296446    0.000000  5.335060e-02  0.000000e+00
  0.032645  -320.577732  -368.439733    0.000000  5.423888e-02  0.000000e+00
  0.032805  -320.574261  -368.583017    0.000000  5.509049e-02  0.000000e+00
  0.032965  -320.571923  -368.726289    0.000000  5.590606e-02  0.000000e+00
  0.033125  -320.570732  -368.869542    0.000000  5.668621e-02  0.000000e+00
  0.033285  -320.570704  -369.012768    0.000000  5.743156e-02  0.000000e+00
  0.033445  -320.571854  -369.155957    0.000000  5.814273e-02  0.000000e+00
  0.033605  -320.574195  -369.299100    0.000000  5.882033e-02  0.000000e+00
  0.033765  -320.577741  -369.442190    0.000000  5.946500e-02  0.000000e+00
  0.033925  -320.582504  -369.585216    0.000000  6.007734e-02  0.000000e+00
  0.034085  -320.588494  -369.728169    0.000000  6.065798e-02  0.000000e+00
  0.034245  -320.595724  -369.871039    0.000000  6.120755e-02  0.000000e+00
  0.034406  -320.604202  -370.013816    0.000000  6.172668e-02  0.000000e+00
  0.034566  -320.613940  -370.156491    0.000000  6.221598e-02  0.000000e+00
  0.034726  -320.624944  -370.299053    0.000000  6.267611e-02  0.000000e+00
  0.034886  -320.637224  -370.441492    0.000000  6.310769e-02  0.000000e+00
  0.035046  -320.650787  -370.583798    0.000000  6.351135e-02  0.000000e+00
  0.035206  -320.665639  -370.725960    0.000000  6.388774e-02  0.000000e+00
  0.035366  -320.681788  -370.867967    0.000000  6.423749e-02  0.000000e+00
  0.035526  -320.699238  -371.009809    0.000000  6.456123e-02  0.000000e+00
  0.035686  -320.717995  -371.151474    0.000000  6.485962e-02  0.000000e+00
  0.035846  -320.738063  -371.292953    0.000000  6.513328e-02  0.000000e+00
  0.036006  -320.759446  -371.434233    0.000000  6.538284e-02  0.000000e+00
  0.036166  -320.782147  -371.575305    0.000000  6.560893e-02  0.000000e+00
  0.036326  -320.806170  -371.716157    0.000000  6.581218e-02  0.000000e+00
  0.036486  -320.831516  -371.856778    0.000000  6.599321e-02  0.000000e+00
  0.036646  -320.858188  -371.997157    0.000000  6.615262e-02  0.000000e+00
  0.036806  -320.886187  -372.137283    0.000000  6.629102e-02  0.000000e+00
  0.036966  -320.915513  -372.277145    0.000000  6.640900e-02  0.000000e+00
  0.037126  -320.946167  -372.416732    0.000000  6.650715e-02  0.000000e+00
  0.037286  -320.978150  -372.556033    0.000000  6.658604e-02  0.000000e+00
  0.037446  -321.011460  -372.695037    0.000000  6.664623e-02  0.000000e+00
  0.037606  -321.046097  -372.833733    0.000000  6.668825e-02  0.000000e+00
  0.037766  -321.082059  -372.972111    0.000000  6.671265e-02  0.000000e+00
  0.037926  -321.119344  -373.110160    0.000000  6.671994e-02  0.000000e+00
  0.038086  -321.157952  -373.247869    0.000000  6.671061e-02  0.000000e+00
  0.038246  -321.197879  -373.385227    0.000000  6.668514e-02  0.000000e+00
  0.038406  -321.239122  -373.522225    0.000000  6.664394e-02  0.000000e+00
  0.038566  -321.281679  -373.658852    0.000000  6.658730e-02  0.000000e+00
  0.038726  -321.325545  -373.795098    0.000000  6.651552e-02  0.000000e+00
  0.038886  -321.370718  -373.930953    0.000000  6.642891e-02  0.000000e+00
  0.039046  -321.417193  -374.066407    0.000000  6.632779e-02  0.000000e+00
  0.039206  -321.464965  -374.201450    0.000000  6.621250e-02  0.000000e+00
  0.039366  -321.514031  -374.336073    0.000000  6.608342e-02  0.000000e+00
  0.039526  -321.564384  -374.470266    0.000000  6.594090e-02  0.000000e+00
  0.039686  -321.616021  -374.604020    0.000000  6.578534e-02  0.000000e+00
  0.039846  -321.668934  -374.737326    0.000000  6.561714e-02  0.000000e+00
  0.040006  -321.723119  -374.870173    0.000000  6.543671e-02  0.000000e+00
  0.040166  -321.778569  -375.002555    0.000000  6.524447e-02  0.000000e+00
  0.040326  -321.835277  -375.134460    0.000000  6.504086e-02  0.000000e+00
  0.040486  -321.893238  -375.265882    0.000000  6.482631e-02  0.000000e+00
  0.040647  -321.952444  -375.396811    0.000000  6.460128e-02  0.000000e+00
  0.040807  -322.012888  -375.527238    0.000000  6.436622e-02  0.000000e+00
  0.040967  -322.074562  -375.657155    0.000000  6.412158e-02  0.000000e+00
  0.041127  -322.137460  -375.786554    0.000000  6.386784e-02  0.000000e+00
  0.041287  -322.201572  -375.915426    0.000000  6.360545e-02  0.000000e+00
  0.041447  -322.266892  -376.043764    0.000000  6.333490e-02  0.000000e+00
  0.041607  -322.333410  -376.171560    0.000000  6.305665e-02  0.000000e+00
  0.041767  -322.401118  -376.298805    0.000000  6.277117e-02  0.000000e+00
  0.041927  -322.470007  -376.425492    0.000000  6.247893e-02  0.000000e+00
  0.042087  -322.540069  -376.551614    0.000000  6.218041e-02  0.000000e+00
  0.042247  -322.611294  -376.677162    0.000000  6.187607e-02  0.000000e+00
  0.042407  -322.683673  -376.802129    0.000000  6.156637e-02  0.000000e+00
  0.042567  -322.757196  -376.926509    0.000000  6.125179e-02  0.000000e+00
  0.042727  -322.831854  -377.050294    0.000000  6.093276e-02  0.000000e+00
  0.042887  -322.907636  -377.173476    0.000000  6.060975e-02  0.000000e+00
  0.043047  -322.984534  -377.296049    0.000000  6.028320e-02  0.000000e+00
  0.043207  -323.062536  -377.418006    0.000000  5.995355e-02  0.000000e+00
  0.043367  -323.141632  -377.539341    0.000000  5.962123e-02  0.000000e+00
  0.043527  -323.221812  -377.660046    0.000000  5.928667e-02  0.000000e+00
  0.043687  -323.303065  -377.780114    0.000000  5.895028e-02  0.000000e+00
  0.043847  -323.385381  -377.899541    0.000000  5.861248e-02  0.000000e+00
  0.044007  -323.468748  -378.018318    0.000000  5.827365e-02  0.000000e+00
  0.044167  -323.553156  -378.136441    0.000000  5.793420e-02  0.000000e+00
  0.044327  -323.638593  -378.253902    0.000000  5.759450e-02  0.000000e+00
  0.044487  -323.725048  -378.370697    0.000000  5.725493e-02  0.000000e+00
  0.044647  -323.812509  -378.486818    0.000000  5.691585e-02  0.000000e+00
  0.044807  -323.900967  -378.602259    0.000000  5.657762e-02  0.000000e+00
  0.044967  -323.990408  -378.717017    0.000000  5.624057e-02  0.000000e+00
  0.045127  -324.080821  -378.831084    0.000000  5.590503e-02  0.000000e+00
  0.045287  -324.172195  -378.944454    0.000000  5.557134e-02  0.000000e+00
  0.045447  -324.264518  -379.057124    0.000000  5.523980e-02  0.000000e+00
  0.045607  -324.357778  -379.169087    0.000000  5.491071e-02  0.000000e+00
  0.045767  -324.451963  -379.280338    0.000000  5.458437e-02  0.000000e+00
  0.045927  -324.547061  -379.390871    0.000000  5.426106e-02  0.000000e+00
  0.046087  -324.643060  -379.500683    0.000000  5.394104e-02  0.000000e+00
  0.046247  -324.739948  -379.609767    0.000000  5.362458e-02  0.000000e+00
  0.046407  -324.837714  -379.718119    0.000000  5.331192e-02  0.000000e+00
  0.046567  -324.936345  -379.825734    0.000000  5.300332e-02  0.000000e+00
  0.046727  -325.035828  -379.932608    0.000000  5.269899e-02  0.000000e+00
  0.046888  -325.136153  -380.038736    0.000000  5.239917e-02  0.000000e+00
  0.047048  -325.237306  -380.144112    0.000000  5.210405e-02  0.000000e+00
  0.047208  -325.339275  -380.248734    0.000000  5.181385e-02  0.000000e+00
  0.047368  -325.442050  -380.352597    0.000000  5.152875e-02  0.000000e+00
  0.047528  -325.545616  -380.455695    0.000000  5.124893e-02  0.000000e+00
  0.047688  -325.649962  -380.558026    0.000000  5.097458e-02  0.000000e+00
  0.047848  -325.755077  -380.659585    0.000000  5.070585e-02  0.000000e+00
  0.048008  -325.860948  -380.760367    0.000000  5.044290e-02  0.000000e+00
  0.048168  -325.967562  -380.860370    0.000000  5.018588e-02  0.000000e+00
  0.048328  -326.074909  -380.959590    0.000000  4.993492e-02  0.000000e+00
  0.048488  -326.182975  -381.058021    0.000000  4.969016e-02  0.000000e+00
  0.048648  -326.291750  -381.155662    0.000000  4.945171e-02  0.000000e+00
  0.048808  -326.401221  -381.252508    0.000000  4.921970e-02  0.000000e+00
  0.048968  -326.511376  -381.348556    0.000000  4.899422e-02  0.000000e+00
  0.049128  -326.622205  -381.443803    0.000000  4.877537e-02  0.000000e+00
  0.049288  -326.733694  -381.538244    0.000000  4.856325e-02  0.000000e+00
  0.049448  -326.845833  -381.631877    0.000000  4.835793e-02  0.000000e+00
  0.049608  -326.958610  -381.724699    0.000000  4.815948e-02  0.000000e+00
  0.049768  -327.072014  -381.816707    0.000000  4.796798e-02  0.000000e+00
  0.049928  -327.186034  -381.907897    0.000000  4.778348e-02  0.000000e+00
  0.050088  -327.300658  -381.998266    0.000000  4.760603e-02  0.000000e+00
  0.050248  -327.415875  -382.087813    0.000000  4.743568e-02  0.000000e+00
  0.050408  -327.531674  -382.176533    0.000000  4.727246e-02  0.000000e+00
  0.050568  -327.648046  -382.264424    0.000000  4.711640e-02  0.000000e+00
  0.050728  -327.764977  -382.351484    0.000000  4.696752e-02  0.000000e+00
  0.050888  -327.882460  -382.437710    0.000000  4.682583e-02  0.000000e+00
  0.051048  -328.000482  -382.523099    0.000000  4.669134e-02  0.000000e+00
  0.051208  -328.119034  -382.607650    0.000000  4.656404e-02  0.000000e+00
  0.051368  -328.238106  -382.691359    0.000000  4.644392e-02  0.000000e+00
  0.051528  -328.357687  -382.774224    0.000000  4.633096e-02  0.000000e+00
  0.051688  -328.477768  -382.856244    0.000000  4.622502e-02  0.000000e+00
  0.051848  -328.598340  -382.937416    0.000000  4.612570e-02  0.000000e+00
  0.052008  -328.719392  -383.017737    0.000000  4.603260e-02  0.000000e+00
  0.052168  -328.840916  -383.097207    0.000000  4.594529e-02  0.000000e+00
  0.052328  -328.962903  -383.175822    0.000000  4.586337e-02  0.000000e+00
  0.052488  -329.085344  -383.253582    0.000000  4.578641e-02  0.000000e+00
  0.052648  -329.208229  -383.330484    0.000000  4.571400e-02  0.000000e+00
  0.052808  -329.331551  -383.406527    0.000000  4.564570e-02  0.000000e+00
  0.052968  -329.455301  -383.481709    0.000000  4.558109e-02  0.000000e+00
  0.053129  -329.579470  -383.556029    0.000000  4.551975e-02  0.000000e+00
  0.053289  -329.704051  -383.629485    0.000000  4.546124e-02  0.000000e+00
  0.053449  -329.829035  -383.702076    0.000000  4.540514e-02  0.000000e+00
  0.053609  -329.954415  -383.773801    0.000000  4.535101e-02  0.000000e+00
  0.053769  -330.080183  -383.844659    0.000000  4.529841e-02  0.000000e+00
  0.053929  -330.206332  -383.914649    0.000000  4.524691e-02  0.000000e+00
  0.054089  -330.332853  -383.983770    0.000000  4.519607e-02  0.000000e+00
  0.054249  -330.459741  -384.052022    0.000000  4.514545e-02  0.000000e+00
  0.054409  -330.586988  -384.119403    0.000000  4.509461e-02  0.000000e+00
  0.054569  -330.714586  -384.185914    0.000000  4.504311e-02  0.000000e+00
  0.054729  -330.842530  -384.251555    0.000000  4.499049e-02  0.000000e+00
  0.054889  -330.970812  -384.316324    0.000000  4.493633e-02  0.000000e+00
  0.055049  -331.099426  -384.380222    0.000000  4.488018e-02  0.000000e+00
  0.055209  -331.228365  -384.443250    0.000000  4.482159e-02  0.000000e+00
  0.055369  -331.357624  -384.505407    0.000000  4.476011e-02  0.000000e+00
  0.055529  -331.487196  -384.566694    0.000000  4.469532e-02  0.000000e+00
  0.055689  -331.617075  -384.627111    0.000000  4.462676e-02  0.000000e+00
  0.055849  -331.747255  -384.686659    0.000000  4.455400e-02  0.000000e+00
  0.056009  -331.877731  -384.745340    0.000000  4.447659e-02  0.000000e+00
  0.056169  -332.008497  -384.803154    0.000000  4.439410e-02  0.000000e+00
  0.056329  -332.139547  -384.860102    0.000000  4.430610e-02  0.000000e+00
  0.056489  -332.270876  -384.916186    0.000000  4.421215e-02  0.000000e+00
  0.056649  -332.402478  -384.971407    0.000000  4.411183e-02  0.000000e+00
  0.056809  -332.534350  -385.025767    0.000000  4.400471e-02  0.000000e+00
  0.056969  -332.666484  -385.079269    0.000000  4.389037e-02  0.000000e+00
  0.057129  -332.798877  -385.131914    0.000000  4.376840e-02  0.000000e+00
  0.057289  -332.931524  -385.183704    0.000000  4.363838e-02  0.000000e+00
  0.057449  -333.064420  -385.234642    0.000000  4.349992e-02  0.000000e+00
  0.057609  -333.197561  -385.284731    0.000000  4.335261e-02  0.000000e+00
  0.057769  -333.330941  -385.333974    0.000000  4.319605e-02  0.000000e+00
  0.057929  -333.464556  -385.382374    0.000000  4.302988e-02  0.000000e+00
  0.058089  -333.598403  -385.429934    0.000000  4.285370e-02  0.000000e+00
  0.058249  -333.732477  -385.476657    0.000000  4.266714e-02  0.000000e+00
  0.058409  -333.866774  -385.522548    0.000000  4.246985e-02  0.000000e+00
  0.058569  -334.001290  -385.567610    0.000000  4.226146e-02  0.000000e+00
  0.058729  -334.136020  -385.611848    0.000000  4.204165e-02  0.000000e+00
  0.058889  -334.270962  -385.655266    0.000000  4.181006e-02  0.000000e+00
  0.059049  -334.406111  -385.697869    0.000000  4.156637e-02  0.000000e+00
  0.059209  -334.541464  -385.739661    0.000000  4.131028e-02  0.000000e+00
  0.059369  -334.677017  -385.780647    0.000000  4.104146e-02  0.000000e+00
  0.059530  -334.812767  -385.820834    0.000000  4.075964e-02  0.000000e+00
  0.059690  -334.948710  -385.860226    0.000000  4.046452e-02  0.000000e+00
  0.059850  -335.084843  -385.898830    0.000000  4.015583e-02  0.000000e+00
  0.060010  -335.221163  -385.936652    0.000000  3.983331e-02  0.000000e+00
  0.060170  -335.357666  -385.973697    0.000000  3.949671e-02  0.000000e+00
  0.060330  -335.494350  -386.009973    0.000000  3.914579e-02  0.000000e+00
  0.060490  -335.631212  -386.045486    0.000000  3.878033e-02  0.000000e+00
  0.060650  -335.768248  -386.080243    0.000000  3.840010e-02  0.000000e+00
  0.060810  -335.905456  -386.114253    0.000000  3.800491e-02  0.000000e+00
  0.060970  -336.042833  -386.147522    0.000000  3.759456e-02  0.000000e+00
  0.061130  -336.180376  -386.180059    0.000000  3.716897e-02  0.000000e+00
  0.061290  -336.318082  -386.211871    0.000000  3.672852e-02  0.000000e+00
  0.061450  -336.455950  -386.242968    0.000000  3.627374e-02  0.000000e+00
  0.061610  -336.593975  -386.273357    0.000000  3.580516e-02  0.000000e+00
  0.061770  -336.732157  -386.303049    0.000000  3.532334e-02  0.000000e+00
  0.061930  -336.870492  -386.332052    0.000000  3.482885e-02  0.000000e+00
  0.062090  -337.008978  -386.360375    0.000000  3.432226e-02  0.000000e+00
  0.062250  -337.147613  -386.388029    0.000000  3.380416e-02  0.000000e+00
  0.062410  -337.286395  -386.415023    0.000000  3.327515e-02  0.000000e+00
  0.062570  -337.425320  -386.441368    0.000000  3.273583e-02  0.000000e+00
  0.062730  -337.564388  -386.467073    0.000000  3.218681e-02  0.000000e+00
  0.062890  -337.703596  -386.492149    0.000000  3.162871e-02  0.000000e+00
  0.063050  -337.842941  -386.516607    0.000000  3.106215e-02  0.000000e+00
  0.063210  -337.982423  -386.540457    0.000000  3.048774e-02  0.000000e+00
  0.063370  -338.122038  -386.563711    0.000000  2.990613e-02  0.000000e+00
  0.063530  -338.261785  -386.586379    0.000000  2.931793e-02  0.000000e+00
  0.063690  -338.401662  -386.608472    0.000000  2.872378e-02  0.000000e+00
  0.063850  -338.541667  -386.630002    0.000000  2.812430e-02  0.000000e+00
  0.064010  -338.681798  -386.650981    0.000000  2.752013e-02  0.000000e+00
  0.064170  -338.822054  -386.671419    0.000000  2.691188e-02  0.000000e+00
  0.064330  -338.962432  -386.691329    0.000000  2.630018e-02  0.000000e+00
  0.064490  -339.102931  -386.710721    0.000000  2.568566e-02  0.000000e+00
  0.064650  -339.243549  -386.729608    0.000000  2.506892e-02  0.000000e+00
  0.064810  -339.384284  -386.748001    0.000000  2.445059e-02  0.000000e+00
  0.064970  -339.525135  -386.765913    0.000000  2.383126e-02  0.000000e+00
  0.065130  -339.666100  -386.783354    0.000000  2.321155e-02  0.000000e+00
  0.065290  -339.807177  -386.800337    0.000000  2.259206e-02  0.000000e+00
  0.065450  -339.948364  -386.816874    0.000000  2.197336e-02  0.000000e+00
  0.065610  -340.089661  -386.832976    0.000000  2.135606e-02  0.000000e+00
  0.065771  -340.231065  -386.848655    0.000000  2.074073e-02  0.000000e+00
  0.065931  -340.372575  -386.863923    0.000000  2.012794e-02  0.000000e+00
  0.066091  -340.514189  -386.878792    0.000000  1.951827e-02  0.000000e+00
  0.066251  -340.655905  -386.893274    0.000000  1.891227e-02  0.000000e+00
  0.066411  -340.797722  -386.907380    0.000000  1.831050e-02  0.000000e+00
  0.066571  -340.939639  -386.921122    0.000000  1.771350e-02  0.000000e+00
  0.066731  -341.081654  -386.934511    0.000000  1.712182e-02  0.000000e+00
  0.066891  -341.223765  -386.947560    0.000000  1.653599e-02  0.000000e+00
  0.067051  -341.365970  -386.960278    0.000000  1.595654e-02  0.000000e+00
  0.067211  -341.508268  -386.972678    0.000000  1.538398e-02  0.000000e+00
  0.067371  -341.650658  -386.984771    0.000000  1.481884e-02  0.000000e+00
  0.067531  -341.793138  -386.996567    0.000000  1.426162e-02  0.000000e+00
  0.067691  -341.935706  -387.008078    0.000000  1.371282e-02  0.000000e+00
  0.067851  -342.078360  -387.019315    0.000000  1.317295e-02  0.000000e+00
  0.068011  -342.221100  -387.030287    0.000000  1.264249e-02  0.000000e+00
  0.068171  -342.363922  -387.041006    0.000000  1.212192e-02  0.000000e+00
  0.068331  -342.506827  -387.051481    0.000000  1.161173e-02  0.000000e+00
  0.068491  -342.649811  -387.061723    0.000000  1.111239e-02  0.000000e+00
  0.068651  -342.792874  -387.071741    0.000000  1.062438e-02  0.000000e+00
  0.068811  -342.936012  -387.081546    0.000000  1.014815e-02  0.000000e+00
  0.068971  -343.079226  -387.091146    0.000000  9.684177e-03  0.000000e+00
  0.069131  -343.222513  -387.100551    0.000000  9.232913e-03  0.000000e+00
  0.069291  -343.365871  -387.109769    0.000000  8.794812e-03  0.000000e+00
  0.069451  -343.509298  -387.118810    0.000000  8.370327e-03  0.000000e+00
  0.069611  -343.652792  -387.127682    0.000000  7.959906e-03  0.000000e+00
  0.069771  -343.796352  -387.136393    0.000000  7.563994e-03  0.000000e+00
  0.069931  -343.939975  -387.144951    0.000000  7.183035e-03  0.000000e+00
  0.070091  -344.083661  -387.153364    0.000000  6.817470e-03  0.000000e+00
  0.070251  -344.227405  -387.161638    0.000000  6.467741e-03  0.000000e+00
  0.070411  -344.371207  -387.169782    0.000000  6.134284e-03  0.000000e+00
  0.070571  -344.515065  -387.177801    0.000000  5.817540e-03  0.000000e+00
  0.070731  -344.658976  -387.185702    0.000000  5.517894e-03  0.000000e+00
  0.070891  -344.802937  -387.193491    0.000000  5.235275e-03  0.000000e+00
  0.071051  -344.946948  -387.201173    0.000000  4.969353e-03  0.000000e+00
  0.071211  -345.091005  -387.208755    0.000000  4.719799e-03  0.000000e+00
  0.071371  -345.235106  -387.216240    0.000000  4.486287e-03  0.000000e+00
  0.071531  -345.379249  -387.223634    0.000000  4.268491e-03  0.000000e+00
  0.071691  -345.523432  -387.230941    0.000000  4.066089e-03  0.000000e+00
  0.071851  -345.667652  -387.238164    0.000000  3.878760e-03  0.000000e+00
  0.072012  -345.811906  -387.245309    0.000000  3.706189e-03  0.000000e+00
  0.072172  -345.956192  -387.252377    0.000000  3.548061e-03  0.000000e+00
  0.072332  -346.100507  -387.259373    0.000000  3.404064e-03  0.000000e+00
  0.072492  -346.244850  -387.266299    0.000000  3.273890e-03  0.000000e+00
  0.072652  -346.389216  -387.273158    0.000000  3.157236e-03  0.000000e+00
  0.072812  -346.533605  -387.279951    0.000000  3.053798e-03  0.000000e+00
  0.072972  -346.678012  -387.286682    0.000000  2.963278e-03  0.000000e+00
  0.073132  -346.822436  -387.293351    0.000000  2.885382e-03  0.000000e+00
  0.073292  -346.966874  -387.299961    0.000000  2.819816e-03  0.000000e+00
  0.073452  -347.111323  -387.306512    0.000000  2.766293e-03  0.000000e+00
  0.073612  -347.255780  -387.313005    0.000000  2.724527e-03  0.000000e+00
  0.073772  -347.400242  -387.319442    0.000000  2.694234e-03  0.000000e+00
  0.073932  -347.544708  -387.325823    0.000000  2.675137e-03  0.000000e+00
  0.074092  -347.689174  -387.332147    0.000000  2.666958e-03  0.000000e+00
  0.074252  -347.833637  -387.338415    0.000000  2.669424e-03  0.000000e+00
  0.074412  -347.978095  -387.344628    0.000000  2.682264e-03  0.000000e+00
  0.074572  -348.122544  -387.350784    0.000000  2.705210e-03  0.000000e+00
  0.074732  -348.266983  -387.356882    0.000000  2.737998e-03  0.000000e+00
  0.074892  -348.411409  -387.362923    0.000000  2.780364e-03  0.000000e+00
  0.075052  -348.555818  -387.368905    0.000000  2.832048e-03  0.000000e+00
  0.075212  -348.700208  -387.374828    0.000000  2.892792e-03  0.000000e+00
  0.075372  -348.844576  -387.380688    0.000000  2.962340e-03  0.000000e+00
  0.075532  -348.988920  -387.386486    0.000000  3.040438e-03  0.000000e+00
  0.075692  -349.133236  -387.392219    0.000000  3.126834e-03  0.000000e+00
  0.075852  -349.277523  -387.397886    0.000000  3.221277e-03  0.000000e+00
  0.076012  -349.421777  -387.403485    0.000000  3.323518e-03  0.000000e+00
  0.076172  -349.565996  -387.409012    0.000000  3.433309e-03  0.000000e+00
  0.076332  -349.710177  -387.414467    0.000000  3.550405e-03  0.000000e+00
  0.076492  -349.854317  -387.419846    0.000000  3.674558e-03  0.000000e+00
  0.076652  -349.998415  -387.425147    0.000000  3.805525e-03  0.000000e+00
  0.076812  -350.142466  -387.430367    0.000000  3.943061e-03  0.000000e+00
  0.076972  -350.286470  -387.435504    0.000000  4.086922e-03  0.000000e+00
  0.077132  -350.430422  -387.440554    0.000000  4.236864e-03  0.000000e+00
  0.077292  -350.574322  -387.445514    0.000000  4.392645e-03  0.000000e+00
  0.077452  -350.718165  -387.450381    0.000000  4.554019e-03  0.000000e+00
  0.077612  -350.861951  -387.455152    0.000000  4.720743e-03  0.000000e+00
  0.077772  -351.005676  -387.459823    0.000000  4.892571e-03  0.000000e+00
  0.077932  -351.149339  -387.464391    0.000000  5.069258e-03  0.000000e+00
  0.078092  -351.292936  -387.468852    0.000000  5.250558e-03  0.000000e+00
  0.078253  -351.436465  -387.473202    0.000000  5.436220e-03  0.000000e+00
  0.078413  -351.579926  -387.477439    0.000000  5.625997e-03  0.000000e+00
  0.078573  -351.723314  -387.481557    0.000000  5.819637e-03  0.000000e+00
  0.078733  -351.866628  -387.485554    0.000000  6.016887e-03  0.000000e+00
  0.078893  -352.009867  -387.489425    0.000000  6.217490e-03  0.000000e+00
  0.079053  -352.153028  -387.493166    0.000000  6.421190e-03  0.000000e+00
  0.079213  -352.296108  -387.496774    0.000000  6.627727e-03  0.000000e+00
  0.079373  -352.439107  -387.500243    0.000000  6.836836e-03  0.000000e+00
  0.079533  -352.582022  -387.503571    0.000000  7.048252e-03  0.000000e+00
  0.079693  -352.724852  -387.506753    0.000000  7.261706e-03  0.000000e+00
  0.079853  -352.867594  -387.509785    0.000000  7.476926e-03  0.000000e+00
  0.080013  -353.010247  -387.512663    0.000000  7.693634e-03  0.000000e+00
  0.080173  -353.152811  -387.515382    0.000000  7.911552e-03  0.000000e+00
  0.080333  -353.295282  -387.517939    0.000000  8.130395e-03  0.000000e+00
  0.080493  -353.437659  -387.520330    0.000000  8.349875e-03  0.000000e+00
  0.080653  -353.579942  -387.522549    0.000000  8.569700e-03  0.000000e+00
  0.080813  -353.722129  -387.524594    0.000000  8.789573e-03  0.000000e+00
  0.080973  -353.864219  -387.526459    0.000000  9.009193e-03  0.000000e+00
  0.081133  -354.006210  -387.528142    0.000000  9.228254e-03  0.000000e+00
  0.081293  -354.148101  -387.529638    0.000000  9.446445e-03  0.000000e+00
  0.081453  -354.289892  -387.530942    0.000000  9.663450e-03  0.000000e+00
  0.081613  -354.431582  -387.532052    0.000000  9.878949e-03  0.000000e+00
  0.081773  -354.573169  -387.532962    0.000000  1.009261e-02  0.000000e+00
  0.081933  -354.714653  -387.533670    0.000000  1.030412e-02  0.000000e+00
  0.082093  -354.856034  -387.534171    0.000000  1.051312e-02  0.000000e+00
  0.082253  -354.997310  -387.534462    0.000000  1.071927e-02  0.000000e+00
  0.082413  -355.138482  -387.534539    0.000000  1.092224e-02  0.000000e+00
  0.082573  -355.279549  -387.534399    0.000000  1.112167e-02  0.000000e+00
  0.082733  -355.420511  -387.534037    0.000000  1.131719e-02  0.000000e+00
  0.082893  -355.561367  -387.533452    0.000000  1.150845e-02  0.000000e+00
  0.083053  -355.702118  -387.532638    0.000000  1.169508e-02  0.000000e+00
  0.083213  -355.842763  -387.531594    0.000000  1.187670e-02  0.000000e+00
  0.083373  -355.983303  -387.530316    0.000000  1.205294e-02  0.000000e+00
  0.083533  -356.123738  -387.528801    0.000000  1.222341e-02  0.000000e+00
  0.083693  -356.264069  -387.527046    0.000000  1.238773e-02  0.000000e+00
  0.083853  -356.404295  -387.525049    0.000000  1.254549e-02  0.000000e+00
  0.084013  -356.544418  -387.522807    0.000000  1.269631e-02  0.000000e+00
  0.084173  -356.684438  -387.520318    0.000000  1.283978e-02  0.000000e+00
  0.084333  -356.824356  -387.517578    0.000000  1.297550e-02  0.000000e+00
  0.084494  -356.964173  -387.514587    0.000000  1.310306e-02  0.000000e+00
  0.084654  -357.103890  -387.511342    0.000000  1.322204e-02  0.000000e+00
  0.084814  -357.243508  -387.507841    0.000000  1.333203e-02  0.000000e+00
  0.084974  -357.383028  -387.504082    0.000000  1.343262e-02  0.000000e+00
  0.085134  -357.522453  -387.500065    0.000000  1.352338e-02  0.000000e+00
  0.085294  -357.661783  -387.495788    0.000000  1.360389e-02  0.000000e+00
  0.085454  -357.801021  -387.491249    0.000000  1.367373e-02  0.000000e+00
  0.085614  -357.940167  -387.486448    0.000000  1.373247e-02  0.000000e+00
  0.085774  -358.079225  -387.481384    0.000000  1.377969e-02  0.000000e+00
  0.085934  -358.218196  -387.476056    0.000000  1.381497e-02  0.000000e+00
  0.086094  -358.357082  -387.470464    0.000000  1.383788e-02  0.000000e+00
  0.086254  -358.495886  -387.464608    0.000000  1.384800e-02  0.000000e+00
  0.086414  -358.634611  -387.458489    0.000000  1.384491e-02  0.000000e+00
  0.086574  -358.773258  -387.452105    0.000000  1.382820e-02  0.000000e+00
  0.086734  -358.911832  -387.445459    0.000000  1.379744e-02  0.000000e+00
  0.086894  -359.050334  -387.438550    0.000000  1.375223e-02  0.000000e+00
  0.087054  -359.188769  -387.431381    0.000000  1.369216e-02  0.000000e+00
  0.087214  -359.327138  -387.423951    0.000000  1.361683e-02  0.000000e+00
  0.087374  -359.465447  -387.416263    0.000000  1.352585e-02  0.000000e+00
  0.087534  -359.603698  -387.408318    0.000000  1.341883e-02  0.000000e+00
  0.087694  -359.741895  -387.400119    0.000000  1.329538e-02  0.000000e+00
  0.087854  -359.880042  -387.391667    0.000000  1.315514e-02  0.000000e+00
  0.088014  -360.018143  -387.382966    0.000000  1.299774e-02  0.000000e+00
  0.088174  -360.156202  -387.374019    0.000000  1.282329e-02  0.000000e+00
  0.088334  -360.294224  -387.364828    0.000000  1.263249e-02  0.000000e+00
  0.088494  -360.432213  -387.355396    0.000000  1.242612e-02  0.000000e+00
  0.088654  -360.570175  -387.345729    0.000000  1.220498e-02  0.000000e+00
  0.088814  -360.708113  -387.335829    0.000000  1.196989e-02  0.000000e+00
  0.088974  -360.846033  -387.325701    0.000000  1.172168e-02  0.000000e+00
  0.089134  -360.983940  -387.315350    0.000000  1.146118e-02  0.000000e+00
  0.089294  -361.121839  -387.304779    0.000000  1.118925e-02  0.000000e+00
  0.089454  -361.259735  -387.293993    0.000000  1.090676e-02  0.000000e+00
  0.089614  -361.397634  -387.282998    0.000000  1.061459e-02  0.000000e+00
  0.089774  -361.535541  -387.271799    0.000000  1.031364e-02  0.000000e+00
  0.089934  -361.673462  -387.260400    0.000000  1.000479e-02  0.000000e+00
  0.090094  -361.811402  -387.248808    0.000000  9.688951e-03  0.000000e+00
  0.090254  -361.949367  -387.237027    0.000000  9.367042e-03  0.000000e+00
  0.090414  -362.087363  -387.225063    0.000000  9.039978e-03  0.000000e+00
  0.090574  -362.225395  -387.212921    0.000000  8.708679e-03  0.000000e+00
  0.090735  -362.363468  -387.200608    0.000000  8.374070e-03  0.000000e+00
  0.090895  -362.501589  -387.188129    0.000000  8.037077e-03  0.000000e+00
  0.091055  -362.639764  -387.175490    0.000000  7.698623e-03  0.000000e+00
  0.091215  -362.777998  -387.162697    0.000000  7.359634e-03  0.000000e+00
  0.091375  -362.916296  -387.149755    0.000000  7.021031e-03  0.000000e+00
  0.091535  -363.054665  -387.136670    0.000000  6.683731e-03  0.000000e+00
  0.091695  -363.193110  -387.123449    0.000000  6.348646e-03  0.000000e+00
  0.091855  -363.331637  -387.110096    0.000000  6.016685e-03  0.000000e+00
  0.092015  -363.470250  -387.096617    0.000000  5.688746e-03  0.000000e+00
  0.092175  -363.608957  -387.083019    0.000000  5.365719e-03  0.000000e+00
  0.092335  -363.747761  -387.069305    0.000000  5.048488e-03  0.000000e+00
  0.092495  -363.886669  -387.055483    0.000000  4.737923e-03  0.000000e+00
  0.092655  -364.025686  -387.041558    0.000000  4.434886e-03  0.000000e+00
  0.092815  -364.164816  -387.027533    0.000000  4.140225e-03  0.000000e+00
  0.092975  -364.304065  -387.013415    0.000000  3.854776e-03  0.000000e+00
  0.093135  -364.443437  -386.999209    0.000000  3.579361e-03  0.000000e+00
  0.093295  -364.582938  -386.984919    0.000000  3.314791e-03  0.000000e+00
  0.093455  -364.722572  -386.970550    0.000000  3.061858e-03  0.000000e+00
  0.093615  -364.862343  -386.956105    0.000000  2.821344e-03  0.000000e+00
  0.093775  -365.002256  -386.941590    0.000000  2.594012e-03  0.000000e+00
  0.093935  -365.142314  -386.927008    0.000000  2.380612e-03  0.000000e+00
  0.094095  -365.282523  -386.912363    0.000000  2.181876e-03  0.000000e+00
  0.094255  -365.422885  -386.897658    0.000000  1.998523e-03  0.000000e+00
  0.094415  -365.563404  -386.882897    0.000000  1.831256e-03  0.000000e+00
  0.094575  -365.704083  -386.868082    0.000000  1.680761e-03  0.000000e+00
  0.094735  -365.844926  -386.853216    0.000000  1.547709e-03  0.000000e+00
  0.094895  -365.985936  -386.838301    0.000000  1.432758e-03  0.000000e+00
  0.095055  -366.127115  -386.823339    0.000000  1.336548e-03  0.000000e+00
  0.095215  -366.268465  -386.808331    0.000000  1.259710e-03  0.000000e+00
  0.095375  -366.409989  -386.793280    0.000000  1.202856e-03  0.000000e+00
  0.095535  -366.551689  -386.778185    0.000000  1.166590e-03  0.000000e+00
  0.095695  -366.693567  -386.763047    0.000000  1.151501e-03  0.000000e+00
  0.095855  -366.835623  -386.747867    0.000000  1.158170e-03  0.000000e+00
  0.096015  -366.977859  -386.732644    0.000000  1.187166e-03  0.000000e+00
  0.096175  -367.120275  -386.717376    0.000000  1.239050e-03  0.000000e+00
  0.096335  -367.262873  -386.702064    0.000000  1.314376e-03  0.000000e+00
  0.096495  -367.405651  -386.686705    0.000000  1.413691e-03  0.000000e+00
  0.096655  -367.548611  -386.671297    0.000000  1.537538e-03  0.000000e+00
  0.096815  -367.691751  -386.655838    0.000000  1.686458e-03  0.000000e+00
  0.096976  -367.835071  -386.640324    0.000000  1.860988e-03  0.000000e+00
  0.097136  -367.978569  -386.624751    0.000000  2.061669e-03  0.000000e+00
  0.097296  -368.122244  -386.609116    0.000000  2.289042e-03  0.000000e+00
  0.097456  -368.266093  -386.593414    0.000000  2.543652e-03  0.000000e+00
  0.097616  -368.410115  -386.577639    0.000000  2.826052e-03  0.000000e+00
  0.097776  -368.554306  -386.561786    0.000000  3.136802e-03  0.000000e+00
  0.097936  -368.698664  -386.545848    0.000000  3.476473e-03  0.000000e+00
  0.098096  -368.843185  -386.529818    0.000000  3.845651e-03  0.000000e+00
  0.098256  -368.987864  -386.513688    0.000000  4.244936e-03  0.000000e+00
  0.098416  -369.132698  -386.497451    0.000000  4.674947e-03  0.000000e+00
  0.098576  -369.277681  -386.481096    0.000000  5.136323e-03  0.000000e+00
  0.098736  -369.422808  -386.464615    0.000000  5.629729e-03  0.000000e+00
  0.098896  -369.568074  -386.447998    0.000000  6.155854e-03  0.000000e+00
  0.099056  -369.713471  -386.431232    0.000000  6.715418e-03  0.000000e+00
  0.099216  -369.858994  -386.414307    0.000000  7.309173e-03  0.000000e+00
  0.099376  -370.004635  -386.397210    0.000000  7.937908e-03  0.000000e+00
  0.099536  -370.150386  -386.379928    0.000000  8.602450e-03  0.000000e+00
  0.099696  -370.296239  -386.362446    0.000000  9.303667e-03  0.000000e+00
  0.099856  -370.442185  -386.344752    0.000000  1.004247e-02  0.000000e+00
  0.100016  -370.588215  -386.326828    0.000000  1.081984e-02  0.000000e+00
  0.100176  -370.734319  -386.308658    0.000000  1.163677e-02  0.000000e+00
  0.100336  -370.880486  -386.290226    0.000000  1.249434e-02  0.000000e+00
  0.100496  -371.026706  -386.271514    0.000000  1.339369e-02  0.000000e+00
  0.100656  -371.172967  -386.252503    0.000000  1.433600e-02  0.000000e+00
  0.100816  -371.319258  -386.233174    0.000000  1.532254e-02  0.000000e+00
  0.100976  -371.465564  -386.213505    0.000000  1.635463e-02  0.000000e+00
  0.101136  -371.611874  -386.193476    0.000000  1.743369e-02  0.000000e+00
  0.101296  -371.758172  -386.173065    0.000000  1.856118e-02  0.000000e+00
  0.101456  -371.904445  -386.152248    0.000000  1.973866e-02  0.000000e+00
  0.101616  -372.050678  -386.131001    0.000000  2.096745e-02  0.000000e+00
  0.101776  -372.196854  -386.109300    0.000000  2.224684e-02  0.000000e+00
  0.101936  -372.342958  -386.087118    0.000000  2.357537e-02  0.000000e+00
  0.102096  -372.488972  -386.064429    0.000000  2.495163e-02  0.000000e+00
  0.102256  -372.634879  -386.041206    0.000000  2.637428e-02  0.000000e+00
  0.102416  -372.780660  -386.017419    0.000000  2.784200e-02  0.000000e+00
  0.102576  -372.926298  -385.993041    0.000000  2.935354e-02  0.000000e+00
  0.102736  -373.071772  -385.968042    0.000000  3.090763e-02  0.000000e+00
  0.102896  -373.217064  -385.942391    0.000000  3.250305e-02  0.000000e+00
  0.103056  -373.362152  -385.916057    0.000000  3.413857e-02  0.000000e+00
  0.103217  -373.507018  -385.889011    0.000000  3.581296e-02  0.000000e+00
  0.103377  -373.651638  -385.861220    0.000000  3.752495e-02  0.000000e+00
  0.103537  -373.795992  -385.832652    0.000000  3.927326e-02  0.000000e+00
  0.103697  -373.940058  -385.803276    0.000000  4.105655e-02  0.000000e+00
  0.103857  -374.083814  -385.773058    0.000000  4.287343e-02  0.000000e+00
  0.104017  -374.227237  -385.741965    0.000000  4.472242e-02  0.000000e+00
  0.104177  -374.370305  -385.709966    0.000000  4.660198e-02  0.000000e+00
  0.104337  -374.512993  -385.677028    0.000000  4.851044e-02  0.000000e+00
  0.104497  -374.655278  -385.643116    0.000000  5.044603e-02  0.000000e+00
  0.104657  -374.797137  -385.608198    0.000000  5.240686e-02  0.000000e+00
  0.104817  -374.938544  -385.572242    0.000000  5.439087e-02  0.000000e+00
  0.104977  -375.079477  -385.535214    0.000000  5.639588e-02  0.000000e+00
  0.105137  -375.219910  -385.497082    0.000000  5.841951e-02  0.000000e+00
  0.105297  -375.359818  -385.457813    0.000000  6.045922e-02  0.000000e+00
  0.105457  -375.499177  -385.417375    0.000000  6.251225e-02  0.000000e+00
  0.105617  -375.637960  -385.375736    0.000000  6.457569e-02  0.000000e+00
  0.105777  -375.776144  -385.332865    0.000000  6.664636e-02  0.000000e+00
  0.105937  -375.913702  -385.288731    0.000000  6.872092e-02  0.000000e+00
  0.106097  -376.050609  -385.243303    0.000000  7.079577e-02  0.000000e+00
  0.106257  -376.186839  -385.196551    0.000000  7.286711e-02  0.000000e+00
  0.106417  -376.322367  -385.148446    0.000000  7.493091e-02  0.000000e+00
  0.106577  -376.457166  -385.098958    0.000000  7.698292e-02  0.000000e+00
  0.106737  -376.591212  -385.048061    0.000000  7.901870e-02  0.000000e+00
  0.106897  -376.724477  -384.995725    0.000000  8.103358e-02  0.000000e+00
  0.107057  -376.856937  -384.941925    0.000000  8.302272e-02  0.000000e+00
  0.107217  -376.988566  -384.886635    0.000000  8.498111e-02  0.000000e+00
  0.107377  -377.119338  -384.829831    0.000000  8.690357e-02  0.000000e+00
  0.107537  -377.249227  -384.771487    0.000000  8.878482e-02  0.000000e+00
  0.107697  -377.378207  -384.711582    0.000000  9.061947e-02  0.000000e+00
  0.107857  -377.506254  -384.650094    0.000000  9.240208e-02  0.000000e+00
  0.108017  -377.633342  -384.587001    0.000000  9.412715e-02  0.000000e+00
  0.108177  -377.759446  -384.522285    0.000000  9.578924e-02  0.000000e+00
  0.108337  -377.884540  -384.455927    0.000000  9.738292e-02  0.000000e+00
  0.108497  -378.008601  -384.387910    0.000000  9.890287e-02  0.000000e+00
  0.108657  -378.131603  -384.318219    0.000000  1.003439e-01  0.000000e+00
  0.108817  -378.253522  -384.246839    0.000000  1.017011e-01  0.000000e+00
  0.108977  -378.374334  -384.173756    0.000000  1.029697e-01  0.000000e+00
  0.109137  -378.494016  -384.098961    0.000000  1.041453e-01  0.000000e+00
  0.109297  -378.612542  -384.022442    0.000000  1.052237e-01  0.000000e+00
  0.109458  -378.729891  -383.944193    0.000000  1.062012e-01  0.000000e+00
  0.109618  -378.846040  -383.864205    0.000000  1.070745e-01  0.000000e+00
  0.109778  -378.960965  -383.782474    0.000000  1.078408e-01  0.000000e+00
  0.109938  -379.074644  -383.698998    0.000000  1.084977e-01  0.000000e+00
  0.110098  -379.187057  -383.613773    0.000000  1.090434e-01  0.000000e+00
  0.110258  -379.298180  -383.526802    0.000000  1.094767e-01  0.000000e+00
  0.110418  -379.407993  -383.438087    0.000000  1.097968e-01  0.000000e+00
  0.110578  -379.516477  -383.347631    0.000000  1.100036e-01  0.000000e+00
  0.110738  -379.623609  -383.255441    0.000000  1.100978e-01  0.000000e+00
  0.110898  -379.729372  -383.161526    0.000000  1.100836e-01  0.000000e+00
  0.111058  -379.833745  -383.065896    0.000000  1.099676e-01  0.000000e+00
  0.111218  -379.936710  -382.968564    0.000000  1.097566e-01  0.000000e+00
  0.111378  -380.038249  -382.869543    0.000000  1.094575e-01  0.000000e+00
  0.111538  -380.138344  -382.768851    0.000000  1.090774e-01  0.000000e+00
  0.111698  -380.236978  -382.666504    0.000000  1.086231e-01  0.000000e+00
  0.111858  -380.334135  -382.562523    0.000000  1.081017e-01  0.000000e+00
  0.112018  -380.429797  -382.456929    0.000000  1.075200e-01  0.000000e+00
  0.112178  -380.523949  -382.349744    0.000000  1.068848e-01  0.000000e+00
  0.112338  -380.616577  -382.240993    0.000000  1.062028e-01  0.000000e+00
  0.112498  -380.707664  -382.130701    0.000000  1.054803e-01  0.000000e+00
  0.112658  -380.797196  -382.018896    0.000000  1.047236e-01  0.000000e+00
  0.112818  -380.885160  -381.905605    0.000000  1.039387e-01  0.000000e+00
  0.112978  -380.971542  -381.790858    0.000000  1.031313e-01  0.000000e+00
  0.113138  -381.056329  -381.674685    0.000000  1.023069e-01  0.000000e+00
  0.113298  -381.139509  -381.557118    0.000000  1.014707e-01  0.000000e+00
  0.113458  -381.221068  -381.438190    0.000000  1.006275e-01  0.000000e+00
  0.113618  -381.300996  -381.317934    0.000000  9.978214e-02  0.000000e+00
  0.113778  -381.379281  -381.196383    0.000000  9.893874e-02  0.000000e+00
  0.113938  -381.455913  -381.073574    0.000000  9.810137e-02  0.000000e+00
  0.114098  -381.530881  -380.949542    0.000000  9.727374e-02  0.000000e+00
  0.114258  -381.604175  -380.824322    0.000000  9.645928e-02  0.000000e+00
  0.114418  -381.675785  -380.697952    0.000000  9.566110e-02  0.000000e+00
  0.114578  -381.745703  -380.570469    0.000000  9.488206e-02  0.000000e+00
  0.114738  -381.813919  -380.441911    0.000000  9.412473e-02  0.000000e+00
  0.114898  -381.880426  -380.312316    0.000000  9.339139e-02  0.000000e+00
  0.115058  -381.945216  -380.181722    0.000000  9.268408e-02  0.000000e+00
  0.115218  -382.008281  -380.050167    0.000000  9.200459e-02  0.000000e+00
  0.115378  -382.069614  -379.917690    0.000000  9.135443e-02  0.000000e+00
  0.115538  -382.129209  -379.784330    0.000000  9.073489e-02  0.000000e+00
  0.115699  -382.187059  -379.650124    0.000000  9.014702e-02  0.000000e+00
  0.115859  -382.243160  -379.515112    0.000000  8.959164e-02  0.000000e+00
  0.116019  -382.297504  -379.379332    0.000000  8.906936e-02  0.000000e+00
  0.116179  -382.350088  -379.242822    0.000000  8.858054e-02  0.000000e+00
  0.116339  -382.400907  -379.105619    0.000000  8.812534e-02  0.000000e+00
  0.116499  -382.449956  -378.967760    0.000000  8.770372e-02  0.000000e+00
  0.116659  -382.497233  -378.829284    0.000000  8.731540e-02  0.000000e+00
  0.116819  -382.542733  -378.690225    0.000000  8.695992e-02  0.000000e+00
  0.116979  -382.586453  -378.550619    0.000000  8.663657e-02  0.000000e+00
  0.117139  -382.628391  -378.410502    0.000000  8.634446e-02  0.000000e+00
  0.117299  -382.668545  -378.269908    0.000000  8.608247e-02  0.000000e+00
  0.117459  -382.706913  -378.128870    0.000000  8.584926e-02  0.000000e+00
  0.117619  -382.743493  -377.987420    0.000000  8.564327e-02  0.000000e+00
  0.117779  -382.778285  -377.845591    0.000000  8.546267e-02  0.000000e+00
  0.117939  -382.811287  -377.703413    0.000000  8.530493e-02  0.000000e+00
  0.118099  -382.842499  -377.560915    0.000000  8.516735e-02  0.000000e+00
  0.118259  -382.871921  -377.418126    0.000000  8.504734e-02  0.000000e+00
  0.118419  -382.899554  -377.275073    0.000000  8.494239e-02  0.000000e+00
  0.118579  -382.925397  -377.131783    0.000000  8.485012e-02  0.000000e+00
  0.118739  -382.949453  -376.988282    0.000000  8.476823e-02  0.000000e+00
  0.118899  -382.971723  -376.844594    0.000000  8.469454e-02  0.000000e+00
  0.119059  -382.992207  -376.700744    0.000000  8.462696e-02  0.000000e+00
  0.119219  -383.010909  -376.556754    0.000000  8.456351e-02  0.000000e+00
  0.119379  -383.027830  -376.412647    0.000000  8.450233e-02  0.000000e+00
  0.119539  -383.042973  -376.268444    0.000000  8.444163e-02  0.000000e+00
  0.119699  -383.056340  -376.124166    0.000000  8.437975e-02  0.000000e+00
  0.119859  -383.067936  -375.979834    0.000000  8.431515e-02  0.000000e+00
  0.120019  -383.077762  -375.835467    0.000000  8.424636e-02  0.000000e+00
  0.120179  -383.085823  -375.691082    0.000000  8.417207e-02  0.000000e+00
  0.120339  -383.092123  -375.546700    0.000000  8.409105e-02  0.000000e+00
  0.120499  -383.096666  -375.402337    0.000000  8.400220e-02  0.000000e+00
  0.120659  -383.099456  -375.258010    0.000000  8.390454e-02  0.000000e+00
  0.120819  -383.100497  -375.113736    0.000000  8.379721e-02  0.000000e+00
  0.120979  -383.099795  -374.969531    0.000000  8.367945e-02  0.000000e+00
  0.121139  -383.097355  -374.825410    0.000000  8.355065e-02  0.000000e+00
  0.121299  -383.093181  -374.681388    0.000000  8.341030e-02  0.000000e+00
  0.121459  -383.087279  -374.537480    0.000000  8.325804e-02  0.000000e+00
  0.121619  -383.079654  -374.393701    0.000000  8.309360e-02  0.000000e+00
  0.121779  -383.070313  -374.250064    0.000000  8.291685e-02  0.000000e+00
  0.121940  -383.059262  -374.106584    0.000000  8.272778e-02  0.000000e+00
  0.122100  -383.046505  -373.963272    0.000000  8.252651e-02  0.000000e+00
  0.122260  -383.032050  -373.820143    0.000000  8.231326e-02  0.000000e+00
  0.122420  -383.015903  -373.677209    0.000000  8.208838e-02  0.000000e+00
  0.122580  -382.998071  -373.534483    0.000000  8.185232e-02  0.000000e+00
  0.122740  -382.978559  -373.391977    0.000000  8.160567e-02  0.000000e+00
  0.122900  -382.957375  -373.249704    0.000000  8.134909e-02  0.000000e+00
  0.123060  -382.934526  -373.107676    0.000000  8.108338e-02  0.000000e+00
  0.123220  -382.910018  -372.965904    0.000000  8.080942e-02  0.000000e+00
  0.123380  -382.883859  -372.824402    0.000000  8.052820e-02  0.000000e+00
  0.123540  -382.856055  -372.683181    0.000000  8.024078e-02  0.000000e+00
  0.123700  -382.826615  -372.542254    0.000000  7.994835e-02  0.000000e+00
  0.123860  -382.795544  -372.401631    0.000000  7.965215e-02  0.000000e+00
  0.124020  -382.762851  -372.261327    0.000000  7.935351e-02  0.000000e+00
  0.124180  -382.728543  -372.121352    0.000000  7.905383e-02  0.000000e+00
  0.124340  -382.692627  -371.981719    0.000000  7.875459e-02  0.000000e+00
  0.124500  -382.655111  -371.842440    0.000000  7.845733e-02  0.000000e+00
  0.124660  -382.616002  -371.703529    0.000000  7.816365e-02  0.000000e+00
  0.124820  -382.575308  -371.564999    0.000000  7.787523e-02  0.000000e+00
  0.124980  -382.533036  -371.426862    0.000000  7.759376e-02  0.000000e+00
  0.125140  -382.489193  -371.289132    0.000000  7.732101e-02  0.000000e+00
  0.125300  -382.443788  -371.151822    0.000000  7.705879e-02  0.000000e+00
  0.125460  -382.396828  -371.014948    0.000000  7.680896e-02  0.000000e+00
  0.125620  -382.348320  -370.878523    0.000000  7.657340e-02  0.000000e+00
  0.125780  -382.298272  -370.742561    0.000000  7.635404e-02  0.000000e+00
  0.125940  -382.246690  -370.607080    0.000000  7.615284e-02  0.000000e+00
  0.126100  -382.193584  -370.472093    0.000000  7.597166e-02  0.000000e+00
  0.126260  -382.138958  -370.337617    0.000000  7.581136e-02  0.000000e+00
  0.126420  -382.082822  -370.203670    0.000000  7.567229e-02  0.000000e+00
  0.126580  -382.025182  -370.070267    0.000000  7.555474e-02  0.000000e+00
  0.126740  -381.966045  -369.937427    0.000000  7.545890e-02  0.000000e+00
  0.126900  -381.905419  -369.805168    0.000000  7.538493e-02  0.000000e+00
  0.127060  -381.843310  -369.673508    0.000000  7.533291e-02  0.000000e+00
  0.127220  -381.779726  -369.542465    0.000000  7.530283e-02  0.000000e+00
  0.127380  -381.714674  -369.412059    0.000000  7.529467e-02  0.000000e+00
  0.127540  -381.648161  -369.282309    0.000000  7.530832e-02  0.000000e+00
  0.127700  -381.580194  -369.153235    0.000000  7.534362e-02  0.000000e+00
  0.127860  -381.510781  -369.024857    0.000000  7.540037e-02  0.000000e+00
  0.128020  -381.439928  -368.897196    0.000000  7.547832e-02  0.000000e+00
  0.128181  -381.367642  -368.770272    0.000000  7.557716e-02  0.000000e+00
  0.128341  -381.293932  -368.644105    0.000000  7.569654e-02  0.000000e+00
  0.128501  -381.218804  -368.518718    0.000000  7.583607e-02  0.000000e+00
  0.128661  -381.142265  -368.394132    0.000000  7.599532e-02  0.000000e+00
  0.128821  -381.064324  -368.270367    0.000000  7.617379e-02  0.000000e+00
  0.128981  -380.984988  -368.147446    0.000000  7.637099e-02  0.000000e+00
  0.129141  -380.904264  -368.025391    0.000000  7.658633e-02  0.000000e+00
  0.129301  -380.822161  -367.904223    0.000000  7.681923e-02  0.000000e+00
  0.129461  -380.738686  -367.783965    0.000000  7.706903e-02  0.000000e+00
  0.129621  -380.653846  -367.664640    0.000000  7.733507e-02  0.000000e+00
  0.129781  -380.567651  -367.546268    0.000000  7.761664e-02  0.000000e+00
  0.129941  -380.480108  -367.428874    0.000000  7.791296e-02  0.000000e+00
  0.130101  -380.391226  -367.312479    0.000000  7.822326e-02  0.000000e+00
  0.130261  -380.301013  -367.197105    0.000000  7.854671e-02  0.000000e+00
  0.130421  -380.209478  -367.082777    0.000000  7.888245e-02  0.000000e+00
  0.130581  -380.116630  -366.969515    0.000000  7.922957e-02  0.000000e+00
  0.130741  -380.022478  -366.857342    0.000000  7.958715e-02  0.000000e+00
  0.130901  -379.927030  -366.746281    0.000000  7.995422e-02  0.000000e+00
  0.131061  -379.830297  -366.636355    0.000000  8.032977e-02  0.000000e+00
  0.131221  -379.732288  -366.527585    0.000000  8.071278e-02  0.000000e+00
  0.131381  -379.633013  -366.419994    0.000000  8.110218e-02  0.000000e+00
  0.131541  -379.532481  -366.313604    0.000000  8.149687e-02  0.000000e+00
  0.131701  -379.430703  -366.208437    0.000000  8.189574e-02  0.000000e+00
  0.131861  -379.327689  -366.104515    0.000000  8.229762e-02  0.000000e+00
  0.132021  -379.223450  -366.001859    0.000000  8.270134e-02  0.000000e+00
  0.132181  -379.117998  -365.900492    0.000000  8.310570e-02  0.000000e+00
  0.132341  -379.011342  -365.800433    0.000000  8.350948e-02  0.000000e+00
  0.132501  -378.903495  -365.701705    0.000000  8.391143e-02  0.000000e+00
  0.132661  -378.794468  -365.604329    0.000000  8.431028e-02  0.000000e+00
  0.132821  -378.684274  -365.508324    0.000000  8.470477e-02  0.000000e+00
  0.132981  -378.572924  -365.413711    0.000000  8.509361e-02  0.000000e+00
  0.133141  -378.460431  -365.320511    0.000000  8.547551e-02  0.000000e+00
  0.133301  -378.346809  -365.228742    0.000000  8.584915e-02  0.000000e+00
  0.133461  -378.232069  -365.138424    0.000000  8.621325e-02  0.000000e+00
  0.133621  -378.116227  -365.049577    0.000000  8.656650e-02  0.000000e+00
  0.133781  -377.999295  -364.962218    0.000000  8.690761e-02  0.000000e+00
  0.133941  -377.881287  -364.876367    0.000000  8.723531e-02  0.000000e+00
  0.134101  -377.762219  -364.792041    0.000000  8.754833e-02  0.000000e+00
  0.134261  -377.642106  -364.709257    0.000000  8.784542e-02  0.000000e+00
  0.134422  -377.520961  -364.628033    0.000000  8.812536e-02  0.000000e+00
  0.134582  -377.398802  -364.548384    0.000000  8.838696e-02  0.000000e+00
  0.134742  -377.275644  -364.470328    0.000000  8.862907e-02  0.000000e+00
  0.134902  -377.151503  -364.393879    0.000000  8.885057e-02  0.000000e+00
  0.135062  -377.026397  -364.319053    0.000000  8.905037e-02  0.000000e+00
  0.135222  -376.900342  -364.245865    0.000000  8.922746e-02  0.000000e+00
  0.135382  -376.773356  -364.174327    0.000000  8.938086e-02  0.000000e+00
  0.135542  -376.645457  -364.104455    0.000000  8.950965e-02  0.000000e+00
  0.135702  -376.516664  -364.036259    0.000000  8.961297e-02  0.000000e+00
  0.135862  -376.386994  -363.969754    0.000000  8.969003e-02  0.000000e+00
  0.136022  -376.256469  -363.904950    0.000000  8.974011e-02  0.000000e+00
  0.136182  -376.125107  -363.841858    0.000000  8.976254e-02  0.000000e+00
  0.136342  -375.992929  -363.780488    0.000000  8.975677e-02  0.000000e+00
  0.136502  -375.859955  -363.720851    0.000000  8.972227e-02  0.000000e+00
  0.136662  -375.726207  -363.662955    0.000000  8.965866e-02  0.000000e+00
  0.136822  -375.591706  -363.606809    0.000000  8.956640e-02  0.000000e+00
  0.136982  -375.456474  -363.552419    0.000000  8.944689e-02  0.000000e+00
  0.137142  -375.320534  -363.499794    0.000000  8.930159e-02  0.000000e+00
  0.137302  -375.183910  -363.448938    0.000000  8.913195e-02  0.000000e+00
  0.137462  -375.046624  -363.399857    0.000000  8.893940e-02  0.000000e+00
  0.137622  -374.908700  -363.352556    0.000000  8.872533e-02  0.000000e+00
  0.137782  -374.770163  -363.307039    0.000000  8.849114e-02  0.000000e+00
  0.137942  -374.631036  -363.263309    0.000000  8.823816e-02  0.000000e+00
  0.138102  -374.491345  -363.221369    0.000000  8.796773e-02  0.000000e+00
  0.138262  -374.351115  -363.181222    0.000000  8.768110e-02  0.000000e+00
  0.138422  -374.210370  -363.142868    0.000000  8.737952e-02  0.000000e+00
  0.138582  -374.069137  -363.106308    0.000000  8.706418e-02  0.000000e+00
  0.138742  -373.927440  -363.071542    0.000000  8.673622e-02  0.000000e+00
  0.138902  -373.785307  -363.038571    0.000000  8.639673e-02  0.000000e+00
  0.139062  -373.642762  -363.007392    0.000000  8.604673e-02  0.000000e+00
  0.139222  -373.499832  -362.978004    0.000000  8.568722e-02  0.000000e+00
  0.139382  -373.356543  -362.950405    0.000000  8.531911e-02  0.000000e+00
  0.139542  -373.212921  -362.924593    0.000000  8.494326e-02  0.000000e+00
  0.139702  -373.068991  -362.900562    0.000000  8.456048e-02  0.000000e+00
  0.139862  -372.924782  -362.878310    0.000000  8.417150e-02  0.000000e+00
  0.140022  -372.780318  -362.857832    0.000000  8.377698e-02  0.000000e+00
  0.140182  -372.635625  -362.839123    0.000000  8.337754e-02  0.000000e+00
  0.140342  -372.490730  -362.822177    0.000000  8.297372e-02  0.000000e+00
  0.140502  -372.345659  -362.806988    0.000000  8.256599e-02  0.000000e+00
  0.140663  -372.200436  -362.793548    0.000000  8.215476e-02  0.000000e+00
  0.140823  -372.055089  -362.781852    0.000000  8.174037e-02  0.000000e+00
  0.140983  -371.909642  -362.771891    0.000000  8.132308e-02  0.000000e+00
  0.141143  -371.764120  -362.763656    0.000000  8.090310e-02  0.000000e+00
  0.141303  -371.618549  -362.757139    0.000000  8.048057e-02  0.000000e+00
  0.141463  -371.472953  -362.752332    0.000000  8.005555e-02  0.000000e+00
  0.141623  -371.327356  -362.749223    0.000000  7.962804e-02  0.000000e+00
  0.141783  -371.181783  -362.747802    0.000000  7.919796e-02  0.000000e+00
  0.141943  -371.036256  -362.748060    0.000000  7.876519e-02  0.000000e+00
  0.142103  -370.890800  -362.749985    0.000000  7.832951e-02  0.000000e+00
  0.142263  -370.745438  -362.753565    0.000000  7.789065e-02  0.000000e+00
  0.142423  -370.600191  -362.758789    0.000000  7.744828e-02  0.000000e+00
  0.142583  -370.455082  -362.765643    0.000000  7.700199e-02  0.000000e+00
  0.142743  -370.310133  -362.774116    0.000000  7.655130e-02  0.000000e+00
  0.142903  -370.165363  -362.784193    0.000000  7.609569e-02  0.000000e+00
  0.143063  -370.020795  -362.795861    0.000000  7.563456e-02  0.000000e+00
  0.143223  -369.876447  -362.809106    0.000000  7.516723e-02  0.000000e+00
  0.143383  -369.732339  -362.823914    0.000000  7.469299e-02  0.000000e+00
  0.143543  -369.588490  -362.840270    0.000000  7.421104e-02  0.000000e+00
  0.143703  -369.444918  -362.858158    0.000000  7.372054e-02  0.000000e+00
  0.143863  -369.301639  -362.877563    0.000000  7.322058e-02  0.000000e+00
  0.144023  -369.158672  -362.898469    0.000000  7.271019e-02  0.000000e+00
  0.144183  -369.016031  -362.920859    0.000000  7.218836e-02  0.000000e+00
  0.144343  -368.873732  -362.944718    0.000000  7.165400e-02  0.000000e+00
  0.144503  -368.731789  -362.970028    0.000000  7.110599e-02  0.000000e+00
  0.144663  -368.590215  -362.996771    0.000000  7.054314e-02  0.000000e+00
  0.144823  -368.449025  -363.024931    0.000000  6.996423e-02  0.000000e+00
  0.144983  -368.308229  -363.054490    0.000000  6.936799e-02  0.000000e+00
  0.145143  -368.167838  -363.085428    0.000000  6.875309e-02  0.000000e+00
  0.145303  -368.027862  -363.117729    0.000000  6.811817e-02  0.000000e+00
  0.145463  -367.888312  -363.151372    0.000000  6.746186e-02  0.000000e+00
  0.145623  -367.749194  -363.186339    0.000000  6.678271e-02  0.000000e+00
  0.145783  -367.610516  -363.222612    0.000000  6.607927e-02  0.000000e+00
  0.145943  -367.472284  -363.260169    0.000000  6.535007e-02  0.000000e+00
  0.146103  -367.334504  -363.298992    0.000000  6.459361e-02  0.000000e+00
  0.146263  -367.197178  -363.339060    0.000000  6.380837e-02  0.000000e+00
  0.146423  -367.060311  -363.380354    0.000000  6.299267e-02  0.000000e+00
  0.146583  -366.923904  -363.422852    0.000000  6.214468e-02  0.000000e+00
  0.146743  -366.787957  -363.466534    0.000000  6.126273e-02  0.000000e+00
  0.146904  -366.652471  -363.511379    0.000000  6.034530e-02  0.000000e+00
  0.147064  -366.517443  -363.557366    0.000000  5.939102e-02  0.000000e+00
  0.147224  -366.382873  -363.604473    0.000000  5.839868e-02  0.000000e+00
  0.147384  -366.248755  -363.652678    0.000000  5.736722e-02  0.000000e+00
  0.147544  -366.115087  -363.701959    0.000000  5.629575e-02  0.000000e+00
  0.147704  -365.981863  -363.752293    0.000000  5.518351e-02  0.000000e+00
  0.147864  -365.849076  -363.803658    0.000000  5.402989e-02  0.000000e+00
  0.148024  -365.716721  -363.856030    0.000000  5.283443e-02  0.000000e+00
  0.148184  -365.584789  -363.909385    0.000000  5.159678e-02  0.000000e+00
  0.148344  -365.453272  -363.963700    0.000000  5.031675e-02  0.000000e+00
  0.148504  -365.322160  -364.018949    0.000000  4.899425e-02  0.000000e+00
  0.148664  -365.191444  -364.075107    0.000000  4.762930e-02  0.000000e+00
  0.148824  -365.061112  -364.132149    0.000000  4.622204e-02  0.000000e+00
  0.148984  -364.931154  -364.190049    0.000000  4.477270e-02  0.000000e+00
  0.149144  -364.801558  -364.248780    0.000000  4.328158e-02  0.000000e+00
  0.149304  -364.672310  -364.308315    0.000000  4.174908e-02  0.000000e+00
  0.149464  -364.543397  -364.368626    0.000000  4.017564e-02  0.000000e+00
  0.149624  -364.414806  -364.429686    0.000000  3.856176e-02  0.000000e+00
  0.149784  -364.286522  -364.491465    0.000000  3.690800e-02  0.000000e+00
  0.149944  -364.158530  -364.553934    0.000000  3.521493e-02  0.000000e+00
  0.150104  -364.030816  -364.617063    0.000000  3.348315e-02  0.000000e+00
  0.150264  -363.903362  -364.680822    0.000000  3.171326e-02  0.000000e+00
  0.150424  -363.776154  -364.745178    0.000000  2.990586e-02  0.000000e+00
  0.150584  -363.649173  -364.810100    0.000000  2.806155e-02  0.000000e+00
  0.150744  -363.522404  -364.875556    0.000000  2.618088e-02  0.000000e+00
  0.150904  -363.395829  -364.941512    0.000000  2.426440e-02  0.000000e+00
  0.151064  -363.269430  -365.007933    0.000000  2.231257e-02  0.000000e+00
  0.151224  -363.143190  -365.074785    0.000000  2.032584e-02  0.000000e+00
  0.151384  -363.017089  -365.142033    0.000000  1.830534e-02  0.000000e+00
  0.151544  -362.891111  -365.209639    0.000000  1.625335e-02  0.000000e+00
  0.151704  -362.765235  -365.277568    0.000000  1.417221e-02  0.000000e+00
  0.151864  -362.639444  -365.345780    0.000000  1.206414e-02  0.000000e+00
  0.152024  -362.513719  -365.414238    0.000000  9.931262e-03  0.000000e+00
  0.152184  -362.388040  -365.482903    0.000000  7.775606e-03  0.000000e+00
  0.152344  -362.262389  -365.551734    0.000000  5.599100e-03  0.000000e+00
  0.152504  -362.136746  -365.620692    0.000000  3.403586e-03  0.000000e+00
  0.152664  -362.011092  -365.689736    0.000000  1.190818e-03  0.000000e+00
  0.152824  -361.885408  -365.758824    0.000000  1.037527e-03  0.000000e+00
  0.152984  -361.759675  -365.827914    0.000000  3.279844e-03  0.000000e+00
  0.153145  -361.633874  -365.896965    0.000000  5.534592e-03  0.000000e+00
  0.153305  -361.507985  -365.965934    0.000000  7.800285e-03  0.000000e+00
  0.153465  -361.381991  -366.034777    0.000000  1.007549e-02  0.000000e+00
  0.153625  -361.255872  -366.103452    0.000000  1.235880e-02  0.000000e+00
  0.153785  -361.129610  -366.171914    0.000000  1.464885e-02  0.000000e+00
  0.153945  -361.003186  -366.240120    0.000000  1.694429e-02  0.000000e+00
  0.154105  -360.876583  -366.308026    0.000000  1.924378e-02  0.000000e+00
  0.154265  -360.749782  -366.375587    0.000000  2.154598e-02  0.000000e+00
  0.154425  -360.622766  -366.442758    0.000000  2.384955e-02  0.000000e+00
  0.154585  -360.495519  -366.509495    0.000000  2.615313e-02  0.000000e+00
  0.154745  -360.368022  -366.575753    0.000000  2.845531e-02  0.000000e+00
  0.154905  -360.240259  -366.641488    0.000000  3.075469e-02  0.000000e+00
  0.155065  -360.112215  -366.706653    0.000000  3.304980e-02  0.000000e+00
  0.155225  -359.983873  -366.771204    0.000000  3.533912e-02  0.000000e+00
  0.155385  -359.855219  -366.835095    0.000000  3.762108e-02  0.000000e+00
  0.155545  -359.726238  -366.898283    0.000000  3.989405e-02  0.000000e+00
  0.155705  -359.596915  -366.960722    0.000000  4.215634e-02  0.000000e+00
  0.155865  -359.467238  -367.022367    0.000000  4.440618e-02  0.000000e+00
  0.156025  -359.337192  -367.083174    0.000000  4.664173e-02  0.000000e+00
  0.156185  -359.206766  -367.143098    0.000000  4.886107e-02  0.000000e+00
  0.156345  -359.075947  -367.202095    0.000000  5.106221e-02  0.000000e+00
  0.156505  -358.944724  -367.260120    0.000000  5.324309e-02  0.000000e+00
  0.156665  -358.813088  -367.317131    0.000000  5.540157e-02  0.000000e+00
  0.156825  -358.681028  -367.373083    0.000000  5.753543e-02  0.000000e+00
  0.156985  -358.548535  -367.427934    0.000000  5.964242e-02  0.000000e+00
  0.157145  -358.415600  -367.481640    0.000000  6.172020e-02  0.000000e+00
  0.157305  -358.282218  -367.534160    0.000000  6.376640e-02  0.000000e+00
  0.157465  -358.148380  -367.585451    0.000000  6.577860e-02  0.000000e+00
  0.157625  -358.014081  -367.635471    0.000000  6.775435e-02  0.000000e+00
  0.157785  -357.879316  -367.684181    0.000000  6.969120e-02  0.000000e+00
  0.157945  -357.744082  -367.731539    0.000000  7.158669e-02  0.000000e+00
  0.158105  -357.608375  -367.777505    0.000000  7.343838e-02  0.000000e+00
  0.158265  -357.472193  -367.822041    0.000000  7.524384e-02  0.000000e+00
  0.158425  -357.335535  -367.865107    0.000000  7.700072e-02  0.000000e+00
  0.158585  -357.198402  -367.906666    0.000000  7.870673e-02  0.000000e+00
  0.158745  -357.060794  -367.946679    0.000000  8.035965e-02  0.000000e+00
  0.158905  -356.922713  -367.985111    0.000000  8.195738e-02  0.000000e+00
  0.159065  -356.784163  -368.021926    0.000000  8.349797e-02  0.000000e+00
  0.159225  -356.645148  -368.057088    0.000000  8.497959e-02  0.000000e+00
  0.159386  -356.505674  -368.090563    0.000000  8.640059e-02  0.000000e+00
  0.159546  -356.365747  -368.122318    0.000000  8.775952e-02  0.000000e+00
  0.159706  -356.225376  -368.152320    0.000000  8.905513e-02  0.000000e+00
  0.159866  -356.084569  -368.180538    0.000000  9.028641e-02  0.000000e+00
  0.160026  -355.943338  -368.206940    0.000000  9.145258e-02  0.000000e+00
  0.160186  -355.801694  -368.231498    0.000000  9.255315e-02  0.000000e+00
  0.160346  -355.659651  -368.254182    0.000000  9.358788e-02  0.000000e+00
  0.160506  -355.517222  -368.274965    0.000000  9.455683e-02  0.000000e+00
  0.160666  -355.374425  -368.293820    0.000000  9.546037e-02  0.000000e+00
  0.160826  -355.231276  -368.310722    0.000000  9.629917e-02  0.000000e+00
  0.160986  -355.087794  -368.325646    0.000000  9.707422e-02  0.000000e+00
  0.161146  -354.944000  -368.338570    0.000000  9.778682e-02  0.000000e+00
  0.161306  -354.799916  -368.349470    0.000000  9.843862e-02  0.000000e+00
  0.161466  -354.655565  -368.358327    0.000000  9.903177e-02  0.000000e+00
  0.161626  -354.510971  -368.365121    0.000000  9.957021e-02  0.000000e+00
  0.161786  -354.366162  -368.369834    0.000000  1.000585e-01  0.000000e+00
  0.161946  -354.221166  -368.372448    0.000000  1.005013e-01  0.000000e+00
  0.162106  -354.076011  -368.372949    0.000000  1.009029e-01  0.000000e+00
  0.162266  -353.930729  -368.371321    0.000000  1.012676e-01  0.000000e+00
  0.162426  -353.785352  -368.367551    0.000000  1.015996e-01  0.000000e+00
  0.162586  -353.639913  -368.361627    0.000000  1.019030e-01  0.000000e+00
  0.162746  -353.494445  -368.353539    0.000000  1.021815e-01  0.000000e+00
  0.162906  -353.348986  -368.343276    0.000000  1.024390e-01  0.000000e+00
  0.163066  -353.203570  -368.330829    0.000000  1.026789e-01  0.000000e+00
  0.163226  -353.058236  -368.316192    0.000000  1.029045e-01  0.000000e+00
  0.163386  -352.913022  -368.299357    0.000000  1.031191e-01  0.000000e+00
  0.163546  -352.767967  -368.280321    0.000000  1.033256e-01  0.000000e+00
  0.163706  -352.623112  -368.259077    0.000000  1.035268e-01  0.000000e+00
  0.163866  -352.478496  -368.235624    0.000000  1.037252e-01  0.000000e+00
  0.164026  -352.334162  -368.209958    0.000000  1.039233e-01  0.000000e+00
  0.164186  -352.190150  -368.182080    0.000000  1.041231e-01  0.000000e+00
  0.164346  -352.046505  -368.151989    0.000000  1.043267e-01  0.000000e+00
  0.164506  -351.903268  -368.119686    0.000000  1.045359e-01  0.000000e+00
  0.164666  -351.760483  -368.085173    0.000000  1.047521e-01  0.000000e+00
  0.164826  -351.618194  -368.048453    0.000000  1.049767e-01  0.000000e+00
  0.164986  -351.476445  -368.009530    0.000000  1.052109e-01  0.000000e+00
  0.165146  -351.335279  -367.968409    0.000000  1.054555e-01  0.000000e+00
  0.165306  -351.194742  -367.925096    0.000000  1.057113e-01  0.000000e+00
  0.165466  -351.054878  -367.879598    0.000000  1.059787e-01  0.000000e+00
  0.165627  -350.915731  -367.831922    0.000000  1.062581e-01  0.000000e+00
  0.165787  -350.777346  -367.782077    0.000000  1.065494e-01  0.000000e+00
  0.165947  -350.639766  -367.730072    0.000000  1.068527e-01  0.000000e+00
  0.166107  -350.503038  -367.675918    0.000000  1.071673e-01  0.000000e+00
  0.166267  -350.367203  -367.619626    0.000000  1.074929e-01  0.000000e+00
  0.166427  -350.232307  -367.561209    0.000000  1.078285e-01  0.000000e+00
  0.166587  -350.098392  -367.500678    0.000000  1.081732e-01  0.000000e+00
  0.166747  -349.965502  -367.438048    0.000000  1.085256e-01  0.000000e+00
  0.166907  -349.833678  -367.373333    0.000000  1.088844e-01  0.000000e+00
  0.167067  -349.702964  -367.306549    0.000000  1.092477e-01  0.000000e+00
  0.167227  -349.573400  -367.237710    0.000000  1.096137e-01  0.000000e+00
  0.167387  -349.445027  -367.166836    0.000000  1.099802e-01  0.000000e+00
  0.167547  -349.317886  -367.093941    0.000000  1.103449e-01  0.000000e+00
  0.167707  -349.192014  -367.019046    0.000000  1.107051e-01  0.000000e+00
  0.167867  -349.067452  -366.942169    0.000000  1.110580e-01  0.000000e+00
  0.168027  -348.944236  -366.863329    0.000000  1.114006e-01  0.000000e+00
  0.168187  -348.822403  -366.782548    0.000000  1.117297e-01  0.000000e+00
  0.168347  -348.701988  -366.699845    0.000000  1.120418e-01  0.000000e+00
  0.168507  -348.583026  -366.615242    0.000000  1.123333e-01  0.000000e+00
  0.168667  -348.465551  -366.528763    0.000000  1.126004e-01  0.000000e+00
  0.168827  -348.349594  -366.440429    0.000000  1.128391e-01  0.000000e+00
  0.168987  -348.235185  -366.350265    0.000000  1.130452e-01  0.000000e+00
  0.169147  -348.122356  -366.258294    0.000000  1.132145e-01  0.000000e+00
  0.169307  -348.011133  -366.164541    0.000000  1.133424e-01  0.000000e+00
  0.169467  -347.901543  -366.069031    0.000000  1.134246e-01  0.000000e+00
  0.169627  -347.793611  -365.971790    0.000000  1.134564e-01  0.000000e+00
  0.169787  -347.687361  -365.872845    0.000000  1.134332e-01  0.000000e+00
  0.169947  -347.582815  -365.772222    0.000000  1.133526e-01  0.000000e+00
  0.170107  -347.479992  -365.669948    0.000000  1.132138e-01  0.000000e+00
  0.170267  -347.378912  -365.566052    0.000000  1.130166e-01  0.000000e+00
  0.170427  -347.279592  -365.460562    0.000000  1.127610e-01  0.000000e+00
  0.170587  -347.182046  -365.353506    0.000000  1.124471e-01  0.000000e+00
  0.170747  -347.086290  -365.244913    0.000000  1.120756e-01  0.000000e+00
  0.170907  -346.992335  -365.134814    0.000000  1.116474e-01  0.000000e+00
  0.171067  -346.900194  -365.023237    0.000000  1.111639e-01  0.000000e+00
  0.171227  -346.809875  -364.910214    0.000000  1.106264e-01  0.000000e+00
  0.171387  -346.721388  -364.795774    0.000000  1.100367e-01  0.000000e+00
  0.171547  -346.634741  -364.679950    0.000000  1.093969e-01  0.000000e+00
  0.171707  -346.549938  -364.562771    0.000000  1.087092e-01  0.000000e+00
  0.171867  -346.466986  -364.444269    0.000000  1.079761e-01  0.000000e+00
  0.172028  -346.385888  -364.324477    0.000000  1.072002e-01  0.000000e+00
  0.172188  -346.306648  -364.203426    0.000000  1.063843e-01  0.000000e+00
  0.172348  -346.229266  -364.081148    0.000000  1.055314e-01  0.000000e+00
  0.172508  -346.153744  -363.957676    0.000000  1.046445e-01  0.000000e+00
  0.172668  -346.080083  -363.833042    0.000000  1.037269e-01  0.000000e+00
  0.172828  -346.008280  -363.707278    0.000000  1.027818e-01  0.000000e+00
  0.172988  -345.938335  -363.580418    0.000000  1.018125e-01  0.000000e+00
  0.173148  -345.870244  -363.452494    0.000000  1.008224e-01  0.000000e+00
  0.173308  -345.804004  -363.323540    0.000000  9.981481e-02  0.000000e+00
  0.173468  -345.739612  -363.193588    0.000000  9.879320e-02  0.000000e+00
  0.173628  -345.677062  -363.062672    0.000000  9.776092e-02  0.000000e+00
  0.173788  -345.616350  -362.930824    0.000000  9.672131e-02  0.000000e+00
  0.173948  -345.557469  -362.798078    0.000000  9.567769e-02  0.000000e+00
  0.174108  -345.500412  -362.664466    0.000000  9.463332e-02  0.000000e+00
  0.174268  -345.445174  -362.530022    0.000000  9.359141e-02  0.000000e+00
  0.174428  -345.391746  -362.394779    0.000000  9.255509e-02  0.000000e+00
  0.174588  -345.340122  -362.258769    0.000000  9.152742e-02  0.000000e+00
  0.174748  -345.290291  -362.122026    0.000000  9.051139e-02  0.000000e+00
  0.174908  -345.242248  -361.984581    0.000000  8.950989e-02  0.000000e+00
  0.175068  -345.195981  -361.846468    0.000000  8.852573e-02  0.000000e+00
  0.175228  -345.151484  -361.707719    0.000000  8.756163e-02  0.000000e+00
  0.175388  -345.108746  -361.568365    0.000000  8.662022e-02  0.000000e+00
  0.175548  -345.067758  -361.428439    0.000000  8.570404e-02  0.000000e+00
  0.175708  -345.028511  -361.287973    0.000000  8.481554e-02  0.000000e+00
  0.175868  -344.990996  -361.146997    0.000000  8.395706e-02  0.000000e+00
  0.176028  -344.955203  -361.005544    0.000000  8.313089e-02  0.000000e+00
  0.176188  -344.921124  -360.863643    0.000000  8.233922e-02  0.000000e+00
  0.176348  -344.888748  -360.721326    0.000000  8.158413e-02  0.000000e+00
  0.176508  -344.858067  -360.578623    0.000000  8.086766e-02  0.000000e+00
  0.176668  -344.829071  -360.435563    0.000000  8.019175e-02  0.000000e+00
  0.176828  -344.801753  -360.292176    0.000000  7.955828e-02  0.000000e+00
  0.176988  -344.776103  -360.148491    0.000000  7.896903e-02  0.000000e+00
  0.177148  -344.752114  -360.004537    0.000000  7.842574e-02  0.000000e+00
  0.177308  -344.729778  -359.860342    0.000000  7.793007e-02  0.000000e+00
  0.177468  -344.709087  -359.715934    0.000000  7.748360e-02  0.000000e+00
  0.177628  -344.690035  -359.571339    0.000000  7.708786e-02  0.000000e+00
  0.177788  -344.672615  -359.426585    0.000000  7.674430e-02  0.000000e+00
  0.177948  -344.656821  -359.281699    0.000000  7.645330e-02  0.000000e+00
  0.178108  -344.642648  -359.136705    0.000000  7.621300e-02  0.000000e+00
  0.178269  -344.630092  -358.991629    0.000000  7.602125e-02  0.000000e+00
  0.178429  -344.619147  -358.846495    0.000000  7.587588e-02  0.000000e+00
  0.178589  -344.609811  -358.701328    0.000000  7.577470e-02  0.000000e+00
  0.178749  -344.602079  -358.556152    0.000000  7.571552e-02  0.000000e+00
  0.178909  -344.595949  -358.410989    0.000000  7.569614e-02  0.000000e+00
  0.179069  -344.591419  -358.265862    0.000000  7.571433e-02  0.000000e+00
  0.179229  -344.588485  -358.120793    0.000000  7.576786e-02  0.000000e+00
  0.179389  -344.587147  -357.975805    0.000000  7.585448e-02  0.000000e+00
  0.179549  -344.587404  -357.830917    0.000000  7.597192e-02  0.000000e+00
  0.179709  -344.589253  -357.686152    0.000000  7.611791e-02  0.000000e+00
  0.179869  -344.592693  -357.541530    0.000000  7.629015e-02  0.000000e+00
  0.180029  -344.597726  -357.397069    0.000000  7.648633e-02  0.000000e+00
  0.180189  -344.604349  -357.252791    0.000000  7.670411e-02  0.000000e+00
  0.180349  -344.612562  -357.108713    0.000000  7.694116e-02  0.000000e+00
  0.180509  -344.622366  -356.964855    0.000000  7.719513e-02  0.000000e+00
  0.180669  -344.633760  -356.821235    0.000000  7.746364e-02  0.000000e+00
  0.180829  -344.646745  -356.677871    0.000000  7.774432e-02  0.000000e+00
  0.180989  -344.661321  -356.534780    0.000000  7.803479e-02  0.000000e+00
  0.181149  -344.677488  -356.391980    0.000000  7.833266e-02  0.000000e+00
  0.181309  -344.695247  -356.249487    0.000000  7.863554e-02  0.000000e+00
  0.181469  -344.714596  -356.107317    0.000000  7.894106e-02  0.000000e+00
  0.181629  -344.735538  -355.965488    0.000000  7.924683e-02  0.000000e+00
  0.181789  -344.758072  -355.824014    0.000000  7.955050e-02  0.000000e+00
  0.181949  -344.782199  -355.682910    0.000000  7.984973e-02  0.000000e+00
  0.182109  -344.807917  -355.542193    0.000000  8.014221e-02  0.000000e+00
  0.182269  -344.835227  -355.401876    0.000000  8.042565e-02  0.000000e+00
  0.182429  -344.864130  -355.261975    0.000000  8.069781e-02  0.000000e+00
  0.182589  -344.894623  -355.122503    0.000000  8.095650e-02  0.000000e+00
  0.182749  -344.926707  -354.983475    0.000000  8.119957e-02  0.000000e+00
  0.182909  -344.960381  -354.844903    0.000000  8.142495e-02  0.000000e+00
  0.183069  -344.995643  -354.706802    0.000000  8.163061e-02  0.000000e+00
  0.183229  -345.032492  -354.569184    0.000000  8.181464e-02  0.000000e+00
  0.183389  -345.070926  -354.432063    0.000000  8.197517e-02  0.000000e+00
  0.183549  -345.110943  -354.295451    0.000000  8.211046e-02  0.000000e+00
  0.183709  -345.152540  -354.159360    0.000000  8.221884e-02  0.000000e+00
  0.183869  -345.195714  -354.023802    0.000000  8.229876e-02  0.000000e+00
  0.184029  -345.240462  -353.888790    0.000000  8.234879e-02  0.000000e+00
  0.184189  -345.286780  -353.754336    0.000000  8.236761e-02  0.000000e+00
  0.184349  -345.334663  -353.620450    0.000000  8.235402e-02  0.000000e+00
  0.184510  -345.384107  -353.487144    0.000000  8.230696e-02  0.000000e+00
  0.184670  -345.435105  -353.354430    0.000000  8.222551e-02  0.000000e+00
  0.184830  -345.487653  -353.222318    0.000000  8.210888e-02  0.000000e+00
  0.184990  -345.541744  -353.090819    0.000000  8.195719e-02  0.000000e+00
  0.185150  -345.597369  -352.959944    0.000000  8.177167e-02  0.000000e+00
  0.185310  -345.654522  -352.829704    0.000000  8.155370e-02  0.000000e+00
  0.185470  -345.713194  -352.700109    0.000000  8.130469e-02  0.000000e+00
  0.185630  -345.773376  -352.571169    0.000000  8.102611e-02  0.000000e+00
  0.185790  -345.835059  -352.442894    0.000000  8.071943e-02  0.000000e+00
  0.185950  -345.898233  -352.315295    0.000000  8.038620e-02  0.000000e+00
  0.186110  -345.962886  -352.188381    0.000000  8.002794e-02  0.000000e+00
  0.186270  -346.029009  -352.062161    0.000000  7.964623e-02  0.000000e+00
  0.186430  -346.096589  -351.936646    0.000000  7.924262e-02  0.000000e+00
  0.186590  -346.165615  -351.811845    0.000000  7.881869e-02  0.000000e+00
  0.186750  -346.236075  -351.687767    0.000000  7.837601e-02  0.000000e+00
  0.186910  -346.307955  -351.564420    0.000000  7.791616e-02  0.000000e+00
  0.187070  -346.381243  -351.441815    0.000000  7.744069e-02  0.000000e+00
  0.187230  -346.455925  -351.319960    0.000000  7.695115e-02  0.000000e+00
  0.187390  -346.531987  -351.198864    0.000000  7.644905e-02  0.000000e+00
  0.187550  -346.609414  -351.078535    0.000000  7.593590e-02  0.000000e+00
  0.187710  -346.688193  -350.958982    0.000000  7.541318e-02  0.000000e+00
  0.187870  -346.768308  -350.840213    0.000000  7.488231e-02  0.000000e+00
  0.188030  -346.849745  -350.722236    0.000000  7.434473e-02  0.000000e+00
  0.188190  -346.932487  -350.605060    0.000000  7.380180e-02  0.000000e+00
  0.188350  -347.016519  -350.488692    0.000000  7.325486e-02  0.000000e+00
  0.188510  -347.101824  -350.373141    0.000000  7.270521e-02  0.000000e+00
  0.188670  -347.188388  -350.258413    0.000000  7.215411e-02  0.000000e+00
  0.188830  -347.276193  -350.144517    0.000000  7.160277e-02  0.000000e+00
  0.188990  -347.365222  -350.031461    0.000000  7.105238e-02  0.000000e+00
  0.189150  -347.455460  -349.919250    0.000000  7.050405e-02  0.000000e+00
  0.189310  -347.546889  -349.807894    0.000000  6.995886e-02  0.000000e+00
  0.189470  -347.639491  -349.697398    0.000000  6.941787e-02  0.000000e+00
  0.189630  -347.733250  -349.587770    0.000000  6.888206e-02  0.000000e+00
  0.189790  -347.828149  -349.479018    0.000000  6.835239e-02  0.000000e+00
  0.189950  -347.924170  -349.371147    0.000000  6.782974e-02  0.000000e+00
  0.190110  -348.021295  -349.264164    0.000000  6.731500e-02  0.000000e+00
  0.190270  -348.119507  -349.158077    0.000000  6.680896e-02  0.000000e+00
  0.190430  -348.218789  -349.052891    0.000000  6.631241e-02  0.000000e+00
  0.190590  -348.319123  -348.948614    0.000000  6.582608e-02  0.000000e+00
  0.190751  -348.420491  -348.845250    0.000000  6.535065e-02  0.000000e+00
  0.190911  -348.522876  -348.742808    0.000000  6.488677e-02  0.000000e+00
  0.191071  -348.626260  -348.641292    0.000000  6.443504e-02  0.000000e+00
  0.191231  -348.730626  -348.540709    0.000000  6.399604e-02  0.000000e+00
  0.191391  -348.835957  -348.441065    0.000000  6.357029e-02  0.000000e+00
  0.191551  -348.942234  -348.342365    0.000000  6.315829e-02  0.000000e+00
  0.191711  -349.049442  -348.244616    0.000000  6.276049e-02  0.000000e+00
  0.191871  -349.157563  -348.147822    0.000000  6.237730e-02  0.000000e+00
  0.192031  -349.266579  -348.051991    0.000000  6.200911e-02  0.000000e+00
  0.192191  -349.376474  -347.957127    0.000000  6.165628e-02  0.000000e+00
  0.192351  -349.487232  -347.863235    0.000000  6.131907e-02  0.000000e+00
  0.192511  -349.598836  -347.770321    0.000000  6.099728e-02  0.000000e+00
  0.192671  -349.711270  -347.678391    0.000000  6.069041e-02  0.000000e+00
  0.192831  -349.824517  -347.587448    0.000000  6.039792e-02  0.000000e+00
  0.192991  -349.938562  -347.497500    0.000000  6.011929e-02  0.000000e+00
  0.193151  -350.053390  -347.408549    0.000000  5.985397e-02  0.000000e+00
  0.193311  -350.168984  -347.320603    0.000000  5.960143e-02  0.000000e+00
  0.193471  -350.285330  -347.233664    0.000000  5.936112e-02  0.000000e+00
  0.193631  -350.402412  -347.147738    0.000000  5.913249e-02  0.000000e+00
  0.193791  -350.520215  -347.062829    0.000000  5.891497e-02  0.000000e+00
  0.193951  -350.638726  -346.978942    0.000000  5.870800e-02  0.000000e+00
  0.194111  -350.757928  -346.896081    0.000000  5.851102e-02  0.000000e+00
  0.194271  -350.877809  -346.814250    0.000000  5.832346e-02  0.000000e+00
  0.194431  -350.998353  -346.733454    0.000000  5.814475e-02  0.000000e+00
  0.194591  -351.119547  -346.653695    0.000000  5.797429e-02  0.000000e+00
  0.194751  -351.241377  -346.574978    0.000000  5.781151e-02  0.000000e+00
  0.194911  -351.363829  -346.497307    0.000000  5.765583e-02  0.000000e+00
  0.195071  -351.486890  -346.420684    0.000000  5.750664e-02  0.000000e+00
  0.195231  -351.610547  -346.345114    0.000000  5.736336e-02  0.000000e+00
  0.195391  -351.734787  -346.270598    0.000000  5.722540e-02  0.000000e+00
  0.195551  -351.859596  -346.197141    0.000000  5.709214e-02  0.000000e+00
  0.195711  -351.984962  -346.124744    0.000000  5.696298e-02  0.000000e+00
  0.195871  -352.110873  -346.053411    0.000000  5.683732e-02  0.000000e+00
  0.196031  -352.237316  -345.983144    0.000000  5.671454e-02  0.000000e+00
  0.196191  -352.364278  -345.913945    0.000000  5.659404e-02  0.000000e+00
  0.196351  -352.491749  -345.845815    0.000000  5.647520e-02  0.000000e+00
  0.196511  -352.619715  -345.778757    0.000000  5.635740e-02  0.000000e+00
  0.196671  -352.748166  -345.712773    0.000000  5.624002e-02  0.000000e+00
  0.196831  -352.877090  -345.647863    0.000000  5.612244e-02  0.000000e+00
  0.196992  -353.006475  -345.584029    0.000000  5.600404e-02  0.000000e+00
  0.197152  -353.136311  -345.521272    0.000000  5.588421e-02  0.000000e+00
  0.197312  -353.266586  -345.459593    0.000000  5.576230e-02  0.000000e+00
  0.197472  -353.397289  -345.398991    0.000000  5.563771e-02  0.000000e+00
  0.197632  -353.528411  -345.339468    0.000000  5.550981e-02  0.000000e+00
  0.197792  -353.659939  -345.281022    0.000000  5.537799e-02  0.000000e+00
  0.197952  -353.791865  -345.223655    0.000000  5.524161e-02  0.000000e+00
  0.198112  -353.924177  -345.167366    0.000000  5.510007e-02  0.000000e+00
  0.198272  -354.056867  -345.112153    0.000000  5.495274e-02  0.000000e+00
  0.198432  -354.189923  -345.058016    0.000000  5.479903e-02  0.000000e+00
  0.198592  -354.323336  -345.004953    0.000000  5.463831e-02  0.000000e+00
  0.198752  -354.457097  -344.952964    0.000000  5.447000e-02  0.000000e+00
  0.198912  -354.591196  -344.902045    0.000000  5.429348e-02  0.000000e+00
  0.199072  -354.725625  -344.852196    0.000000  5.410817e-02  0.000000e+00
  0.199232  -354.860373  -344.803414    0.000000  5.391348e-02  0.000000e+00
  0.199392  -354.995433  -344.755695    0.000000  5.370883e-02  0.000000e+00
  0.199552  -355.130794  -344.709038    0.000000  5.349366e-02  0.000000e+00
  0.199712  -355.266450  -344.663439    0.000000  5.326739e-02  0.000000e+00
  0.199872  -355.402390  -344.618894    0.000000  5.302948e-02  0.000000e+00
  0.200032  -355.538608  -344.575399    0.000000  5.277938e-02  0.000000e+00
  0.200192  -355.675094  -344.532951    0.000000  5.251656e-02  0.000000e+00
  0.200352  -355.811841  -344.491545    0.000000  5.224049e-02  0.000000e+00
  0.200512  -355.948841  -344.451175    0.000000  5.195067e-02  0.000000e+00
  0.200672  -356.086086  -344.411838    0.000000  5.164658e-02  0.000000e+00
  0.200832  -356.223568  -344.373527    0.000000  5.132775e-02  0.000000e+00
  0.200992  -356.361281  -344.336237    0.000000  5.099369e-02  0.000000e+00
  0.201152  -356.499217  -344.299961    0.000000  5.064396e-02  0.000000e+00
  0.201312  -356.637368  -344.264693    0.000000  5.027810e-02  0.000000e+00
  0.201472  -356.775728  -344.230426    0.000000  4.989567e-02  0.000000e+00
  0.201632  -356.914290  -344.197153    0.000000  4.949626e-02  0.000000e+00
  0.201792  -357.053047  -344.164867    0.000000  4.907946e-02  0.000000e+00
  0.201952  -357.191992  -344.133559    0.000000  4.864489e-02  0.000000e+00
  0.202112  -357.331120  -344.103221    0.000000  4.819216e-02  0.000000e+00
  0.202272  -357.470423  -344.073844    0.000000  4.772092e-02  0.000000e+00
  0.202432  -357.609897  -344.045420    0.000000  4.723082e-02  0.000000e+00
  0.202592  -357.749533  -344.017939    0.000000  4.672153e-02  0.000000e+00
  0.202752  -357.889328  -343.991391    0.000000  4.619274e-02  0.000000e+00
  0.202912  -358.029274  -343.965766    0.000000  4.564414e-02  0.000000e+00
  0.203072  -358.169366  -343.941053    0.000000  4.507574e-02  0.000000e+00
  0.203233  -358.309600  -343.917242    0.000000  4.448816e-02  0.000000e+00
  0.203393  -358.449969  -343.894320    0.000000  4.388211e-02  0.000000e+00
  0.203553  -358.590468  -343.872277    0.000000  4.325831e-02  0.000000e+00
  0.203713  -358.731091  -343.851099    0.000000  4.261750e-02  0.000000e+00
  0.203873  -358.871835  -343.830775    0.000000  4.196044e-02  0.000000e+00
  0.204033  -359.012695  -343.811291    0.000000  4.128790e-02  0.000000e+00
  0.204193  -359.153664  -343.792635    0.000000  4.060067e-02  0.000000e+00
  0.204353  -359.294739  -343.774793    0.000000  3.989953e-02  0.000000e+00
  0.204513  -359.435916  -343.757751    0.000000  3.918528e-02  0.000000e+00
  0.204673  -359.577190  -343.741496    0.000000  3.845872e-02  0.000000e+00
  0.204833  -359.718556  -343.726013    0.000000  3.772066e-02  0.000000e+00
  0.204993  -359.860010  -343.711288    0.000000  3.697192e-02  0.000000e+00
  0.205153  -360.001549  -343.697306    0.000000  3.621330e-02  0.000000e+00
  0.205313  -360.143168  -343.684052    0.000000  3.544562e-02  0.000000e+00
  0.205473  -360.284864  -343.671512    0.000000  3.466969e-02  0.000000e+00
  0.205633  -360.426633  -343.659669    0.000000  3.388631e-02  0.000000e+00
  0.205793  -360.568471  -343.648509    0.000000  3.309631e-02  0.000000e+00
  0.205953  -360.710375  -343.638015    0.000000  3.230047e-02  0.000000e+00
  0.206113  -360.852341  -343.628173    0.000000  3.149959e-02  0.000000e+00
  0.206273  -360.994366  -343.618967    0.000000  3.069448e-02  0.000000e+00
  0.206433  -361.136447  -343.610380    0.000000  2.988591e-02  0.000000e+00
  0.206593  -361.278580  -343.602396    0.000000  2.907468e-02  0.000000e+00
  0.206753  -361.420764  -343.595000    0.000000  2.826154e-02  0.000000e+00
  0.206913  -361.562994  -343.588175    0.000000  2.744728e-02  0.000000e+00
  0.207073  -361.705268  -343.581906    0.000000  2.663266e-02  0.000000e+00
  0.207233  -361.847584  -343.576175    0.000000  2.581842e-02  0.000000e+00
  0.207393  -361.989938  -343.570967    0.000000  2.500531e-02  0.000000e+00
  0.207553  -362.132328  -343.566266    0.000000  2.419408e-02  0.000000e+00
  0.207713  -362.274752  -343.562055    0.000000  2.338546e-02  0.000000e+00
  0.207873  -362.417208  -343.558318    0.000000  2.258018e-02  0.000000e+00
  0.208033  -362.559692  -343.555039    0.000000  2.177895e-02  0.000000e+00
  0.208193  -362.702203  -343.552202    0.000000  2.098249e-02  0.000000e+00
  0.208353  -362.844739  -343.549791    0.000000  2.019151e-02  0.000000e+00
  0.208513  -362.987297  -343.547791    0.000000  1.940672e-02  0.000000e+00
  0.208673  -363.129877  -343.546184    0.000000  1.862881e-02  0.000000e+00
  0.208833  -363.272475  -343.544956    0.000000  1.785848e-02  0.000000e+00
  0.208993  -363.415090  -343.544091    0.000000  1.709641e-02  0.000000e+00
  0.209153  -363.557720  -343.543574    0.000000  1.634330e-02  0.000000e+00
  0.209313  -363.700365  -343.543390    0.000000  1.559983e-02  0.000000e+00
  0.209474  -363.843021  -343.543523    0.000000  1.486668e-02  0.000000e+00
  0.209634  -363.985688  -343.543958    0.000000  1.414454e-02  0.000000e+00
  0.209794  -364.128364  -343.544682    0.000000  1.343407e-02  0.000000e+00
  0.209954  -364.271048  -343.545679    0.000000  1.273595e-02  0.000000e+00
  0.210114  -364.413739  -343.546935    0.000000  1.205088e-02  0.000000e+00
  0.210274  -364.556434  -343.548437    0.000000  1.137951e-02  0.000000e+00
  0.210434  -364.699134  -343.550171    0.000000  1.072254e-02  0.000000e+00
  0.210594  -364.841837  -343.552123    0.000000  1.008063e-02  0.000000e+00
  0.210754  -364.984542  -343.554281    0.000000  9.454471e-03  0.000000e+00
  0.210914  -365.127248  -343.556631    0.000000  8.844742e-03  0.000000e+00
  0.211074  -365.269954  -343.559162    0.000000  8.252128e-03  0.000000e+00
  0.211234  -365.412659  -343.561861    0.000000  7.677314e-03  0.000000e+00
  0.211394  -365.555363  -343.564716    0.000000  7.120989e-03  0.000000e+00
  0.211554  -365.698064  -343.567716    0.000000  6.583845e-03  0.000000e+00
  0.211714  -365.840762  -343.570850    0.000000  6.066576e-03  0.000000e+00
  0.211874  -365.983456  -343.574108    0.000000  5.569880e-03  0.000000e+00
  0.212034  -366.126146  -343.577480    0.000000  5.094459e-03  0.000000e+00
  0.212194  -366.268830  -343.580955    0.000000  4.641018e-03  0.000000e+00
  0.212354  -366.411509  -343.584524    0.000000  4.210263e-03  0.000000e+00
  0.212514  -366.554182  -343.588179    0.000000  3.802907e-03  0.000000e+00
  0.212674  -366.696849  -343.591912    0.000000  3.419666e-03  0.000000e+00
  0.212834  -366.839509  -343.595714    0.000000  3.061256e-03  0.000000e+00
  0.212994  -366.982161  -343.599578    0.000000  2.728401e-03  0.000000e+00
  0.213154  -367.124806  -343.603498    0.000000  2.421825e-03  0.000000e+00
  0.213314  -367.267443  -343.607467    0.000000  2.142255e-03  0.000000e+00
  0.213474  -367.410072  -343.611479    0.000000  1.890424e-03  0.000000e+00
  0.213634  -367.552693  -343.615530    0.000000  1.667064e-03  0.000000e+00
  0.213794  -367.695305  -343.619615    0.000000  1.472911e-03  0.000000e+00
  0.213954  -367.837908  -343.623729    0.000000  1.308704e-03  0.000000e+00
  0.214114  -367.980503  -343.627869    0.000000  1.175184e-03  0.000000e+00
  0.214274  -368.123089  -343.632034    0.000000  1.073091e-03  0.000000e+00
  0.214434  -368.265665  -343.636220    0.000000  1.003170e-03  0.000000e+00
  0.214594  -368.408233  -343.640426    0.000000  9.661647e-04  0.000000e+00
  0.214754  -368.550792  -343.644652    0.000000  9.628216e-04  0.000000e+00
  0.214914  -368.693341  -343.648897    0.000000  9.938867e-04  0.000000e+00
  0.215074  -368.835881  -343.653162    0.000000  1.060106e-03  0.000000e+00
  0.215234  -368.978413  -343.657448    0.000000  1.162228e-03  0.000000e+00
  0.215394  -369.120935  -343.661758    0.000000  1.300997e-03  0.000000e+00
  0.215554  -369.263448  -343.666094    0.000000  1.477159e-03  0.000000e+00
  0.215715  -369.405953  -343.670460    0.000000  1.691460e-03  0.000000e+00
  0.215875  -369.548448  -343.674860    0.000000  1.944644e-03  0.000000e+00
  0.216035  -369.690935  -343.679300    0.000000  2.237133e-03  0.000000e+00
  0.216195  -369.833414  -343.683785    0.000000  2.568159e-03  0.000000e+00
  0.216355  -369.975883  -343.688321    0.000000  2.936666e-03  0.000000e+00
  0.216515  -370.118345  -343.692918    0.000000  3.341600e-03  0.000000e+00
  0.216675  -370.260798  -343.697582    0.000000  3.781901e-03  0.000000e+00
  0.216835  -370.403243  -343.702322    0.000000  4.256511e-03  0.000000e+00
  0.216995  -370.545679  -343.707149    0.000000  4.764367e-03  0.000000e+00
  0.217155  -370.688108  -343.712073    0.000000  5.304405e-03  0.000000e+00
  0.217315  -370.830528  -343.717104    0.000000  5.875560e-03  0.000000e+00
  0.217475  -370.972941  -343.722254    0.000000  6.476765e-03  0.000000e+00
  0.217635  -371.115345  -343.727535    0.000000  7.106953e-03  0.000000e+00
  0.217795  -371.257740  -343.732961    0.000000  7.765055e-03  0.000000e+00
  0.217955  -371.400127  -343.738544    0.000000  8.450001e-03  0.000000e+00
  0.218115  -371.542506  -343.744299    0.000000  9.160722e-03  0.000000e+00
  0.218275  -371.684875  -343.750239    0.000000  9.896147e-03  0.000000e+00
  0.218435  -371.827235  -343.756381    0.000000  1.065521e-02  0.000000e+00
  0.218595  -371.969584  -343.762738    0.000000  1.143683e-02  0.000000e+00
  0.218755  -372.111924  -343.769327    0.000000  1.223995e-02  0.000000e+00
  0.218915  -372.254252  -343.776165    0.000000  1.306349e-02  0.000000e+00
  0.219075  -372.396568  -343.783268    0.000000  1.390638e-02  0.000000e+00
  0.219235  -372.538871  -343.790653    0.000000  1.476756e-02  0.000000e+00
  0.219395  -372.681161  -343.798337    0.000000  1.564595e-02  0.000000e+00
  0.219555  -372.823437  -343.806339    0.000000  1.654048e-02  0.000000e+00
  0.219715  -372.965696  -343.814676    0.000000  1.745009e-02  0.000000e+00
  0.219875  -373.107938  -343.823368    0.000000  1.837370e-02  0.000000e+00
  0.220035  -373.250161  -343.832432    0.000000  1.931025e-02  0.000000e+00
  0.220195  -373.392365  -343.841888    0.000000  2.025867e-02  0.000000e+00
  0.220355  -373.534546  -343.851754    0.000000  2.121789e-02  0.000000e+00
  0.220515  -373.676704  -343.862052    0.000000  2.218683e-02  0.000000e+00
  0.220675  -373.818836  -343.872799    0.000000  2.316443e-02  0.000000e+00
  0.220835  -373.960940  -343.884016    0.000000  2.414963e-02  0.000000e+00
  0.220995  -374.103014  -343.895723    0.000000  2.514134e-02  0.000000e+00
  0.221155  -374.245055  -343.907941    0.000000  2.613851e-02  0.000000e+00
  0.221315  -374.387061  -343.920688    0.000000  2.714006e-02  0.000000e+00
  0.221475  -374.529028  -343.933986    0.000000  2.814494e-02  0.000000e+00
  0.221635  -374.670954  -343.947855    0.000000  2.915206e-02  0.000000e+00
  0.221795  -374.812835  -343.962315    0.000000  3.016037e-02  0.000000e+00
  0.221956  -374.954669  -343.977387    0.000000  3.116881e-02  0.000000e+00
  0.222116  -375.096450  -343.993092    0.000000  3.217632e-02  0.000000e+00
  0.222276  -375.238176  -344.009449    0.000000  3.318184e-02  0.000000e+00
  0.222436  -375.379842  -344.026479    0.000000  3.418432e-02  0.000000e+00
  0.222596  -375.521445  -344.044203    0.000000  3.518272e-02  0.000000e+00
  0.222756  -375.662978  -344.062640    0.000000  3.617599e-02  0.000000e+00
  0.222916  -375.804438  -344.081811    0.000000  3.716312e-02  0.000000e+00
  0.223076  -375.945820  -344.101736    0.000000  3.814306e-02  0.000000e+00
  0.223236  -376.087119  -344.122435    0.000000  3.911483e-02  0.000000e+00
  0.223396  -376.228328  -344.143927    0.000000  4.007741e-02  0.000000e+00
  0.223556  -376.369442  -344.166232    0.000000  4.102982e-02  0.000000e+00
  0.223716  -376.510455  -344.189369    0.000000  4.197110e-02  0.000000e+00
  0.223876  -376.651361  -344.213357    0.000000  4.290029e-02  0.000000e+00
  0.224036  -376.792153  -344.238215    0.000000  4.381647e-02  0.000000e+00
  0.224196  -376.932825  -344.263962    0.000000  4.471873e-02  0.000000e+00
  0.224356  -377.073368  -344.290615    0.000000  4.560619e-02  0.000000e+00
  0.224516  -377.213776  -344.318193    0.000000  4.647799e-02  0.000000e+00
  0.224676  -377.354041  -344.346713    0.000000  4.733330e-02  0.000000e+00
  0.224836  -377.494155  -344.376193    0.000000  4.817134e-02  0.000000e+00
  0.224996  -377.634109  -344.406648    0.000000  4.899134e-02  0.000000e+00
  0.225156  -377.773895  -344.438096    0.000000  4.979258e-02  0.000000e+00
  0.225316  -377.913503  -344.470553    0.000000  5.057439e-02  0.000000e+00
  0.225476  -378.052925  -344.504033    0.000000  5.133612e-02  0.000000e+00
  0.225636  -378.192151  -344.538552    0.000000  5.207718e-02  0.000000e+00
  0.225796  -378.331170  -344.574124    0.000000  5.279702e-02  0.000000e+00
  0.225956  -378.469973  -344.610764    0.000000  5.349515e-02  0.000000e+00
  0.226116  -378.608548  -344.648485    0.000000  5.417114e-02  0.000000e+00
  0.226276  -378.746885  -344.687300    0.000000  5.482458e-02  0.000000e+00
  0.226436  -378.884972  -344.727220    0.000000  5.545515e-02  0.000000e+00
  0.226596  -379.022797  -344.768259    0.000000  5.606258e-02  0.000000e+00
  0.226756  -379.160348  -344.810426    0.000000  5.664666e-02  0.000000e+00
  0.226916  -379.297613  -344.853733    0.000000  5.720724e-02  0.000000e+00
  0.227076  -379.434579  -344.898189    0.000000  5.774425e-02  0.000000e+00
  0.227236  -379.571231  -344.943803    0.000000  5.825766e-02  0.000000e+00
  0.227396  -379.707558  -344.990583    0.000000  5.874753e-02  0.000000e+00
  0.227556  -379.843543  -345.038538    0.000000  5.921398e-02  0.000000e+00
  0.227716  -379.979173  -345.087673    0.000000  5.965724e-02  0.000000e+00
  0.227876  -380.114433  -345.137996    0.000000  6.007836e-02  0.000000e+00
  0.228036  -380.249308  -345.189511    0.000000  6.047902e-02  0.000000e+00
  0.228197  -380.383781  -345.242223    0.000000  6.086091e-02  0.000000e+00
  0.228357  -380.517837  -345.296136    0.000000  6.122567e-02  0.000000e+00
  0.228517  -380.651459  -345.351253    0.000000  6.157489e-02  0.000000e+00
  0.228677  -380.784630  -345.407576    0.000000  6.191012e-02  0.000000e+00
  0.228837  -380.917333  -345.465107    0.000000  6.223287e-02  0.000000e+00
  0.228997  -381.049552  -345.523848    0.000000  6.254460e-02  0.000000e+00
  0.229157  -381.181267  -345.583798    0.000000  6.284670e-02  0.000000e+00
  0.229317  -381.312461  -345.644958    0.000000  6.314052e-02  0.000000e+00
  0.229477  -381.443117  -345.707327    0.000000  6.342737e-02  0.000000e+00
  0.229637  -381.573215  -345.770903    0.000000  6.370848e-02  0.000000e+00
  0.229797  -381.702738  -345.835685    0.000000  6.398504e-02  0.000000e+00
  0.229957  -381.831666  -345.901670    0.000000  6.425818e-02  0.000000e+00
  0.230117  -381.959982  -345.968856    0.000000  6.452896e-02  0.000000e+00
  0.230277  -382.087665  -346.037238    0.000000  6.479839e-02  0.000000e+00
  0.230437  -382.214697  -346.106815    0.000000  6.506742e-02  0.000000e+00
  0.230597  -382.341059  -346.177580    0.000000  6.533693e-02  0.000000e+00
  0.230757  -382.466732  -346.249530    0.000000  6.560776e-02  0.000000e+00
  0.230917  -382.591697  -346.322659    0.000000  6.588065e-02  0.000000e+00
  0.231077  -382.715934  -346.396962    0.000000  6.615630e-02  0.000000e+00
  0.231237  -382.839424  -346.472434    0.000000  6.643534e-02  0.000000e+00
  0.231397  -382.962148  -346.549067    0.000000  6.671833e-02  0.000000e+00
  0.231557  -383.084087  -346.626856    0.000000  6.700576e-02  0.000000e+00
  0.231717  -383.205222  -346.705794    0.000000  6.729806e-02  0.000000e+00
  0.231877  -383.325535  -346.785874    0.000000  6.759557e-02  0.000000e+00
  0.232037  -383.445005  -346.867088    0.000000  6.789858e-02  0.000000e+00
  0.232197  -383.563615  -346.949430    0.000000  6.820729e-02  0.000000e+00
  0.232357  -383.681346  -347.032891    0.000000  6.852182e-02  0.000000e+00
  0.232517  -383.798180  -347.117463    0.000000  6.884223e-02  0.000000e+00
  0.232677  -383.914098  -347.203139    0.000000  6.916848e-02  0.000000e+00
  0.232837  -384.029082  -347.289911    0.000000  6.950046e-02  0.000000e+00
  0.232997  -384.143115  -347.377770    0.000000  6.983798e-02  0.000000e+00
  0.233157  -384.256179  -347.466707    0.000000  7.018075e-02  0.000000e+00
  0.233317  -384.368258  -347.556714    0.000000  7.052839e-02  0.000000e+00
  0.233477  -384.479333  -347.647783    0.000000  7.088044e-02  0.000000e+00
  0.233637  -384.589390  -347.739905    0.000000  7.123636e-02  0.000000e+00
  0.233797  -384.698410  -347.833071    0.000000  7.159547e-02  0.000000e+00
  0.233957  -384.806379  -347.927273    0.000000  7.195703e-02  0.000000e+00
  0.234117  -384.913281  -348.022502    0.000000  7.232020e-02  0.000000e+00
  0.234277  -385.019101  -348.118750    0.000000  7.268401e-02  0.000000e+00
  0.234438  -385.123824  -348.216008    0.000000  7.304741e-02  0.000000e+00
  0.234598  -385.227436  -348.314268    0.000000  7.340923e-02  0.000000e+00
  0.234758  -385.329924  -348.413521    0.000000  7.376821e-02  0.000000e+00
  0.234918  -385.431273  -348.513759    0.000000  7.412296e-02  0.000000e+00
  0.235078  -385.531471  -348.614975    0.000000  7.447201e-02  0.000000e+00
  0.235238  -385.630506  -348.717160    0.000000  7.481375e-02  0.000000e+00
  0.235398  -385.728366  -348.820307    0.000000  7.514647e-02  0.000000e+00
  0.235558  -385.825040  -348.924408    0.000000  7.546837e-02  0.000000e+00
  0.235718  -385.920518  -349.029457    0.000000  7.577753e-02  0.000000e+00
  0.235878  -386.014789  -349.135446    0.000000  7.607193e-02  0.000000e+00
  0.236038  -386.107845  -349.242368    0.000000  7.634944e-02  0.000000e+00
  0.236198  -386.199676  -349.350218    0.000000  7.660785e-02  0.000000e+00
  0.236358  -386.290274  -349.458989    0.000000  7.684442e-02  0.000000e+00
  0.236518  -386.379633  -349.568675    0.000000  7.705462e-02  0.000000e+00
  0.236678  -386.467745  -349.679271    0.000000  7.723353e-02  0.000000e+00
  0.236838  -386.554605  -349.790772    0.000000  7.737631e-02  0.000000e+00
  0.236998  -386.640208  -349.903173    0.000000  7.747822e-02  0.000000e+00
  0.237158  -386.724549  -350.016468    0.000000  7.753468e-02  0.000000e+00
  0.237318  -386.807626  -350.130654    0.000000  7.754124e-02  0.000000e+00
  0.237478  -386.889435  -350.245725    0.000000  7.749364e-02  0.000000e+00
  0.237638  -386.969975  -350.361677    0.000000  7.738782e-02  0.000000e+00
  0.237798  -387.049246  -350.478505    0.000000  7.721993e-02  0.000000e+00
  0.237958  -387.127247  -350.596204    0.000000  7.698636e-02  0.000000e+00
  0.238118  -387.203981  -350.714769    0.000000  7.668377e-02  0.000000e+00
  0.238278  -387.279449  -350.834195    0.000000  7.630908e-02  0.000000e+00
  0.238438  -387.353655  -350.954476    0.000000  7.585950e-02  0.000000e+00
  0.238598  -387.426604  -351.075606    0.000000  7.533253e-02  0.000000e+00
  0.238758  -387.498301  -351.197580    0.000000  7.472599e-02  0.000000e+00
  0.238918  -387.568753  -351.320391    0.000000  7.403800e-02  0.000000e+00
  0.239078  -387.637969  -351.444032    0.000000  7.326698e-02  0.000000e+00
  0.239238  -387.705957  -351.568496    0.000000  7.241168e-02  0.000000e+00
  0.239398  -387.772728  -351.693774    0.000000  7.147113e-02  0.000000e+00
  0.239558  -387.838294  -351.819858    0.000000  7.044467e-02  0.000000e+00
  0.239718  -387.902668  -351.946738    0.000000  6.933189e-02  0.000000e+00
  0.239878  -387.965865  -352.074406    0.000000  6.813265e-02  0.000000e+00
  0.240038  -388.027900  -352.202849    0.000000  6.684707e-02  0.000000e+00
  0.240198  -388.088791  -352.332057    0.000000  6.547546e-02  0.000000e+00
  0.240358  -388.148558  -352.462018    0.000000  6.401830e-02  0.000000e+00
  0.240518  -388.207219  -352.592718    0.000000  6.247627e-02  0.000000e+00
  0.240679  -388.264797  -352.724143    0.000000  6.085013e-02  0.000000e+00
  0.240839  -388.321316  -352.856278    0.000000  5.914075e-02  0.000000e+00
  0.240999  -388.376799  -352.989107    0.000000  5.734904e-02  0.000000e+00
  0.241159  -388.431274  -353.122612    0.000000  5.547593e-02  0.000000e+00
  0.241319  -388.484770  -353.256776    0.000000  5.352232e-02  0.000000e+00
  0.241479  -388.537315  -353.391579    0.000000  5.148903e-02  0.000000e+00
  0.241639  -388.588941  -353.527000    0.000000  4.937679e-02  0.000000e+00
  0.241799  -388.639682  -353.663017    0.000000  4.718617e-02  0.000000e+00
  0.241959  -388.689573  -353.799607    0.000000  4.491754e-02  0.000000e+00
  0.242119  -388.738650  -353.936745    0.000000  4.257105e-02  0.000000e+00
  0.242279  -388.786953  -354.074405    0.000000  4.014655e-02  0.000000e+00
  0.242439  -388.834522  -354.212559    0.000000  3.764358e-02  0.000000e+00
  0.242599  -388.881399  -354.351178    0.000000  3.506134e-02  0.000000e+00
  0.242759  -388.927630  -354.490232    0.000000  3.239859e-02  0.000000e+00
  0.242919  -388.973259  -354.629687    0.000000  2.965367e-02  0.000000e+00
  0.243079  -389.018336  -354.769511    0.000000  2.682442e-02  0.000000e+00
  0.243239  -389.062911  -354.909667    0.000000  2.390815e-02  0.000000e+00
  0.243399  -389.107037  -355.050118    0.000000  2.090159e-02  0.000000e+00
  0.243559  -389.150767  -355.190825    0.000000  1.780087e-02  0.000000e+00
  0.243719  -389.194160  -355.331745    0.000000  1.460369e-02  0.000000e+00
  0.243879  -389.237272  -355.472837    0.000000  1.131398e-02  0.000000e+00
  0.244039  -389.280166  -355.614056    0.000000  7.936227e-03  0.000000e+00
  0.244199  -389.322904  -355.755354    0.000000  4.474168e-03  0.000000e+00
  0.244359  -389.365549  -355.896685    0.000000  9.308490e-04  0.000000e+00
  0.244519  -389.408169  -356.037997    0.000000  2.691298e-03  0.000000e+00
  0.244679  -389.450829  -356.179242    0.000000  6.390381e-03  0.000000e+00
  0.244839  -389.493598  -356.320367    0.000000  1.016496e-02  0.000000e+00
  0.244999  -389.536545  -356.461318    0.000000  1.401397e-02  0.000000e+00
  0.245159  -389.579741  -356.602043    0.000000  1.793659e-02  0.000000e+00
  0.245319  -389.623257  -356.742486    0.000000  2.193217e-02  0.000000e+00
  0.245479  -389.667163  -356.882592    0.000000  2.600011e-02  0.000000e+00
  0.245639  -389.711533  -357.022306    0.000000  3.013974e-02  0.000000e+00
  0.245799  -389.756438  -357.161570    0.000000  3.435017e-02  0.000000e+00
  0.245959  -389.801950  -357.300329    0.000000  3.863020e-02  0.000000e+00
  0.246119  -389.848142  -357.438525    0.000000  4.297815e-02  0.000000e+00
  0.246279  -389.895085  -357.576101    0.000000  4.739172e-02  0.000000e+00
  0.246439  -389.942852  -357.713001    0.000000  5.186784e-02  0.000000e+00
  0.246599  -389.991513  -357.849168    0.000000  5.640250e-02  0.000000e+00
  0.246759  -390.041140  -357.984546    0.000000  6.099060e-02  0.000000e+00
  0.246920  -390.091800  -358.119078    0.000000  6.562579e-02  0.000000e+00
  0.247080  -390.143564  -358.252709    0.000000  7.030029e-02  0.000000e+00
  0.247240  -390.196499  -358.385384    0.000000  7.500475e-02  0.000000e+00
  0.247400  -390.250670  -358.517050    0.000000  7.972811e-02  0.000000e+00
  0.247560  -390.306143  -358.647654    0.000000  8.445745e-02  0.000000e+00
  0.247720  -390.362980  -358.777142    0.000000  8.917789e-02  0.000000e+00
  0.247880  -390.421243  -358.905465    0.000000  9.387252e-02  0.000000e+00
  0.248040  -390.480991  -359.032573    0.000000  9.852232e-02  0.000000e+00
  0.248200  -390.542282  -359.158417    0.000000  1.031062e-01  0.000000e+00
  0.248360  -390.605170  -359.282951    0.000000  1.076010e-01  0.000000e+00
  0.248520  -390.669708  -359.406130    0.000000  1.119817e-01  0.000000e+00
  0.248680  -390.735947  -359.527911    0.000000  1.162214e-01  0.000000e+00
  0.248840  -390.803933  -359.648251    0.000000  1.202918e-01  0.000000e+00
  0.249000  -390.873711  -359.767113    0.000000  1.241633e-01  0.000000e+00
  0.249160  -390.945323  -359.884457    0.000000  1.278055e-01  0.000000e+00
  0.249320  -391.018806  -360.000250    0.000000  1.311875e-01  0.000000e+00
  0.249480  -391.094196  -360.114459    0.000000  1.342788e-01  0.000000e+00
  0.249640  -391.171525  -360.227053    0.000000  1.370493e-01  0.000000e+00
  0.249800  -391.250819  -360.338005    0.000000  1.394704e-01  0.000000e+00
  0.249960  -391.332104  -360.447290    0.000000  1.415151e-01  0.000000e+00
  0.250120  -391.415398  -360.554887    0.000000  1.431609e-01  0.000000e+00
  0.250280  -391.500719  -360.660776    0.000000  1.443991e-01  0.000000e+00
  0.250440  -391.588077  -360.764940    0.000000  1.452280e-01  0.000000e+00
  0.250600  -391.677481  -360.867368    0.000000  1.456496e-01  0.000000e+00
  0.250760  -391.768934  -360.968049    0.000000  1.456691e-01  0.000000e+00
  0.250920  -391.862438  -361.066975    0.000000  1.452953e-01  0.000000e+00
  0.251080  -391.957989  -361.164142    0.000000  1.445401e-01  0.000000e+00
  0.251240  -392.055579  -361.259547    0.000000  1.434184e-01  0.000000e+00
  0.251400  -392.155199  -361.353191    0.000000  1.419479e-01  0.000000e+00
  0.251560  -392.256835  -361.445077    0.000000  1.401484e-01  0.000000e+00
  0.251720  -392.360469  -361.535212    0.000000  1.380419e-01  0.000000e+00
  0.251880  -392.466082  -361.623603    0.000000  1.356517e-01  0.000000e+00
  0.252040  -392.573651  -361.710261    0.000000  1.330023e-01  0.000000e+00
  0.252200  -392.683149  -361.795200    0.000000  1.301186e-01  0.000000e+00
  0.252360  -392.794548  -361.878434    0.000000  1.270260e-01  0.000000e+00
  0.252520  -392.907814  -361.959982    0.000000  1.237493e-01  0.000000e+00
  0.252680  -393.022915  -362.039863    0.000000  1.203132e-01  0.000000e+00
  0.252840  -393.139814  -362.118100    0.000000  1.167411e-01  0.000000e+00
  0.253000  -393.258469  -362.194717    0.000000  1.130557e-01  0.000000e+00
  0.253161  -393.378841  -362.269741    0.000000  1.092781e-01  0.000000e+00
  0.253321  -393.500884  -362.343200    0.000000  1.054279e-01  0.000000e+00
  0.253481  -393.624553  -362.415125    0.000000  1.015232e-01  0.000000e+00
  0.253641  -393.749800  -362.485547    0.000000  9.758043e-02  0.000000e+00
  0.253801  -393.876573  -362.554502    0.000000  9.361414e-02  0.000000e+00
  0.253961  -394.004821  -362.622026    0.000000  8.963728e-02  0.000000e+00
  0.254121  -394.134490  -362.688156    0.000000  8.566106e-02  0.000000e+00
  0.254281  -394.265525  -362.752933    0.000000  8.169502e-02  0.000000e+00
  0.254441  -394.397867  -362.816397    0.000000  7.774715e-02  0.000000e+00
  0.254601  -394.531460  -362.878592    0.000000  7.382391e-02  0.000000e+00
  0.254761  -394.666242  -362.939562    0.000000  6.993035e-02  0.000000e+00
  0.254921  -394.802153  -362.999354    0.000000  6.607023e-02  0.000000e+00
  0.255081  -394.939131  -363.058015    0.000000  6.224606e-02  0.000000e+00
  0.255241  -395.077111  -363.115594    0.000000  5.845926e-02  0.000000e+00
  0.255401  -395.216029  -363.172142    0.000000  5.471022e-02  0.000000e+00
  0.255561  -395.355821  -363.227711    0.000000  5.099844e-02  0.000000e+00
  0.255721  -395.496420  -363.282354    0.000000  4.732256e-02  0.000000e+00
  0.255881  -395.637759  -363.336125    0.000000  4.368051e-02  0.000000e+00
  0.256041  -395.779772  -363.389080    0.000000  4.006954e-02  0.000000e+00
  0.256201  -395.922390  -363.441275    0.000000  3.648636e-02  0.000000e+00
  0.256361  -396.065545  -363.492768    0.000000  3.292713e-02  0.000000e+00
  0.256521  -396.209170  -363.543619    0.000000  2.938759e-02  0.000000e+00
  0.256681  -396.353195  -363.593886    0.000000  2.586311e-02  0.000000e+00
  0.256841  -396.497552  -363.643631    0.000000  2.234873e-02  0.000000e+00
  0.257001  -396.642172  -363.692914    0.000000  1.883923e-02  0.000000e+00
  0.257161  -396.786988  -363.741800    0.000000  1.532917e-02  0.000000e+00
  0.257321  -396.931930  -363.790350    0.000000  1.181296e-02  0.000000e+00
  0.257481  -397.076931  -363.838629    0.000000  8.284908e-03  0.000000e+00
  0.257641  -397.221924  -363.886701    0.000000  4.739263e-03  0.000000e+00
  0.257801  -397.366841  -363.934632    0.000000  1.170273e-03  0.000000e+00
  0.257961  -397.511616  -363.982488    0.000000  2.427331e-03  0.000000e+00
  0.258121  -397.656185  -364.030334    0.000000  6.057865e-03  0.000000e+00
  0.258281  -397.800481  -364.078238    0.000000  9.725370e-03  0.000000e+00
  0.258441  -397.944442  -364.126267    0.000000  1.343367e-02  0.000000e+00
  0.258601  -398.088003  -364.174488    0.000000  1.718630e-02  0.000000e+00
  0.258761  -398.231103  -364.222968    0.000000  2.098647e-02  0.000000e+00
  0.258921  -398.373681  -364.271776    0.000000  2.483698e-02  0.000000e+00
  0.259081  -398.515675  -364.320977    0.000000  2.874017e-02  0.000000e+00
  0.259241  -398.657028  -364.370639    0.000000  3.269781e-02  0.000000e+00
  0.259402  -398.797680  -364.420830    0.000000  3.671105e-02  0.000000e+00
  0.259562  -398.937574  -364.471615    0.000000  4.078028e-02  0.000000e+00
  0.259722  -399.076655  -364.523061    0.000000  4.490510e-02  0.000000e+00
  0.259882  -399.214867  -364.575233    0.000000  4.908415e-02  0.000000e+00
  0.260042  -399.352158  -364.628195    0.000000  5.331503e-02  0.000000e+00
  0.260202  -399.488475  -364.682011    0.000000  5.759420e-02  0.000000e+00
  0.260362  -399.623767  -364.736744    0.000000  6.191683e-02  0.000000e+00
  0.260522  -399.757985  -364.792456    0.000000  6.627676e-02  0.000000e+00
  0.260682  -399.891081  -364.849207    0.000000  7.066630e-02  0.000000e+00
  0.260842  -400.023008  -364.907058    0.000000  7.507622e-02  0.000000e+00
  0.261002  -400.153721  -364.966066    0.000000  7.949560e-02  0.000000e+00
  0.261162  -400.283177  -365.026289    0.000000  8.391182e-02  0.000000e+00
  0.261322  -400.411333  -365.087781    0.000000  8.831047e-02  0.000000e+00
  0.261482  -400.538149  -365.150596    0.000000  9.267536e-02  0.000000e+00
  0.261642  -400.663588  -365.214786    0.000000  9.698853e-02  0.000000e+00
  0.261802  -400.787611  -365.280401    0.000000  1.012303e-01  0.000000e+00
  0.261962  -400.910185  -365.347490    0.000000  1.053794e-01  0.000000e+00
  0.262122  -401.031275  -365.416098    0.000000  1.094132e-01  0.000000e+00
  0.262282  -401.150851  -365.486269    0.000000  1.133077e-01  0.000000e+00
  0.262442  -401.268882  -365.558045    0.000000  1.170378e-01  0.000000e+00
  0.262602  -401.385342  -365.631466    0.000000  1.205781e-01  0.000000e+00
  0.262762  -401.500205  -365.706569    0.000000  1.239026e-01  0.000000e+00
  0.262922  -401.613448  -365.783387    0.000000  1.269854e-01  0.000000e+00
  0.263082  -401.725048  -365.861953    0.000000  1.298013e-01  0.000000e+00
  0.263242  -401.834988  -365.942295    0.000000  1.323261e-01  0.000000e+00
  0.263402  -401.943250  -366.024440    0.000000  1.345368e-01  0.000000e+00
  0.263562  -402.049818  -366.108412    0.000000  1.364128e-01  0.000000e+00
  0.263722  -402.154682  -366.194229    0.000000  1.379355e-01  0.000000e+00
  0.263882  -402.257829  -366.281910    0.000000  1.390893e-01  0.000000e+00
  0.264042  -402.359253  -366.371467    0.000000  1.398619e-01  0.000000e+00
  0.264202  -402.458948  -366.462912    0.000000  1.402442e-01  0.000000e+00
  0.264362  -402.556911  -366.556251    0.000000  1.402342e-01  0.000000e+00
  0.264522  -402.653141  -366.651488    0.000000  1.398403e-01  0.000000e+00
  0.264682  -402.747640  -366.748622    0.000000  1.390748e-01  0.000000e+00
  0.264842  -402.840413  -366.847651    0.000000  1.379532e-01  0.000000e+00
  0.265002  -402.931466  -366.948567    0.000000  1.364932e-01  0.000000e+00
  0.265162  -403.020807  -367.051361    0.000000  1.347149e-01  0.000000e+00
  0.265322  -403.108448  -367.156020    0.000000  1.326402e-01  0.000000e+00
  0.265482  -403.194401  -367.262528    0.000000  1.302922e-01  0.000000e+00
  0.265643  -403.278683  -367.370867    0.000000  1.276952e-01  0.000000e+00
  0.265803  -403.361309  -367.481015    0.000000  1.248738e-01  0.000000e+00
  0.265963  -403.442301  -367.592947    0.000000  1.218528e-01  0.000000e+00
  0.266123  -403.521678  -367.706638    0.000000  1.186567e-01  0.000000e+00
  0.266283  -403.599464  -367.822056    0.000000  1.153096e-01  0.000000e+00
  0.266443  -403.675685  -367.939172    0.000000  1.118344e-01  0.000000e+00
  0.266603  -403.750367  -368.057950    0.000000  1.082531e-01  0.000000e+00
  0.266763  -403.823538  -368.178354    0.000000  1.045865e-01  0.000000e+00
  0.266923  -403.895229  -368.300345    0.000000  1.008535e-01  0.000000e+00
  0.267083  -403.965472  -368.423884    0.000000  9.707199e-02  0.000000e+00
  0.267243  -404.034300  -368.548926    0.000000  9.325782e-02  0.000000e+00
  0.267403  -404.101749  -368.675428    0.000000  8.942535e-02  0.000000e+00
  0.267563  -404.167855  -368.803343    0.000000  8.558725e-02  0.000000e+00
  0.267723  -404.232656  -368.932623    0.000000  8.175459e-02  0.000000e+00
  0.267883  -404.296192  -369.063219    0.000000  7.793685e-02  0.000000e+00
  0.268043  -404.358504  -369.195078    0.000000  7.414200e-02  0.000000e+00
  0.268203  -404.419633  -369.328149    0.000000  7.037661e-02  0.000000e+00
  0.268363  -404.479622  -369.462378    0.000000  6.664592e-02  0.000000e+00
  0.268523  -404.538518  -369.597708    0.000000  6.295392e-02  0.000000e+00
  0.268683  -404.596364  -369.734084    0.000000  5.930346e-02  0.000000e+00
  0.268843  -404.653209  -369.871447    0.000000  5.569639e-02  0.000000e+00
  0.269003  -404.709099  -370.009740    0.000000  5.213358e-02  0.000000e+00
  0.269163  -404.764083  -370.148903    0.000000  4.861508e-02  0.000000e+00
  0.269323  -404.818212  -370.288876    0.000000  4.514018e-02  0.000000e+00
  0.269483  -404.871536  -370.429597    0.000000  4.170749e-02  0.000000e+00
  0.269643  -404.924106  -370.571004    0.000000  3.831505e-02  0.000000e+00
  0.269803  -404.975975  -370.713037    0.000000  3.496036e-02  0.000000e+00
  0.269963  -405.027196  -370.855631    0.000000  3.164050e-02  0.000000e+00
  0.270123  -405.077821  -370.998724    0.000000  2.835215e-02  0.000000e+00
  0.270283  -405.127907  -371.142253    0.000000  2.509168e-02  0.000000e+00
  0.270443  -405.177507  -371.286154    0.000000  2.185518e-02  0.000000e+00
  0.270603  -405.226677  -371.430363    0.000000  1.863852e-02  0.000000e+00
  0.270763  -405.275473  -371.574818    0.000000  1.543744e-02  0.000000e+00
  0.270923  -405.323951  -371.719454    0.000000  1.224753e-02  0.000000e+00
  0.271083  -405.372168  -371.864208    0.000000  9.064429e-03  0.000000e+00
  0.271243  -405.420181  -372.009017    0.000000  5.883743e-03  0.000000e+00
  0.271403  -405.468047  -372.153818    0.000000  2.701076e-03  0.000000e+00
  0.271563  -405.515824  -372.298550    0.000000  4.879430e-04  0.000000e+00
  0.271723  -405.563569  -372.443149    0.000000  3.687632e-03  0.000000e+00
  0.271884  -405.611340  -372.587554    0.000000  6.902222e-03  0.000000e+00
  0.272044  -405.659194  -372.731704    0.000000  1.013583e-02  0.000000e+00
  0.272204  -405.707190  -372.875539    0.000000  1.339242e-02  0.000000e+00
  0.272364  -405.755384  -373.018998    0.000000  1.667578e-02  0.000000e+00
  0.272524  -405.803834  -373.162023    0.000000  1.998945e-02  0.000000e+00
  0.272684  -405.852596  -373.304554    0.000000  2.333672e-02  0.000000e+00
  0.272844  -405.901727  -373.446534    0.000000  2.672054e-02  0.000000e+00
  0.273004  -405.951283  -373.587907    0.000000  3.014349e-02  0.000000e+00
  0.273164  -406.001320  -373.728616    0.000000  3.360775e-02  0.000000e+00
  0.273324  -406.051893  -373.868606    0.000000  3.711496e-02  0.000000e+00
  0.273484  -406.103056  -374.007823    0.000000  4.066623e-02  0.000000e+00
  0.273644  -406.154864  -374.146215    0.000000  4.426203e-02  0.000000e+00
  0.273804  -406.207369  -374.283728    0.000000  4.790213e-02  0.000000e+00
  0.273964  -406.260624  -374.420314    0.000000  5.158548e-02  0.000000e+00
  0.274124  -406.314681  -374.555922    0.000000  5.531018e-02  0.000000e+00
  0.274284  -406.369589  -374.690505    0.000000  5.907335e-02  0.000000e+00
  0.274444  -406.425399  -374.824014    0.000000  6.287107e-02  0.000000e+00
  0.274604  -406.482158  -374.956407    0.000000  6.669828e-02  0.000000e+00
  0.274764  -406.539915  -375.087637    0.000000  7.054868e-02  0.000000e+00
  0.274924  -406.598715  -375.217663    0.000000  7.441468e-02  0.000000e+00
  0.275084  -406.658603  -375.346445    0.000000  7.828730e-02  0.000000e+00
  0.275244  -406.719623  -375.473942    0.000000  8.215615e-02  0.000000e+00
  0.275404  -406.781817  -375.600118    0.000000  8.600934e-02  0.000000e+00
  0.275564  -406.845226  -375.724936    0.000000  8.983349e-02  0.000000e+00
  0.275724  -406.909888  -375.848363    0.000000  9.361371e-02  0.000000e+00
  0.275884  -406.975843  -375.970367    0.000000  9.733363e-02  0.000000e+00
  0.276044  -407.043124  -376.090917    0.000000  1.009755e-01  0.000000e+00
  0.276204  -407.111768  -376.209985    0.000000  1.045202e-01  0.000000e+00
  0.276364  -407.181806  -376.327545    0.000000  1.079474e-01  0.000000e+00
  0.276524  -407.253269  -376.443573    0.000000  1.112359e-01  0.000000e+00
  0.276684  -407.326186  -376.558047    0.000000  1.143635e-01  0.000000e+00
  0.276844  -407.400583  -376.670947    0.000000  1.173075e-01  0.000000e+00
  0.277004  -407.476485  -376.782255    0.000000  1.200452e-01  0.000000e+00
  0.277164  -407.553916  -376.891956    0.000000  1.225536e-01  0.000000e+00
  0.277324  -407.632894  -377.000037    0.000000  1.248102e-01  0.000000e+00
  0.277484  -407.713439  -377.106488    0.000000  1.267935e-01  0.000000e+00
  0.277644  -407.795566  -377.211301    0.000000  1.284830e-01  0.000000e+00
  0.277804  -407.879289  -377.314470    0.000000  1.298597e-01  0.000000e+00
  0.277964  -407.964619  -377.415991    0.000000  1.309066e-01  0.000000e+00
  0.278124  -408.051564  -377.515866    0.000000  1.316088e-01  0.000000e+00
  0.278285  -408.140131  -377.614096    0.000000  1.319540e-01  0.000000e+00
  0.278445  -408.230323  -377.710686    0.000000  1.319345e-01  0.000000e+00
  0.278605  -408.322140  -377.805644    0.000000  1.315531e-01  0.000000e+00
  0.278765  -408.415581  -377.898981    0.000000  1.308171e-01  0.000000e+00
  0.278925  -408.510642  -377.990711    0.000000  1.297367e-01  0.000000e+00
  0.279085  -408.607315  -378.080848    0.000000  1.283248e-01  0.000000e+00
  0.279245  -408.705591  -378.169411    0.000000  1.265967e-01  0.000000e+00
  0.279405  -408.805458  -378.256421    0.000000  1.245696e-01  0.000000e+00
  0.279565  -408.906903  -378.341901    0.000000  1.222627e-01  0.000000e+00
  0.279725  -409.009910  -378.425876    0.000000  1.196965e-01  0.000000e+00
  0.279885  -409.114459  -378.508373    0.000000  1.168922e-01  0.000000e+00
  0.280045  -409.220532  -378.589423    0.000000  1.138722e-01  0.000000e+00
  0.280205  -409.328105  -378.669055    0.000000  1.106587e-01  0.000000e+00
  0.280365  -409.437154  -378.747304    0.000000  1.072742e-01  0.000000e+00
  0.280525  -409.547654  -378.824205    0.000000  1.037405e-01  0.000000e+00
  0.280685  -409.659576  -378.899794    0.000000  1.000793e-01  0.000000e+00
  0.280845  -409.772892  -378.974111    0.000000  9.631102e-02  0.000000e+00
  0.281005  -409.887569  -379.047195    0.000000  9.245524e-02  0.000000e+00
  0.281165  -410.003576  -379.119088    0.000000  8.853038e-02  0.000000e+00
  0.281325  -410.120877  -379.189833    0.000000  8.455355e-02  0.000000e+00
  0.281485  -410.239439  -379.259475    0.000000  8.054052e-02  0.000000e+00
  0.281645  -410.359223  -379.328059    0.000000  7.650566e-02  0.000000e+00
  0.281805  -410.480192  -379.395631    0.000000  7.246193e-02  0.000000e+00
  0.281965  -410.602306  -379.462241    0.000000  6.842093e-02  0.000000e+00
  0.282125  -410.725525  -379.527937    0.000000  6.439288e-02  0.000000e+00
  0.282285  -410.849807  -379.592769    0.000000  6.038672e-02  0.000000e+00
  0.282445  -410.975109  -379.656787    0.000000  5.641015e-02  0.000000e+00
  0.282605  -411.101389  -379.720043    0.000000  5.246974e-02  0.000000e+00
  0.282765  -411.228602  -379.782589    0.000000  4.857095e-02  0.000000e+00
  0.282925  -411.356703  -379.844479    0.000000  4.471833e-02  0.000000e+00
  0.283085  -411.485646  -379.905765    0.000000  4.091550e-02  0.000000e+00
  0.283245  -411.615385  -379.966501    0.000000  3.716531e-02  0.000000e+00
  0.283405  -411.745873  -380.026741    0.000000  3.346993e-02  0.000000e+00
  0.283565  -411.877063  -380.086540    0.000000  2.983091e-02  0.000000e+00
  0.283725  -412.008906  -380.145953    0.000000  2.624929e-02  0.000000e+00
  0.283885  -412.141355  -380.205034    0.000000  2.272569e-02  0.000000e+00
  0.284045  -412.274361  -380.263837    0.000000  1.926036e-02  0.000000e+00
  0.284205  -412.407876  -380.322419    0.000000  1.585329e-02  0.000000e+00
  0.284365  -412.541851  -380.380832    0.000000  1.250428e-02  0.000000e+00
  0.284526  -412.676236  -380.439133    0.000000  9.212947e-03  0.000000e+00
  0.284686  -412.810984  -380.497374    0.000000  5.978875e-03  0.000000e+00
  0.284846  -412.946046  -380.555611    0.000000  2.801610e-03  0.000000e+00
  0.285006  -413.081373  -380.613895    0.000000  3.192629e-04  0.000000e+00
  0.285166  -413.216916  -380.672280    0.000000  3.384075e-03  0.000000e+00
  0.285326  -413.352628  -380.730818    0.000000  6.393028e-03  0.000000e+00
  0.285486  -413.488461  -380.789560    0.000000  9.346150e-03  0.000000e+00
  0.285646  -413.624369  -380.848558    0.000000  1.224326e-02  0.000000e+00
  0.285806  -413.760303  -380.907861    0.000000  1.508393e-02  0.000000e+00
  0.285966  -413.896218  -380.967518    0.000000  1.786746e-02  0.000000e+00
  0.286126  -414.032070  -381.027577    0.000000  2.059284e-02  0.000000e+00
  0.286286  -414.167812  -381.088085    0.000000  2.325871e-02  0.000000e+00
  0.286446  -414.303402  -381.149088    0.000000  2.586341e-02  0.000000e+00
  0.286606  -414.438795  -381.210629    0.000000  2.840484e-02  0.000000e+00
  0.286766  -414.573951  -381.272753    0.000000  3.088057e-02  0.000000e+00
  0.286926  -414.708827  -381.335500    0.000000  3.328775e-02  0.000000e+00
  0.287086  -414.843384  -381.398911    0.000000  3.562313e-02  0.000000e+00
  0.287246  -414.977584  -381.463024    0.000000  3.788304e-02  0.000000e+00
  0.287406  -415.111388  -381.527877    0.000000  4.006344e-02  0.000000e+00
  0.287566  -415.244760  -381.593504    0.000000  4.215987e-02  0.000000e+00
  0.287726  -415.377666  -381.659938    0.000000  4.416747e-02  0.000000e+00
  0.287886  -415.510071  -381.727212    0.000000  4.608105e-02  0.000000e+00
  0.288046  -415.641944  -381.795354    0.000000  4.789504e-02  0.000000e+00
  0.288206  -415.773254  -381.864393    0.000000  4.960355e-02  0.000000e+00
  0.288366  -415.903973  -381.934352    0.000000  5.120042e-02  0.000000e+00
  0.288526  -416.034074  -382.005255    0.000000  5.267920e-02  0.000000e+00
  0.288686  -416.163531  -382.077124    0.000000  5.403325e-02  0.000000e+00
  0.288846  -416.292321  -382.149975    0.000000  5.525574e-02  0.000000e+00
  0.289006  -416.420423  -382.223825    0.000000  5.633972e-02  0.000000e+00
  0.289166  -416.547817  -382.298687    0.000000  5.727816e-02  0.000000e+00
  0.289326  -416.674486  -382.374571    0.000000  5.806398e-02  0.000000e+00
  0.289486  -416.800415  -382.451486    0.000000  5.869012e-02  0.000000e+00
  0.289646  -416.925591  -382.529437    0.000000  5.914961e-02  0.000000e+00
  0.289806  -417.050002  -382.608425    0.000000  5.943555e-02  0.000000e+00
  0.289966  -417.173642  -382.688451    0.000000  5.954123e-02  0.000000e+00
  0.290126  -417.296504  -382.769509    0.000000  5.946009e-02  0.000000e+00
  0.290286  -417.418585  -382.851594    0.000000  5.918582e-02  0.000000e+00
  0.290446  -417.539884  -382.934695    0.000000  5.871234e-02  0.000000e+00
  0.290606  -417.660402  -383.018799    0.000000  5.803381e-02  0.000000e+00
  0.290767  -417.780146  -383.103888    0.000000  5.714467e-02  0.000000e+00
  0.290927  -417.899121  -383.189943    0.000000  5.603972e-02  0.000000e+00
  0.291087  -418.017339  -383.276940    0.000000  5.471890e-02  0.000000e+00
  0.291247  -418.134812  -383.364852    0.000000  5.318966e-02  0.000000e+00
  0.291407  -418.251557  -383.453647    0.000000  5.146024e-02  0.000000e+00
  0.291567  -418.367592  -383.543292    0.000000  4.953906e-02  0.000000e+00
  0.291727  -418.482938  -383.633750    0.000000  4.743465e-02  0.000000e+00
  0.291887  -418.597618  -383.724980    0.000000  4.515557e-02  0.000000e+00
  0.292047  -418.711659  -383.816939    0.000000  4.271032e-02  0.000000e+00
  0.292207  -418.825088  -383.909582    0.000000  4.010729e-02  0.000000e+00
  0.292367  -418.937935  -384.002859    0.000000  3.735468e-02  0.000000e+00
  0.292527  -419.050233  -384.096720    0.000000  3.446044e-02  0.000000e+00
  0.292687  -419.162014  -384.191112    0.000000  3.143226e-02  0.000000e+00
  0.292847  -419.273315  -384.285977    0.000000  2.827748e-02  0.000000e+00
  0.293007  -419.384173  -384.381258    0.000000  2.500307e-02  0.000000e+00
  0.293167  -419.494626  -384.476894    0.000000  2.161566e-02  0.000000e+00
  0.293327  -419.604714  -384.572825    0.000000  1.812146e-02  0.000000e+00
  0.293487  -419.714478  -384.668985    0.000000  1.452631e-02  0.000000e+00
  0.293647  -419.823961  -384.765310    0.000000  1.083571e-02  0.000000e+00
  0.293807  -419.933207  -384.861731    0.000000  7.054770e-03  0.000000e+00
  0.293967  -420.042258  -384.958181    0.000000  3.188322e-03  0.000000e+00
  0.294127  -420.151162  -385.054590    0.000000  7.590835e-04  0.000000e+00
  0.294287  -420.259962  -385.150886    0.000000  4.783108e-03  0.000000e+00
  0.294447  -420.368705  -385.246997    0.000000  8.879570e-03  0.000000e+00
  0.294607  -420.477439  -385.342850    0.000000  1.304438e-02  0.000000e+00
  0.294767  -420.586210  -385.438371    0.000000  1.727346e-02  0.000000e+00
  0.294927  -420.695066  -385.533486    0.000000  2.156267e-02  0.000000e+00
  0.295087  -420.804053  -385.628118    0.000000  2.590772e-02  0.000000e+00
  0.295247  -420.913220  -385.722193    0.000000  3.030407e-02  0.000000e+00
  0.295407  -421.022612  -385.815635    0.000000  3.474688e-02  0.000000e+00
  0.295567  -421.132279  -385.908366    0.000000  3.923083e-02  0.000000e+00
  0.295727  -421.242264  -386.000311    0.000000  4.375013e-02  0.000000e+00
  0.295887  -421.352616  -386.091393    0.000000  4.829834e-02  0.000000e+00
  0.296047  -421.463380  -386.181537    0.000000  5.286834e-02  0.000000e+00
  0.296207  -421.574599  -386.270665    0.000000  5.745219e-02  0.000000e+00
  0.296367  -421.686319  -386.358704    0.000000  6.204110e-02  0.000000e+00
  0.296527  -421.798582  -386.445577    0.000000  6.662535e-02  0.000000e+00
  0.296687  -421.911430  -386.531211    0.000000  7.119422e-02  0.000000e+00
  0.296847  -422.024904  -386.615532    0.000000  7.573598e-02  0.000000e+00
  0.297008  -422.139043  -386.698468    0.000000  8.023783e-02  0.000000e+00
  0.297168  -422.253885  -386.779946    0.000000  8.468597e-02  0.000000e+00
  0.297328  -422.369467  -386.859896    0.000000  8.906560e-02  0.000000e+00
  0.297488  -422.485824  -386.938249    0.000000  9.336095e-02  0.000000e+00
  0.297648  -422.602989  -387.014938    0.000000  9.755543e-02  0.000000e+00
  0.297808  -422.720992  -387.089896    0.000000  1.016317e-01  0.000000e+00
  0.297968  -422.839864  -387.163058    0.000000  1.055720e-01  0.000000e+00
  0.298128  -422.959632  -387.234361    0.000000  1.093580e-01  0.000000e+00
  0.298288  -423.080320  -387.303744    0.000000  1.129713e-01  0.000000e+00
  0.298448  -423.201951  -387.371149    0.000000  1.163937e-01  0.000000e+00
  0.298608  -423.324545  -387.436519    0.000000  1.196074e-01  0.000000e+00
  0.298768  -423.448119  -387.499798    0.000000  1.225951e-01  0.000000e+00
  0.298928  -423.572690  -387.560935    0.000000  1.253406e-01  0.000000e+00
  0.299088  -423.698267  -387.619879    0.000000  1.278291e-01  0.000000e+00
  0.299248  -423.824862  -387.676584    0.000000  1.300472e-01  0.000000e+00
  0.299408  -423.952480  -387.731006    0.000000  1.319835e-01  0.000000e+00
  0.299568  -424.081124  -387.783102    0.000000  1.336286e-01  0.000000e+00
  0.299728  -424.210793  -387.832834    0.000000  1.349757e-01  0.000000e+00
  0.299888  -424.341484  -387.880168    0.000000  1.360202e-01  0.000000e+00
  0.300048  -424.473190  -387.925069    0.000000  1.367606e-01  0.000000e+00
  0.300208  -424.605901  -387.967511    0.000000  1.372056e-01  0.000000e+00
  0.300368  -424.739601  -388.007467    0.000000  1.373728e-01  0.000000e+00
  0.300528  -424.874273  -388.044914    0.000000  1.372813e-01  0.000000e+00
  0.300688  -425.009896  -388.079835    0.000000  1.369512e-01  0.000000e+00
  0.300848  -425.146446  -388.112213    0.000000  1.364032e-01  0.000000e+00
  0.301008  -425.283895  -388.142034    0.000000  1.356585e-01  0.000000e+00
  0.301168  -425.422214  -388.169289    0.000000  1.347384e-01  0.000000e+00
  0.301328  -425.561368  -388.193969    0.000000  1.336643e-01  0.000000e+00
  0.301488  -425.701322  -388.216070    0.000000  1.324572e-01  0.000000e+00
  0.301648  -425.842038  -388.235588    0.000000  1.311375e-01  0.000000e+00
  0.301808  -425.983476  -388.252524    0.000000  1.297253e-01  0.000000e+00
  0.301968  -426.125592  -388.266880    0.000000  1.282395e-01  0.000000e+00
  0.302128  -426.268341  -388.278659    0.000000  1.266984e-01  0.000000e+00
  0.302288  -426.411677  -388.287867    0.000000  1.251191e-01  0.000000e+00
  0.302448  -426.555550  -388.294513    0.000000  1.235178e-01  0.000000e+00
  0.302608  -426.699910  -388.298607    0.000000  1.219094e-01  0.000000e+00
  0.302768  -426.844705  -388.300159    0.000000  1.203080e-01  0.000000e+00
  0.302928  -426.989881  -388.299182    0.000000  1.187263e-01  0.000000e+00
  0.303088  -427.135383  -388.295692    0.000000  1.171759e-01  0.000000e+00
  0.303249  -427.281155  -388.289703    0.000000  1.156676e-01  0.000000e+00
  0.303409  -427.427139  -388.281233    0.000000  1.142110e-01  0.000000e+00
  0.303569  -427.573279  -388.270299    0.000000  1.128146e-01  0.000000e+00
  0.303729  -427.719514  -388.256922    0.000000  1.114862e-01  0.000000e+00
  0.303889  -427.865785  -388.241120    0.000000  1.102327e-01  0.000000e+00
  0.304049  -428.012032  -388.222914    0.000000  1.090601e-01  0.000000e+00
  0.304209  -428.158195  -388.202327    0.000000  1.079737e-01  0.000000e+00
  0.304369  -428.304213  -388.179379    0.000000  1.069781e-01  0.000000e+00
  0.304529  -428.450024  -388.154093    0.000000  1.060771e-01  0.000000e+00
  0.304689  -428.595570  -388.126492    0.000000  1.052742e-01  0.000000e+00
  0.304849  -428.740787  -388.096598    0.000000  1.045721e-01  0.000000e+00
  0.305009  -428.885617  -388.064435    0.000000  1.039729e-01  0.000000e+00
  0.305169  -429.029999  -388.030026    0.000000  1.034783e-01  0.000000e+00
  0.305329  -429.173874  -387.993393    0.000000  1.030895e-01  0.000000e+00
  0.305489  -429.317183  -387.954559    0.000000  1.028072e-01  0.000000e+00
  0.305649  -429.459868  -387.913546    0.000000  1.026314e-01  0.000000e+00
  0.305809  -429.601872  -387.870375    0.000000  1.025619e-01  0.000000e+00
  0.305969  -429.743139  -387.825069    0.000000  1.025977e-01  0.000000e+00
  0.306129  -429.883615  -387.777647    0.000000  1.027373e-01  0.000000e+00
  0.306289  -430.023247  -387.728130    0.000000  1.029786e-01  0.000000e+00
  0.306449  -430.161982  -387.676535    0.000000  1.033169e-01  0.000000e+00
  0.306609  -430.299770  -387.622881    0.000000  1.037444e-01  0.000000e+00
  0.306769  -430.436562  -387.567184    0.000000  1.042534e-01  0.000000e+00
  0.306929  -430.572312  -387.509461    0.000000  1.048362e-01  0.000000e+00
  0.307089  -430.706973  -387.449727    0.000000  1.054850e-01  0.000000e+00
  0.307249  -430.840501  -387.387996    0.000000  1.061923e-01  0.000000e+00
  0.307409  -430.972854  -387.324283    0.000000  1.069505e-01  0.000000e+00
  0.307569  -431.103988  -387.258601    0.000000  1.077519e-01  0.000000e+00
  0.307729  -431.233865  -387.190963    0.000000  1.085892e-01  0.000000e+00
  0.307889  -431.362445  -387.121381    0.000000  1.094546e-01  0.000000e+00
  0.308049  -431.489691  -387.049868    0.000000  1.103406e-01  0.000000e+00
  0.308209  -431.615565  -386.976434    0.000000  1.112398e-01  0.000000e+00
  0.308369  -431.740034  -386.901093    0.000000  1.121446e-01  0.000000e+00
  0.308529  -431.863062  -386.823856    0.000000  1.130478e-01  0.000000e+00
  0.308689  -431.984618  -386.744733    0.000000  1.139420e-01  0.000000e+00
  0.308849  -432.104669  -386.663736    0.000000  1.148201e-01  0.000000e+00
  0.309009  -432.223184  -386.580877    0.000000  1.156751e-01  0.000000e+00
  0.309169  -432.340134  -386.496167    0.000000  1.165004e-01  0.000000e+00
  0.309329  -432.455490  -386.409618    0.000000  1.172894e-01  0.000000e+00
  0.309490  -432.569225  -386.321241    0.000000  1.180361e-01  0.000000e+00
  0.309650  -432.681312  -386.231049    0.000000  1.187345e-01  0.000000e+00
  0.309810  -432.791726  -386.139055    0.000000  1.193794e-01  0.000000e+00
  0.309970  -432.900441  -386.045272    0.000000  1.199659e-01  0.000000e+00
  0.310130  -433.007433  -385.949713    0.000000  1.204894e-01  0.000000e+00
  0.310290  -433.112681  -385.852392    0.000000  1.209461e-01  0.000000e+00
  0.310450  -433.216160  -385.753325    0.000000  1.213327e-01  0.000000e+00
  0.310610  -433.317850  -385.652527    0.000000  1.216466e-01  0.000000e+00
  0.310770  -433.417729  -385.550013    0.000000  1.218857e-01  0.000000e+00
  0.310930  -433.515779  -385.445803    0.000000  1.220487e-01  0.000000e+00
  0.311090  -433.611979  -385.339912    0.000000  1.221349e-01  0.000000e+00
  0.311250  -433.706310  -385.232362    0.000000  1.221444e-01  0.000000e+00
  0.311410  -433.798755  -385.123171    0.000000  1.220778e-01  0.000000e+00
  0.311570  -433.889296  -385.012361    0.000000  1.219367e-01  0.000000e+00
  0.311730  -433.977916  -384.899955    0.000000  1.217231e-01  0.000000e+00
  0.311890  -434.064598  -384.785976    0.000000  1.214399e-01  0.000000e+00
  0.312050  -434.149327  -384.670449    0.000000  1.210905e-01  0.000000e+00
  0.312210  -434.232087  -384.553401    0.000000  1.206789e-01  0.000000e+00
  0.312370  -434.312863  -384.434859    0.000000  1.202099e-01  0.000000e+00
  0.312530  -434.391640  -384.314854    0.000000  1.196885e-01  0.000000e+00
  0.312690  -434.468404  -384.193416    0.000000  1.191213e-01  0.000000e+00
  0.312850  -434.543142  -384.070578    0.000000  1.185145e-01  0.000000e+00
  0.313010  -434.615838  -383.946373    0.000000  1.178743e-01  0.000000e+00
  0.313170  -434.686481  -383.820837    0.000000  1.172064e-01  0.000000e+00
  0.313330  -434.755058  -383.694007    0.000000  1.165160e-01  0.000000e+00
  0.313490  -434.821557  -383.565921    0.000000  1.158081e-01  0.000000e+00
  0.313650  -434.885966  -383.436618    0.000000  1.150869e-01  0.000000e+00
  0.313810  -434.948274  -383.306137    0.000000  1.143566e-01  0.000000e+00
  0.313970  -435.008472  -383.174521    0.000000  1.136205e-01  0.000000e+00
  0.314130  -435.066550  -383.041811    0.000000  1.128818e-01  0.000000e+00
  0.314290  -435.122499  -382.908049    0.000000  1.121431e-01  0.000000e+00
  0.314450  -435.176310  -382.773280    0.000000  1.114068e-01  0.000000e+00
  0.314610  -435.227977  -382.637547    0.000000  1.106745e-01  0.000000e+00
  0.314770  -435.277494  -382.500895    0.000000  1.099477e-01  0.000000e+00
  0.314930  -435.324854  -382.363370    0.000000  1.092275e-01  0.000000e+00
  0.315090  -435.370052  -382.225015    0.000000  1.085145e-01  0.000000e+00
  0.315250  -435.413086  -382.085879    0.000000  1.078088e-01  0.000000e+00
  0.315410  -435.453952  -381.946005    0.000000  1.071106e-01  0.000000e+00
  0.315570  -435.492649  -381.805441    0.000000  1.064191e-01  0.000000e+00
  0.315731  -435.529175  -381.664232    0.000000  1.057338e-01  0.000000e+00
  0.315891  -435.563531  -381.522426    0.000000  1.050535e-01  0.000000e+00
  0.316051  -435.595719  -381.380066    0.000000  1.043766e-01  0.000000e+00
  0.316211  -435.625742  -381.237200    0.000000  1.037015e-01  0.000000e+00
  0.316371  -435.653602  -381.093873    0.000000  1.030261e-01  0.000000e+00
  0.316531  -435.679306  -380.950130    0.000000  1.023480e-01  0.000000e+00
  0.316691  -435.702859  -380.806015    0.000000  1.016647e-01  0.000000e+00
  0.316851  -435.724269  -380.661573    0.000000  1.009731e-01  0.000000e+00
  0.317011  -435.743545  -380.516846    0.000000  1.002701e-01  0.000000e+00
  0.317171  -435.760698  -380.371878    0.000000  9.955228e-02  0.000000e+00
  0.317331  -435.775739  -380.226710    0.000000  9.881592e-02  0.000000e+00
  0.317491  -435.788681  -380.081384    0.000000  9.805707e-02  0.000000e+00
  0.317651  -435.799540  -379.935939    0.000000  9.727157e-02  0.000000e+00
  0.317811  -435.808331  -379.790414    0.000000  9.645501e-02  0.000000e+00
  0.317971  -435.815072  -379.644848    0.000000  9.560278e-02  0.000000e+00
  0.318131  -435.819783  -379.499275    0.000000  9.471005e-02  0.000000e+00
  0.318291  -435.822484  -379.353733    0.000000  9.377182e-02  0.000000e+00
  0.318451  -435.823199  -379.208255    0.000000  9.278287e-02  0.000000e+00
  0.318611  -435.821951  -379.062872    0.000000  9.173785e-02  0.000000e+00
  0.318771  -435.818768  -378.917617    0.000000  9.063121e-02  0.000000e+00
  0.318931  -435.813676  -378.772517    0.000000  8.945730e-02  0.000000e+00
  0.319091  -435.806707  -378.627601    0.000000  8.821032e-02  0.000000e+00
  0.319251  -435.797890  -378.482894    0.000000  8.688435e-02  0.000000e+00
  0.319411  -435.787261  -378.338420    0.000000  8.547340e-02  0.000000e+00
  0.319571  -435.774854  -378.194200    0.000000  8.397137e-02  0.000000e+00
  0.319731  -435.760707  -378.050255    0.000000  8.237213e-02  0.000000e+00
  0.319891  -435.744859  -377.906600    0.000000  8.066951e-02  0.000000e+00
  0.320051  -435.727352  -377.763253    0.000000  7.885834e-02  0.000000e+00
  0.320211  -435.708230  -377.620225    0.000000  7.693829e-02  0.000000e+00
  0.320371  -435.687537  -377.477528    0.000000  7.491079e-02  0.000000e+00
  0.320531  -435.665322  -377.335170    0.000000  7.277773e-02  0.000000e+00
  0.320691  -435.641633  -377.193157    0.000000  7.054148e-02  0.000000e+00
  0.320851  -435.616522  -377.051494    0.000000  6.820480e-02  0.000000e+00
  0.321011  -435.590042  -376.910183    0.000000  6.577081e-02  0.000000e+00
  0.321171  -435.562246  -376.769224    0.000000  6.324298e-02  0.000000e+00
  0.321331  -435.533190  -376.628618    0.000000  6.062505e-02  0.000000e+00
  0.321491  -435.502932  -376.488360    0.000000  5.792101e-02  0.000000e+00
  0.321651  -435.471529  -376.348446    0.000000  5.513506e-02  0.000000e+00
  0.321811  -435.439041  -376.208870    0.000000  5.227158e-02  0.000000e+00
  0.321972  -435.405529  -376.069625    0.000000  4.933509e-02  0.000000e+00
  0.322132  -435.371055  -375.930702    0.000000  4.633022e-02  0.000000e+00
  0.322292  -435.335681  -375.792090    0.000000  4.326170e-02  0.000000e+00
  0.322452  -435.299471  -375.653778    0.000000  4.013431e-02  0.000000e+00
  0.322612  -435.262489  -375.515753    0.000000  3.695290e-02  0.000000e+00
  0.322772  -435.224799  -375.378001    0.000000  3.372235e-02  0.000000e+00
  0.322932  -435.186468  -375.240509    0.000000  3.044755e-02  0.000000e+00
  0.323092  -435.147561  -375.103259    0.000000  2.713344e-02  0.000000e+00
  0.323252  -435.108145  -374.966236    0.000000  2.378496e-02  0.000000e+00
  0.323412  -435.068287  -374.829423    0.000000  2.040709e-02  0.000000e+00
  0.323572  -435.028053  -374.692801    0.000000  1.700482e-02  0.000000e+00
  0.323732  -434.987511  -374.556351    0.000000  1.358320e-02  0.000000e+00
  0.323892  -434.946728  -374.420056    0.000000  1.014729e-02  0.000000e+00
  0.324052  -434.905770  -374.283894    0.000000  6.702249e-03  0.000000e+00
  0.324212  -434.864706  -374.147847    0.000000  3.253277e-03  0.000000e+00
  0.324372  -434.823601  -374.011894    0.000000  1.943281e-04  0.000000e+00
  0.324532  -434.782523  -373.876014    0.000000  3.635173e-03  0.000000e+00
  0.324692  -434.741537  -373.740188    0.000000  7.063753e-03  0.000000e+00
  0.324852  -434.700709  -373.604394    0.000000  1.047444e-02  0.000000e+00
  0.325012  -434.660105  -373.468611    0.000000  1.386147e-02  0.000000e+00
  0.325172  -434.619788  -373.332820    0.000000  1.721894e-02  0.000000e+00
  0.325332  -434.579823  -373.196999    0.000000  2.054080e-02  0.000000e+00
  0.325492  -434.540271  -373.061129    0.000000  2.382086e-02  0.000000e+00
  0.325652  -434.501196  -372.925190    0.000000  2.705277e-02  0.000000e+00
  0.325812  -434.462659  -372.789162    0.000000  3.023005e-02  0.000000e+00
  0.325972  -434.424718  -372.653027    0.000000  3.334612e-02  0.000000e+00
  0.326132  -434.387433  -372.516767    0.000000  3.639426e-02  0.000000e+00
  0.326292  -434.350861  -372.380362    0.000000  3.936768e-02  0.000000e+00
  0.326452  -434.315059  -372.243798    0.000000  4.225954e-02  0.000000e+00
  0.326612  -434.280081  -372.107056    0.000000  4.506298e-02  0.000000e+00
  0.326772  -434.245980  -371.970123    0.000000  4.777117e-02  0.000000e+00
  0.326932  -434.212807  -371.832983    0.000000  5.037731e-02  0.000000e+00
  0.327092  -434.180613  -371.695624    0.000000  5.287474e-02  0.000000e+00
  0.327252  -434.149445  -371.558033    0.000000  5.525695e-02  0.000000e+00
  0.327412  -434.119350  -371.420199    0.000000  5.751766e-02  0.000000e+00
  0.327572  -434.090371  -371.282113    0.000000  5.965085e-02  0.000000e+00
  0.327732  -434.062550  -371.143766    0.000000  6.165279e-02  0.000000e+00
  0.327892  -434.035929  -371.005150    0.000000  6.352506e-02  0.000000e+00
  0.328052  -434.010544  -370.866261    0.000000  6.527023e-02  0.000000e+00
  0.328213  -433.986431  -370.727094    0.000000  6.689106e-02  0.000000e+00
  0.328373  -433.963625  -370.587646    0.000000  6.839050e-02  0.000000e+00
  0.328533  -433.942157  -370.447915    0.000000  6.977173e-02  0.000000e+00
  0.328693  -433.922057  -370.307902    0.000000  7.103809e-02  0.000000e+00
  0.328853  -433.903353  -370.167607    0.000000  7.219314e-02  0.000000e+00
  0.329013  -433.886073  -370.027032    0.000000  7.324063e-02  0.000000e+00
  0.329173  -433.870240  -369.886180    0.000000  7.418447e-02  0.000000e+00
  0.329333  -433.855878  -369.745056    0.000000  7.502876e-02  0.000000e+00
  0.329493  -433.843009  -369.603666    0.000000  7.577776e-02  0.000000e+00
  0.329653  -433.831651  -369.462017    0.000000  7.643587e-02  0.000000e+00
  0.329813  -433.821824  -369.320116    0.000000  7.700762e-02  0.000000e+00
  0.329973  -433.813544  -369.177972    0.000000  7.749765e-02  0.000000e+00
  0.330133  -433.806827  -369.035596    0.000000  7.791070e-02  0.000000e+00
  0.330293  -433.801686  -368.892999    0.000000  7.825159e-02  0.000000e+00
  0.330453  -433.798134  -368.750192    0.000000  7.852519e-02  0.000000e+00
  0.330613  -433.796183  -368.607189    0.000000  7.873641e-02  0.000000e+00
  0.330773  -433.795843  -368.464004    0.000000  7.889020e-02  0.000000e+00
  0.330933  -433.797123  -368.320652    0.000000  7.899150e-02  0.000000e+00
  0.331093  -433.800031  -368.177149    0.000000  7.904522e-02  0.000000e+00
  0.331253  -433.804573  -368.033511    0.000000  7.905628e-02  0.000000e+00
  0.331413  -433.810755  -367.889756    0.000000  7.902952e-02  0.000000e+00
  0.331573  -433.818582  -367.745903    0.000000  7.896973e-02  0.000000e+00
  0.331733  -433.828058  -367.601971    0.000000  7.888164e-02  0.000000e+00
  0.331893  -433.839185  -367.457980    0.000000  7.876988e-02  0.000000e+00
  0.332053  -433.851966  -367.313950    0.000000  7.863901e-02  0.000000e+00
  0.332213  -433.866402  -367.169904    0.000000  7.849347e-02  0.000000e+00
  0.332373  -433.882494  -367.025863    0.000000  7.833760e-02  0.000000e+00
  0.332533  -433.900241  -366.881851    0.000000  7.817561e-02  0.000000e+00
  0.332693  -433.919643  -366.737892    0.000000  7.801162e-02  0.000000e+00
  0.332853  -433.940698  -366.594008    0.000000  7.784961e-02  0.000000e+00
  0.333013  -433.963404  -366.450226    0.000000  7.769342e-02  0.000000e+00
  0.333173  -433.987760  -366.306570    0.000000  7.754680e-02  0.000000e+00
  0.333333  -434.013762  -366.163067    0.000000  7.741335e-02  0.000000e+00
  0.333493  -434.041407  -366.019743    0.000000  7.729655e-02  0.000000e+00
  0.333653  -434.070691  -365.876625    0.000000  7.719976e-02  0.000000e+00
  0.333813  -434.101611  -365.733741    0.000000  7.712621e-02  0.000000e+00
  0.333973  -434.134163  -365.591119    0.000000  7.707901e-02  0.000000e+00
  0.334133  -434.168342  -365.448787    0.000000  7.706115e-02  0.000000e+00
  0.334293  -434.204144  -365.306773    0.000000  7.707551e-02  0.000000e+00
  0.334454  -434.241564  -365.165108    0.000000  7.712485e-02  0.000000e+00
  0.334614  -434.280598  -365.023820    0.000000  7.721180e-02  0.000000e+00
  0.334774  -434.321242  -364.882940    0.000000  7.733890e-02  0.000000e+00
  0.334934  -434.363490  -364.742497    0.000000  7.750856e-02  0.000000e+00
  0.335094  -434.407339  -364.602523    0.000000  7.772309e-02  0.000000e+00
  0.335254  -434.452785  -364.463048    0.000000  7.798463e-02  0.000000e+00
  0.335414  -434.499822  -364.324102    0.000000  7.829382e-02  0.000000e+00
  0.335574  -434.548449  -364.185718    0.000000  7.864934e-02  0.000000e+00
  0.335734  -434.598660  -364.047926    0.000000  7.904969e-02  0.000000e+00
  0.335894  -434.650453  -363.910758    0.000000  7.949328e-02  0.000000e+00
  0.336054  -434.703824  -363.774246    0.000000  7.997846e-02  0.000000e+00
  0.336214  -434.758770  -363.638421    0.000000  8.050347e-02  0.000000e+00
  0.336374  -434.815289  -363.503315    0.000000  8.106649e-02  0.000000e+00
  0.336534  -434.873376  -363.368960    0.000000  8.166560e-02  0.000000e+00
  0.336694  -434.933031  -363.235387    0.000000  8.229877e-02  0.000000e+00
  0.336854  -434.994248  -363.102628    0.000000  8.296389e-02  0.000000e+00
  0.337014  -435.057026  -362.970715    0.000000  8.365873e-02  0.000000e+00
  0.337174  -435.121362  -362.839679    0.000000  8.438095e-02  0.000000e+00
  0.337334  -435.187253  -362.709551    0.000000  8.512812e-02  0.000000e+00
  0.337494  -435.254695  -362.580362    0.000000  8.589766e-02  0.000000e+00
  0.337654  -435.323686  -362.452144    0.000000  8.668688e-02  0.000000e+00
  0.337814  -435.394222  -362.324927    0.000000  8.749298e-02  0.000000e+00
  0.337974  -435.466300  -362.198741    0.000000  8.831301e-02  0.000000e+00
  0.338134  -435.539917  -362.073616    0.000000  8.914392e-02  0.000000e+00
  0.338294  -435.615068  -361.949582    0.000000  8.998251e-02  0.000000e+00
  0.338454  -435.691750  -361.826669    0.000000  9.082548e-02  0.000000e+00
  0.338614  -435.769957  -361.704904    0.000000  9.166938e-02  0.000000e+00
  0.338774  -435.849687  -361.584317    0.000000  9.251067e-02  0.000000e+00
  0.338934  -435.930933  -361.464936    0.000000  9.334568e-02  0.000000e+00
  0.339094  -436.013692  -361.346787    0.000000  9.417065e-02  0.000000e+00
  0.339254  -436.097956  -361.229897    0.000000  9.498171e-02  0.000000e+00
  0.339414  -436.183720  -361.114294    0.000000  9.577491e-02  0.000000e+00
  0.339574  -436.270979  -361.000002    0.000000  9.654624e-02  0.000000e+00
  0.339734  -436.359724  -360.887047    0.000000  9.729163e-02  0.000000e+00
  0.339894  -436.449950  -360.775453    0.000000  9.800695e-02  0.000000e+00
  0.340054  -436.541648  -360.665243    0.000000  9.868808e-02  0.000000e+00
  0.340214  -436.634809  -360.556441    0.000000  9.933087e-02  0.000000e+00
  0.340374  -436.729426  -360.449068    0.000000  9.993120e-02  0.000000e+00
  0.340534  -436.825489  -360.343146    0.000000  1.004850e-01  0.000000e+00
  0.340695  -436.922989  -360.238696    0.000000  1.009882e-01  0.000000e+00
  0.340855  -437.021914  -360.135736    0.000000  1.014370e-01  0.000000e+00
  0.341015  -437.122253  -360.034285    0.000000  1.018274e-01  0.000000e+00
  0.341175  -437.223995  -359.934362    0.000000  1.021558e-01  0.000000e+00
  0.341335  -437.327128  -359.835982    0.000000  1.024187e-01  0.000000e+00
  0.341495  -437.431637  -359.739162    0.000000  1.026127e-01  0.000000e+00
  0.341655  -437.537510  -359.643916    0.000000  1.027348e-01  0.000000e+00
  0.341815  -437.644732  -359.550258    0.000000  1.027819e-01  0.000000e+00
  0.341975  -437.753286  -359.458201    0.000000  1.027514e-01  0.000000e+00
  0.342135  -437.863158  -359.367755    0.000000  1.026409e-01  0.000000e+00
  0.342295  -437.974329  -359.278930    0.000000  1.024483e-01  0.000000e+00
  0.342455  -438.086782  -359.191737    0.000000  1.021717e-01  0.000000e+00
  0.342615  -438.200498  -359.106183    0.000000  1.018103e-01  0.000000e+00
  0.342775  -438.315457  -359.022273    0.000000  1.013667e-01  0.000000e+00
  0.342935  -438.431639  -358.940013    0.000000  1.008451e-01  0.000000e+00
  0.343095  -438.549022  -358.859408    0.000000  1.002496e-01  0.000000e+00
  0.343255  -438.667584  -358.780461    0.000000  9.958468e-02  0.000000e+00
  0.343415  -438.787302  -358.703172    0.000000  9.885506e-02  0.000000e+00
  0.343575  -438.908152  -358.627543    0.000000  9.806545e-02  0.000000e+00
  0.343735  -439.030110  -358.553574    0.000000  9.722067e-02  0.000000e+00
  0.343895  -439.153151  -358.481263    0.000000  9.632562e-02  0.000000e+00
  0.344055  -439.277248  -358.410609    0.000000  9.538524e-02  0.000000e+00
  0.344215  -439.402377  -358.341607    0.000000  9.440445e-02  0.000000e+00
  0.344375  -439.528510  -358.274256    0.000000  9.338818e-02  0.000000e+00
  0.344535  -439.655620  -358.208549    0.000000  9.234127e-02  0.000000e+00
  0.344695  -439.783680  -358.144482    0.000000  9.126851e-02  0.000000e+00
  0.344855  -439.912661  -358.082048    0.000000  9.017461e-02  0.000000e+00
  0.345015  -440.042535  -358.021242    0.000000  8.906415e-02  0.000000e+00
  0.345175  -440.173275  -357.962055    0.000000  8.794161e-02  0.000000e+00
  0.345335  -440.304849  -357.904481    0.000000  8.681133e-02  0.000000e+00
  0.345495  -440.437231  -357.848510    0.000000  8.567748e-02  0.000000e+00
  0.345655  -440.570389  -357.794134    0.000000  8.454411e-02  0.000000e+00
  0.345815  -440.704296  -357.741344    0.000000  8.341510e-02  0.000000e+00
  0.345975  -440.838920  -357.690131    0.000000  8.229417e-02  0.000000e+00
  0.346135  -440.974234  -357.640484    0.000000  8.118487e-02  0.000000e+00
  0.346295  -441.110206  -357.592394    0.000000  8.009062e-02  0.000000e+00
  0.346455  -441.246807  -357.545849    0.000000  7.901463e-02  0.000000e+00
  0.346615  -441.384009  -357.500841    0.000000  7.796000e-02  0.000000e+00
  0.346775  -441.521780  -357.457357    0.000000  7.692964e-02  0.000000e+00
  0.346936  -441.660092  -357.415387    0.000000  7.592634e-02  0.000000e+00
  0.347096  -441.798917  -357.374921    0.000000  7.495273e-02  0.000000e+00
  0.347256  -441.938224  -357.335948    0.000000  7.401131e-02  0.000000e+00
  0.347416  -442.077985  -357.298457    0.000000  7.310445e-02  0.000000e+00
  0.347576  -442.218171  -357.262437    0.000000  7.223440e-02  0.000000e+00
  0.347736  -442.358756  -357.227877    0.000000  7.140329e-02  0.000000e+00
  0.347896  -442.499710  -357.194768    0.000000  7.061314e-02  0.000000e+00
  0.348056  -442.641008  -357.163100    0.000000  6.986587e-02  0.000000e+00
  0.348216  -442.782621  -357.132862    0.000000  6.916329e-02  0.000000e+00
  0.348376  -442.924524  -357.104045    0.000000  6.850714e-02  0.000000e+00
  0.348536  -443.066691  -357.076640    0.000000  6.789906e-02  0.000000e+00
  0.348696  -443.209097  -357.050639    0.000000  6.734059e-02  0.000000e+00
  0.348856  -443.351717  -357.026032    0.000000  6.683321e-02  0.000000e+00
  0.349016  -443.494528  -357.002812    0.000000  6.637832e-02  0.000000e+00
  0.349176  -443.637506  -356.980973    0.000000  6.597724e-02  0.000000e+00
  0.349336  -443.780630  -356.960506    0.000000  6.563103e-02  0.000000e+00
  0.349496  -443.923876  -356.941407    0.000000  6.533835e-02  0.000000e+00
  0.349656  -444.067225  -356.923670    0.000000  6.509596e-02  0.000000e+00
  0.349816  -444.210657  -356.907291    0.000000  6.490060e-02  0.000000e+00
  0.349976  -444.354152  -356.892264    0.000000  6.474901e-02  0.000000e+00
  0.350136  -444.497692  -356.878587    0.000000  6.463794e-02  0.000000e+00
  0.350296  -444.641258  -356.866255    0.000000  6.456417e-02  0.000000e+00
  0.350456  -444.784835  -356.855268    0.000000  6.452446e-02  0.000000e+00
  0.350616  -444.928405  -356.845621    0.000000  6.451558e-02  0.000000e+00
  0.350776  -445.071952  -356.837312    0.000000  6.453430e-02  0.000000e+00
  0.350936  -445.215463  -356.830341    0.000000  6.457740e-02  0.000000e+00
  0.351096  -445.358922  -356.824706    0.000000  6.464165e-02  0.000000e+00
  0.351256  -445.502315  -356.820405    0.000000  6.472382e-02  0.000000e+00
  0.351416  -445.645630  -356.817438    0.000000  6.482070e-02  0.000000e+00
  0.351576  -445.788853  -356.815803    0.000000  6.492906e-02  0.000000e+00
  0.351736  -445.931973  -356.815500    0.000000  6.504568e-02  0.000000e+00
  0.351896  -446.074979  -356.816528    0.000000  6.516736e-02  0.000000e+00
  0.352056  -446.217860  -356.818886    0.000000  6.529092e-02  0.000000e+00
  0.352216  -446.360604  -356.822574    0.000000  6.541317e-02  0.000000e+00
  0.352376  -446.503203  -356.827591    0.000000  6.553097e-02  0.000000e+00
  0.352536  -446.645647  -356.833936    0.000000  6.564119e-02  0.000000e+00
  0.352696  -446.787928  -356.841609    0.000000  6.574076e-02  0.000000e+00
  0.352856  -446.930036  -356.850607    0.000000  6.582664e-02  0.000000e+00
  0.353016  -447.071964  -356.860930    0.000000  6.589583e-02  0.000000e+00
  0.353177  -447.213705  -356.872576    0.000000  6.594541e-02  0.000000e+00
  0.353337  -447.355251  -356.885543    0.000000  6.597252e-02  0.000000e+00
  0.353497  -447.496595  -356.899829    0.000000  6.597436e-02  0.000000e+00
  0.353657  -447.637732  -356.915431    0.000000  6.594824e-02  0.000000e+00
  0.353817  -447.778656  -356.932346    0.000000  6.589154e-02  0.000000e+00
  0.353977  -447.919360  -356.950572    0.000000  6.580176e-02  0.000000e+00
  0.354137  -448.059840  -356.970103    0.000000  6.567649e-02  0.000000e+00
  0.354297  -448.200091  -356.990935    0.000000  6.551344e-02  0.000000e+00
  0.354457  -448.340107  -357.013064    0.000000  6.531046e-02  0.000000e+00
  0.354617  -448.479886  -357.036483    0.000000  6.506551e-02  0.000000e+00
  0.354777  -448.619422  -357.061186    0.000000  6.477668e-02  0.000000e+00
  0.354937  -448.758712  -357.087167    0.000000  6.444220e-02  0.000000e+00
  0.355097  -448.897752  -357.114417    0.000000  6.406055e-02  0.000000e+00
  0.355257  -449.036538  -357.142927    0.000000  6.363187e-02  0.000000e+00
  0.355417  -449.175069  -357.172689    0.000000  6.315766e-02  0.000000e+00
  0.355577  -449.313340  -357.203692    0.000000  6.263954e-02  0.000000e+00
  0.355737  -449.451348  -357.235926    0.000000  6.207916e-02  0.000000e+00
  0.355897  -449.589093  -357.269378    0.000000  6.147821e-02  0.000000e+00
  0.356057  -449.726570  -357.304037    0.000000  6.083845e-02  0.000000e+00
  0.356217  -449.863778  -357.339890    0.000000  6.016164e-02  0.000000e+00
  0.356377  -450.000714  -357.376923    0.000000  5.944958e-02  0.000000e+00
  0.356537  -450.137378  -357.415122    0.000000  5.870409e-02  0.000000e+00
  0.356697  -450.273767  -357.454472    0.000000  5.792697e-02  0.000000e+00
  0.356857  -450.409880  -357.494958    0.000000  5.712006e-02  0.000000e+00
  0.357017  -450.545715  -357.536564    0.000000  5.628517e-02  0.000000e+00
  0.357177  -450.681272  -357.579274    0.000000  5.542411e-02  0.000000e+00
  0.357337  -450.816550  -357.623070    0.000000  5.453867e-02  0.000000e+00
  0.357497  -450.951549  -357.667935    0.000000  5.363062e-02  0.000000e+00
  0.357657  -451.086266  -357.713852    0.000000  5.270169e-02  0.000000e+00
  0.357817  -451.220703  -357.760801    0.000000  5.175360e-02  0.000000e+00
  0.357977  -451.354858  -357.808765    0.000000  5.078802e-02  0.000000e+00
  0.358137  -451.488732  -357.857723    0.000000  4.980660e-02  0.000000e+00
  0.358297  -451.622326  -357.907658    0.000000  4.881091e-02  0.000000e+00
  0.358457  -451.755638  -357.958548    0.000000  4.780252e-02  0.000000e+00
  0.358617  -451.888670  -358.010373    0.000000  4.678292e-02  0.000000e+00
  0.358777  -452.021422  -358.063114    0.000000  4.575357e-02  0.000000e+00
  0.358937  -452.153895  -358.116750    0.000000  4.471589e-02  0.000000e+00
  0.359097  -452.286089  -358.171258    0.000000  4.367123e-02  0.000000e+00
  0.359257  -452.418007  -358.226619    0.000000  4.262089e-02  0.000000e+00
  0.359418  -452.549648  -358.282811    0.000000  4.156614e-02  0.000000e+00
  0.359578  -452.681014  -358.339812    0.000000  4.050819e-02  0.000000e+00
  0.359738  -452.812106  -358.397600    0.000000  3.944820e-02  0.000000e+00
  0.359898  -452.942927  -358.456154    0.000000  3.838728e-02  0.000000e+00
  0.360058  -453.073477  -358.515451    0.000000  3.732651e-02  0.000000e+00
  0.360218  -453.203759  -358.575470    0.000000  3.626692e-02  0.000000e+00
  0.360378  -453.333774  -358.636188    0.000000  3.520948e-02  0.000000e+00
  0.360538  -453.463524  -358.697583    0.000000  3.415515e-02  0.000000e+00
  0.360698  -453.593012  -358.759632    0.000000  3.310482e-02  0.000000e+00
  0.360858  -453.722240  -358.822314    0.000000  3.205938e-02  0.000000e+00
  0.361018  -453.851209  -358.885606    0.000000  3.101965e-02  0.000000e+00
  0.361178  -453.979924  -358.949486    0.000000  2.998646e-02  0.000000e+00
  0.361338  -454.108385  -359.013933    0.000000  2.896058e-02  0.000000e+00
  0.361498  -454.236596  -359.078923    0.000000  2.794277e-02  0.000000e+00
  0.361658  -454.364560  -359.144435    0.000000  2.693376e-02  0.000000e+00
  0.361818  -454.492280  -359.210447    0.000000  2.593428e-02  0.000000e+00
  0.361978  -454.619757  -359.276938    0.000000  2.494503e-02  0.000000e+00
  0.362138  -454.746997  -359.343886    0.000000  2.396669e-02  0.000000e+00
  0.362298  -454.874001  -359.411271    0.000000  2.299995e-02  0.000000e+00
  0.362458  -455.000773  -359.479070    0.000000  2.204549e-02  0.000000e+00
  0.362618  -455.127316  -359.547263    0.000000  2.110396e-02  0.000000e+00
  0.362778  -455.253633  -359.615831    0.000000  2.017604e-02  0.000000e+00
  0.362938  -455.379729  -359.684752    0.000000  1.926240e-02  0.000000e+00
  0.363098  -455.505606  -359.754007    0.000000  1.836371e-02  0.000000e+00
  0.363258  -455.631269  -359.823576    0.000000  1.748066e-02  0.000000e+00
  0.363418  -455.756721  -359.893440    0.000000  1.661393e-02  0.000000e+00
  0.363578  -455.881965  -359.963581    0.000000  1.576423e-02  0.000000e+00
  0.363738  -456.007006  -360.033980    0.000000  1.493227e-02  0.000000e+00
  0.363898  -456.131847  -360.104620    0.000000  1.411879e-02  0.000000e+00
  0.364058  -456.256492  -360.175482    0.000000  1.332454e-02  0.000000e+00
  0.364218  -456.380946  -360.246550    0.000000  1.255028e-02  0.000000e+00
  0.364378  -456.505212  -360.317808    0.000000  1.179682e-02  0.000000e+00
  0.364538  -456.629295  -360.389239    0.000000  1.106497e-02  0.000000e+00
  0.364698  -456.753198  -360.460829    0.000000  1.035558e-02  0.000000e+00
  0.364858  -456.876926  -360.532562    0.000000  9.669497e-03  0.000000e+00
  0.365018  -457.000483  -360.604425    0.000000  9.007630e-03  0.000000e+00
  0.365178  -457.123873  -360.676403    0.000000  8.370896e-03  0.000000e+00
  0.365338  -457.247101  -360.748484    0.000000  7.760146e-03  0.000000e+00
  0.365498  -457.370171  -360.820656    0.000000  7.175431e-03  0.000000e+00
  0.365659  -457.493087  -360.892907    0.000000  6.616430e-03  0.000000e+00
  0.365819  -457.615853  -360.965226    0.000000  6.082840e-03  0.000000e+00
  0.365979  -457.738475  -361.037603    0.000000  5.574381e-03  0.000000e+00
  0.366139  -457.860956  -361.110028    0.000000  5.090793e-03  0.000000e+00
  0.366299  -457.983301  -361.182492    0.000000  4.631832e-03  0.000000e+00
  0.366459  -458.105514  -361.254987    0.000000  4.197268e-03  0.000000e+00
  0.366619  -458.227600  -361.327505    0.000000  3.786889e-03  0.000000e+00
  0.366779  -458.349563  -361.400038    0.000000  3.400490e-03  0.000000e+00
  0.366939  -458.471408  -361.472581    0.000000  3.037881e-03  0.000000e+00
  0.367099  -458.593138  -361.545127    0.000000  2.698876e-03  0.000000e+00
  0.367259  -458.714759  -361.617671    0.000000  2.383297e-03  0.000000e+00
  0.367419  -458.836275  -361.690208    0.000000  2.090973e-03  0.000000e+00
  0.367579  -458.957689  -361.762733    0.000000  1.821735e-03  0.000000e+00
  0.367739  -459.079007  -361.835242    0.000000  1.575416e-03  0.000000e+00
  0.367899  -459.200232  -361.907733    0.000000  1.351849e-03  0.000000e+00
  0.368059  -459.321369  -361.980203    0.000000  1.150869e-03  0.000000e+00
  0.368219  -459.442422  -362.052649    0.000000  9.723062e-04  0.000000e+00
  0.368379  -459.563395  -362.125070    0.000000  8.159893e-04  0.000000e+00
  0.368539  -459.684291  -362.197464    0.000000  6.817423e-04  0.000000e+00
  0.368699  -459.805115  -362.269831    0.000000  5.693840e-04  0.000000e+00
  0.368859  -459.925872  -362.342170    0.000000  4.787271e-04  0.000000e+00
  0.369019  -460.046563  -362.414481    0.000000  4.095769e-04  0.000000e+00
  0.369179  -460.167194  -362.486766    0.000000  3.617310e-04  0.000000e+00
  0.369339  -460.287768  -362.559024    0.000000  3.349784e-04  0.000000e+00
  0.369499  -460.408289  -362.631259    0.000000  3.290988e-04  0.000000e+00
  0.369659  -460.528759  -362.703471    0.000000  3.438620e-04  0.000000e+00
  0.369819  -460.649183  -362.775663    0.000000  3.790277e-04  0.000000e+00
  0.369979  -460.769563  -362.847838    0.000000  4.343449e-04  0.000000e+00
  0.370139  -460.889903  -362.919999    0.000000  5.095517e-04  0.000000e+00
  0.370299  -461.010206  -362.992149    0.000000  6.043752e-04  0.000000e+00
  0.370459  -461.130474  -363.064292    0.000000  7.185312e-04  0.000000e+00
  0.370619  -461.250711  -363.136433    0.000000  8.517240e-04  0.000000e+00
  0.370779  -461.370919  -363.208576    0.000000  1.003647e-03  0.000000e+00
  0.370939  -461.491101  -363.280727    0.000000  1.173983e-03  0.000000e+00
  0.371099  -461.611259  -363.352890    0.000000  1.362402e-03  0.000000e+00
  0.371259  -461.731395  -363.425071    0.000000  1.568566e-03  0.000000e+00
  0.371419  -461.851511  -363.497276    0.000000  1.792125e-03  0.000000e+00
  0.371579  -461.971610  -363.569512    0.000000  2.032719e-03  0.000000e+00
  0.371739  -462.091692  -363.641785    0.000000  2.289979e-03  0.000000e+00
  0.371900  -462.211761  -363.714101    0.000000  2.563529e-03  0.000000e+00
  0.372060  -462.331816  -363.786469    0.000000  2.852981e-03  0.000000e+00
  0.372220  -462.451860  -363.858895    0.000000  3.157943e-03  0.000000e+00
  0.372380  -462.571893  -363.931388    0.000000  3.478013e-03  0.000000e+00
  0.372540  -462.691917  -364.003955    0.000000  3.812785e-03  0.000000e+00
  0.372700  -462.811932  -364.076604    0.000000  4.161848e-03  0.000000e+00
  0.372860  -462.931939  -364.149343    0.000000  4.524783e-03  0.000000e+00
  0.373020  -463.051937  -364.222183    0.000000  4.901172e-03  0.000000e+00
  0.373180  -463.171928  -364.295130    0.000000  5.290590e-03  0.000000e+00
  0.373340  -463.291910  -364.368195    0.000000  5.692612e-03  0.000000e+00
  0.373500  -463.411884  -364.441386    0.000000  6.106812e-03  0.000000e+00
  0.373660  -463.531850  -364.514713    0.000000  6.532763e-03  0.000000e+00
  0.373820  -463.651805  -364.588186    0.000000  6.970040e-03  0.000000e+00
  0.373980  -463.771751  -364.661815    0.000000  7.418219e-03  0.000000e+00
  0.374140  -463.891684  -364.735608    0.000000  7.876878e-03  0.000000e+00
  0.374300  -464.011605  -364.809578    0.000000  8.345600e-03  0.000000e+00
  0.374460  -464.131510  -364.883732    0.000000  8.823972e-03  0.000000e+00
  0.374620  -464.251399  -364.958083    0.000000  9.311586e-03  0.000000e+00
  0.374780  -464.371269  -365.032641    0.000000  9.808041e-03  0.000000e+00
  0.374940  -464.491117  -365.107415    0.000000  1.031294e-02  0.000000e+00
  0.375100  -464.610941  -365.182418    0.000000  1.082591e-02  0.000000e+00
  0.375260  -464.730738  -365.257659    0.000000  1.134656e-02  0.000000e+00
  0.375420  -464.850505  -365.333149    0.000000  1.187453e-02  0.000000e+00
  0.375580  -464.970238  -365.408900    0.000000  1.240947e-02  0.000000e+00
  0.375740  -465.089933  -365.484922    0.000000  1.295102e-02  0.000000e+00
  0.375900  -465.209586  -365.561226    0.000000  1.349887e-02  0.000000e+00
  0.376060  -465.329194  -365.637824    0.000000  1.405268e-02  0.000000e+00
  0.376220  -465.448750  -365.714726    0.000000  1.461217e-02  0.000000e+00
  0.376380  -465.568251  -365.791944    0.000000  1.517703e-02  0.000000e+00
  0.376540  -465.687690  -365.869489    0.000000  1.574699e-02  0.000000e+00
  0.376700  -465.807063  -365.947371    0.000000  1.632180e-02  0.000000e+00
  0.376860  -465.926363  -366.025603    0.000000  1.690122e-02  0.000000e+00
  0.377020  -466.045584  -366.104195    0.000000  1.748502e-02  0.000000e+00
  0.377180  -466.164720  -366.183158    0.000000  1.807299e-02  0.000000e+00
  0.377340  -466.283764  -366.262504    0.000000  1.866495e-02  0.000000e+00
  0.377500  -466.402708  -366.342243    0.000000  1.926073e-02  0.000000e+00
  0.377660  -466.521544  -366.422386    0.000000  1.986018e-02  0.000000e+00
  0.377820  -466.640266  -366.502945    0.000000  2.046317e-02  0.000000e+00
  0.377980  -466.758864  -366.583930    0.000000  2.106960e-02  0.000000e+00
  0.378141  -466.877331  -366.665351    0.000000  2.167938e-02  0.000000e+00
  0.378301  -466.995656  -366.747220    0.000000  2.229244e-02  0.000000e+00
  0.378461  -467.113831  -366.829547    0.000000  2.290874e-02  0.000000e+00
  0.378621  -467.231846  -366.912343    0.000000  2.352826e-02  0.000000e+00
  0.378781  -467.349690  -366.995617    0.000000  2.415100e-02  0.000000e+00
  0.378941  -467.467354  -367.079380    0.000000  2.477699e-02  0.000000e+00
  0.379101  -467.584827  -367.163642    0.000000  2.540629e-02  0.000000e+00
  0.379261  -467.702096  -367.248413    0.000000  2.603895e-02  0.000000e+00
  0.379421  -467.819151  -367.333703    0.000000  2.667509e-02  0.000000e+00
  0.379581  -467.935980  -367.419521    0.000000  2.731483e-02  0.000000e+00
  0.379741  -468.052569  -367.505876    0.000000  2.795832e-02  0.000000e+00
  0.379901  -468.168907  -367.592779    0.000000  2.860573e-02  0.000000e+00
  0.380061  -468.284979  -367.680237    0.000000  2.925727e-02  0.000000e+00
  0.380221  -468.400773  -367.768259    0.000000  2.991317e-02  0.000000e+00
  0.380381  -468.516273  -367.856855    0.000000  3.057369e-02  0.000000e+00
  0.380541  -468.631466  -367.946032    0.000000  3.123912e-02  0.000000e+00
  0.380701  -468.746336  -368.035798    0.000000  3.190978e-02  0.000000e+00
  0.380861  -468.860868  -368.126162    0.000000  3.258601e-02  0.000000e+00
  0.381021  -468.975046  -368.217132    0.000000  3.326818e-02  0.000000e+00
  0.381181  -469.088854  -368.308713    0.000000  3.395672e-02  0.000000e+00
  0.381341  -469.202275  -368.400914    0.000000  3.465205e-02  0.000000e+00
  0.381501  -469.315291  -368.493741    0.000000  3.535466e-02  0.000000e+00
  0.381661  -469.427885  -368.587201    0.000000  3.606505e-02  0.000000e+00
  0.381821  -469.540039  -368.681300    0.000000  3.678377e-02  0.000000e+00
  0.381981  -469.651734  -368.776043    0.000000  3.751140e-02  0.000000e+00
  0.382141  -469.762951  -368.871437    0.000000  3.824855e-02  0.000000e+00
  0.382301  -469.873670  -368.967486    0.000000  3.899588e-02  0.000000e+00
  0.382461  -469.983871  -369.064196    0.000000  3.975408e-02  0.000000e+00
  0.382621  -470.093534  -369.161571    0.000000  4.052390e-02  0.000000e+00
  0.382781  -470.202637  -369.259614    0.000000  4.130612e-02  0.000000e+00
  0.382941  -470.311160  -369.358331    0.000000  4.210154e-02  0.000000e+00
  0.383101  -470.419078  -369.457724    0.000000  4.291105e-02  0.000000e+00
  0.383261  -470.526371  -369.557796    0.000000  4.373508e-02  0.000000e+00
  0.383421  -470.633015  -369.658550    0.000000  4.457349e-02  0.000000e+00
  0.383581  -470.738986  -369.759988    0.000000  4.542610e-02  0.000000e+00
  0.383741  -470.844260  -369.862113    0.000000  4.629264e-02  0.000000e+00
  0.383901  -470.948813  -369.964924    0.000000  4.717281e-02  0.000000e+00
  0.384061  -471.052621  -370.068425    0.000000  4.806624e-02  0.000000e+00
  0.384221  -471.155658  -370.172615    0.000000  4.897250e-02  0.000000e+00
  0.384382  -471.257899  -370.277494    0.000000  4.989109e-02  0.000000e+00
  0.384542  -471.359320  -370.383064    0.000000  5.082144e-02  0.000000e+00
  0.384702  -471.459894  -370.489323    0.000000  5.176289e-02  0.000000e+00
  0.384862  -471.559596  -370.596272    0.000000  5.271469e-02  0.000000e+00
  0.385022  -471.658400  -370.703909    0.000000  5.367600e-02  0.000000e+00
  0.385182  -471.756282  -370.812233    0.000000  5.464589e-02  0.000000e+00
  0.385342  -471.853216  -370.921243    0.000000  5.562331e-02  0.000000e+00
  0.385502  -471.949176  -371.030937    0.000000  5.660709e-02  0.000000e+00
  0.385662  -472.044137  -371.141312    0.000000  5.759596e-02  0.000000e+00
  0.385822  -472.138074  -371.252367    0.000000  5.858852e-02  0.000000e+00
  0.385982  -472.230964  -371.364100    0.000000  5.958323e-02  0.000000e+00
  0.386142  -472.322780  -371.476506    0.000000  6.057843e-02  0.000000e+00
  0.386302  -472.413500  -371.589583    0.000000  6.157229e-02  0.000000e+00
  0.386462  -472.503099  -371.703328    0.000000  6.256286e-02  0.000000e+00
  0.386622  -472.591555  -371.817737    0.000000  6.354802e-02  0.000000e+00
  0.386782  -472.678845  -371.932807    0.000000  6.452553e-02  0.000000e+00
  0.386942  -472.764947  -372.048532    0.000000  6.549294e-02  0.000000e+00
  0.387102  -472.849838  -372.164910    0.000000  6.644768e-02  0.000000e+00
  0.387262  -472.933499  -372.281935    0.000000  6.738702e-02  0.000000e+00
  0.387422  -473.015909  -372.399604    0.000000  6.830805e-02  0.000000e+00
  0.387582  -473.097049  -372.517910    0.000000  6.920772e-02  0.000000e+00
  0.387742  -473.176899  -372.636850    0.000000  7.008281e-02  0.000000e+00
  0.387902  -473.255443  -372.756417    0.000000  7.092996e-02  0.000000e+00
  0.388062  -473.332662  -372.876607    0.000000  7.174566e-02  0.000000e+00
  0.388222  -473.408541  -372.997414    0.000000  7.252626e-02  0.000000e+00
  0.388382  -473.483065  -373.118833    0.000000  7.326800e-02  0.000000e+00
  0.388542  -473.556219  -373.240857    0.000000  7.396697e-02  0.000000e+00
  0.388702  -473.627991  -373.363481    0.000000  7.461919e-02  0.000000e+00
  0.388862  -473.698368  -373.486699    0.000000  7.522055e-02  0.000000e+00
  0.389022  -473.767340  -373.610504    0.000000  7.576691e-02  0.000000e+00
  0.389182  -473.834897  -373.734891    0.000000  7.625402e-02  0.000000e+00
  0.389342  -473.901031  -373.859852    0.000000  7.667763e-02  0.000000e+00
  0.389502  -473.965735  -373.985381    0.000000  7.703346e-02  0.000000e+00
  0.389662  -474.029002  -374.111473    0.000000  7.731723e-02  0.000000e+00
  0.389822  -474.090830  -374.238119    0.000000  7.752469e-02  0.000000e+00
  0.389982  -474.151214  -374.365314    0.000000  7.765161e-02  0.000000e+00
  0.390142  -474.210153  -374.493051    0.000000  7.769388e-02  0.000000e+00
  0.390302  -474.267649  -374.621322    0.000000  7.764745e-02  0.000000e+00
  0.390462  -474.323701  -374.750121    0.000000  7.750838e-02  0.000000e+00
  0.390622  -474.378314  -374.879441    0.000000  7.727291e-02  0.000000e+00
  0.390783  -474.431493  -375.009276    0.000000  7.693740e-02  0.000000e+00
  0.390943  -474.483244  -375.139617    0.000000  7.649842e-02  0.000000e+00
  0.391103  -474.533576  -375.270458    0.000000  7.595272e-02  0.000000e+00
  0.391263  -474.582499  -375.401792    0.000000  7.529730e-02  0.000000e+00
  0.391423  -474.630026  -375.533613    0.000000  7.452949e-02  0.000000e+00
  0.391583  -474.676170  -375.665912    0.000000  7.364883e-02  0.000000e+00
  0.391743  -474.720947  -375.798683    0.000000  7.265667e-02  0.000000e+00
  0.391903  -474.764376  -375.931920    0.000000  7.155480e-02  0.000000e+00
  0.392063  -474.806476  -376.065614    0.000000  7.034539e-02  0.000000e+00
  0.392223  -474.847269  -376.199759    0.000000  6.903094e-02  0.000000e+00
  0.392383  -474.886777  -376.334347    0.000000  6.761428e-02  0.000000e+00
  0.392543  -474.925026  -376.469372    0.000000  6.609849e-02  0.000000e+00
  0.392703  -474.962042  -376.604826    0.000000  6.448694e-02  0.000000e+00
  0.392863  -474.997855  -376.740702    0.000000  6.278319e-02  0.000000e+00
  0.393023  -475.032493  -376.876991    0.000000  6.099094e-02  0.000000e+00
  0.393183  -475.065988  -377.013687    0.000000  5.911407e-02  0.000000e+00
  0.393343  -475.098374  -377.150780    0.000000  5.715652e-02  0.000000e+00
  0.393503  -475.129686  -377.288264    0.000000  5.512230e-02  0.000000e+00
  0.393663  -475.159958  -377.426129    0.000000  5.301542e-02  0.000000e+00
  0.393823  -475.189230  -377.564367    0.000000  5.083988e-02  0.000000e+00
  0.393983  -475.217539  -377.702969    0.000000  4.859963e-02  0.000000e+00
  0.394143  -475.244926  -377.841926    0.000000  4.629853e-02  0.000000e+00
  0.394303  -475.271434  -377.981228    0.000000  4.394034e-02  0.000000e+00
  0.394463  -475.297104  -378.120867    0.000000  4.152865e-02  0.000000e+00
  0.394623  -475.321982  -378.260831    0.000000  3.906694e-02  0.000000e+00
  0.394783  -475.346112  -378.401111    0.000000  3.655845e-02  0.000000e+00
  0.394943  -475.369542  -378.541697    0.000000  3.400628e-02  0.000000e+00
  0.395103  -475.392319  -378.682575    0.000000  3.141327e-02  0.000000e+00
  0.395263  -475.414493  -378.823737    0.000000  2.878207e-02  0.000000e+00
  0.395423  -475.436113  -378.965169    0.000000  2.611508e-02  0.000000e+00
  0.395583  -475.457231  -379.106859    0.000000  2.341448e-02  0.000000e+00
  0.395743  -475.477899  -379.248795    0.000000  2.068220e-02  0.000000e+00
  0.395903  -475.498170  -379.390964    0.000000  1.791994e-02  0.000000e+00
  0.396063  -475.518099  -379.533351    0.000000  1.512914e-02  0.000000e+00
  0.396223  -475.537740  -379.675943    0.000000  1.231104e-02  0.000000e+00
  0.396383  -475.557149  -379.818726    0.000000  9.466628e-03  0.000000e+00
  0.396543  -475.576384  -379.961683    0.000000  6.596676e-03  0.000000e+00
  0.396703  -475.595501  -380.104800    0.000000  3.701748e-03  0.000000e+00
  0.396863  -475.614559  -380.248060    0.000000  7.822036e-04  0.000000e+00
  0.397024  -475.633618  -380.391446    0.000000  2.161785e-03  0.000000e+00
  0.397184  -475.652737  -380.534942    0.000000  5.130225e-03  0.000000e+00
  0.397344  -475.671977  -380.678528    0.000000  8.123283e-03  0.000000e+00
  0.397504  -475.691399  -380.822187    0.000000  1.114127e-02  0.000000e+00
  0.397664  -475.711064  -380.965898    0.000000  1.418465e-02  0.000000e+00
  0.397824  -475.731035  -381.109643    0.000000  1.725395e-02  0.000000e+00
  0.397984  -475.751376  -381.253400    0.000000  2.034985e-02  0.000000e+00
  0.398144  -475.772148  -381.397148    0.000000  2.347307e-02  0.000000e+00
  0.398304  -475.793417  -381.540865    0.000000  2.662438e-02  0.000000e+00
  0.398464  -475.815246  -381.684528    0.000000  2.980421e-02  0.000000e+00
  0.398624  -475.837700  -381.828114    0.000000  3.301099e-02  0.000000e+00
  0.398784  -475.860844  -381.971598    0.000000  3.624247e-02  0.000000e+00
  0.398944  -475.884743  -382.114956    0.000000  3.949633e-02  0.000000e+00
  0.399104  -475.909462  -382.258161    0.000000  4.277018e-02  0.000000e+00
  0.399264  -475.935067  -382.401188    0.000000  4.606149e-02  0.000000e+00
  0.399424  -475.961623  -382.544008    0.000000  4.936758e-02  0.000000e+00
  0.399584  -475.989194  -382.686594    0.000000  5.268558e-02  0.000000e+00
  0.399744  -476.017845  -382.828916    0.000000  5.601240e-02  0.000000e+00
  0.399904  -476.047641  -382.970946    0.000000  5.934474e-02  0.000000e+00
  0.400064  -476.078646  -383.112653    0.000000  6.267900e-02  0.000000e+00
  0.400224  -476.110922  -383.254006    0.000000  6.601132e-02  0.000000e+00
  0.400384  -476.144532  -383.394973    0.000000  6.933752e-02  0.000000e+00
  0.400544  -476.179538  -383.535521    0.000000  7.265312e-02  0.000000e+00
  0.400704  -476.216002  -383.675617    0.000000  7.595332e-02  0.000000e+00
  0.400864  -476.253981  -383.815227    0.000000  7.923299e-02  0.000000e+00
  0.401024  -476.293537  -383.954316    0.000000  8.248671e-02  0.000000e+00
  0.401184  -476.334726  -384.092848    0.000000  8.570871e-02  0.000000e+00
  0.401344  -476.377605  -384.230787    0.000000  8.889298e-02  0.000000e+00
  0.401504  -476.422228  -384.368096    0.000000  9.203321e-02  0.000000e+00
  0.401664  -476.468650  -384.504737    0.000000  9.512290e-02  0.000000e+00
  0.401824  -476.516923  -384.640670    0.000000  9.815535e-02  0.000000e+00
  0.401984  -476.567096  -384.775857    0.000000  1.011237e-01  0.000000e+00
  0.402144  -476.619219  -384.910257    0.000000  1.040211e-01  0.000000e+00
  0.402304  -476.673338  -385.043829    0.000000  1.068407e-01  0.000000e+00
  0.402464  -476.729499  -385.176532    0.000000  1.095754e-01  0.000000e+00
  0.402624  -476.787743  -385.308323    0.000000  1.122188e-01  0.000000e+00
  0.402784  -476.848113  -385.439157    0.000000  1.147643e-01  0.000000e+00
  0.402944  -476.910645  -385.568992    0.000000  1.172057e-01  0.000000e+00
  0.403104  -476.975377  -385.697783    0.000000  1.195373e-01  0.000000e+00
  0.403265  -477.042341  -385.825483    0.000000  1.217539e-01  0.000000e+00
  0.403425  -477.111569  -385.952047    0.000000  1.238508e-01  0.000000e+00
  0.403585  -477.183090  -386.077426    0.000000  1.258240e-01  0.000000e+00
  0.403745  -477.256929  -386.201574    0.000000  1.276704e-01  0.000000e+00
  0.403905  -477.333109  -386.324441    0.000000  1.293875e-01  0.000000e+00
  0.404065  -477.411651  -386.445977    0.000000  1.309738e-01  0.000000e+00
  0.404225  -477.492570  -386.566134    0.000000  1.324289e-01  0.000000e+00
  0.404385  -477.575882  -386.684858    0.000000  1.337532e-01  0.000000e+00
  0.404545  -477.661596  -386.802099    0.000000  1.349483e-01  0.000000e+00
  0.404705  -477.749720  -386.917803    0.000000  1.360168e-01  0.000000e+00
  0.404865  -477.840258  -387.031918    0.000000  1.369623e-01  0.000000e+00
  0.405025  -477.933210  -387.144388    0.000000  1.377897e-01  0.000000e+00
  0.405185  -478.028574  -387.255160    0.000000  1.385047e-01  0.000000e+00
  0.405345  -478.126342  -387.364177    0.000000  1.391142e-01  0.000000e+00
  0.405505  -478.226503  -387.471383    0.000000  1.396261e-01  0.000000e+00
  0.405665  -478.329043  -387.576720    0.000000  1.400492e-01  0.000000e+00
  0.405825  -478.433944  -387.680130    0.000000  1.403932e-01  0.000000e+00
  0.405985  -478.541182  -387.781554    0.000000  1.406702e-01  0.000000e+00
  0.406145  -478.650732  -387.880933    0.000000  1.408933e-01  0.000000e+00
  0.406305  -478.762561  -387.978206    0.000000  1.410755e-01  0.000000e+00
  0.406465  -478.876636  -388.073312    0.000000  1.412289e-01  0.000000e+00
  0.406625  -478.992918  -388.166190    0.000000  1.413647e-01  0.000000e+00
  0.406785  -479.111366  -388.256780    0.000000  1.414937e-01  0.000000e+00
  0.406945  -479.231933  -388.345018    0.000000  1.416258e-01  0.000000e+00
  0.407105  -479.354572  -388.430843    0.000000  1.417699e-01  0.000000e+00
  0.407265  -479.479229  -388.514194    0.000000  1.419344e-01  0.000000e+00
  0.407425  -479.605850  -388.595009    0.000000  1.421269e-01  0.000000e+00
  0.407585  -479.734376  -388.673226    0.000000  1.423541e-01  0.000000e+00
  0.407745  -479.864747  -388.748785    0.000000  1.426219e-01  0.000000e+00
  0.407905  -479.996898  -388.821625    0.000000  1.429358e-01  0.000000e+00
  0.408065  -480.130763  -388.891686    0.000000  1.433001e-01  0.000000e+00
  0.408225  -480.266272  -388.958909    0.000000  1.437189e-01  0.000000e+00
  0.408385  -480.403355  -389.023237    0.000000  1.441951e-01  0.000000e+00
  0.408545  -480.541936  -389.084610    0.000000  1.447313e-01  0.000000e+00
  0.408705  -480.681941  -389.142974    0.000000  1.453292e-01  0.000000e+00
  0.408865  -480.823291  -389.198272    0.000000  1.459899e-01  0.000000e+00
  0.409025  -480.965906  -389.250450    0.000000  1.467137e-01  0.000000e+00
  0.409185  -481.109704  -389.299457    0.000000  1.475006e-01  0.000000e+00
  0.409345  -481.254602  -389.345241    0.000000  1.483494e-01  0.000000e+00
  0.409506  -481.400514  -389.387752    0.000000  1.492587e-01  0.000000e+00
  0.409666  -481.547354  -389.426943    0.000000  1.502261e-01  0.000000e+00
  0.409826  -481.695035  -389.462767    0.000000  1.512487e-01  0.000000e+00
  0.409986  -481.843465  -389.495181    0.000000  1.523229e-01  0.000000e+00
  0.410146  -481.992557  -389.524142    0.000000  1.534443e-01  0.000000e+00
  0.410306  -482.142218  -389.549611    0.000000  1.546079e-01  0.000000e+00
  0.410466  -482.292355  -389.571549    0.000000  1.558081e-01  0.000000e+00
  0.410626  -482.442878  -389.589922    0.000000  1.570384e-01  0.000000e+00
  0.410786  -482.593690  -389.604696    0.000000  1.582917e-01  0.000000e+00
  0.410946  -482.744700  -389.615842    0.000000  1.595605e-01  0.000000e+00
  0.411106  -482.895812  -389.623332    0.000000  1.608362e-01  0.000000e+00
  0.411266  -483.046932  -389.627141    0.000000  1.621099e-01  0.000000e+00
  0.411426  -483.197965  -389.627247    0.000000  1.633722e-01  0.000000e+00
  0.411586  -483.348817  -389.623632    0.000000  1.646130e-01  0.000000e+00
  0.411746  -483.499391  -389.616280    0.000000  1.658219e-01  0.000000e+00
  0.411906  -483.649595  -389.605179    0.000000  1.669880e-01  0.000000e+00
  0.412066  -483.799334  -389.590319    0.000000  1.681002e-01  0.000000e+00
  0.412226  -483.948514  -389.571696    0.000000  1.691474e-01  0.000000e+00
  0.412386  -484.097042  -389.549306    0.000000  1.701181e-01  0.000000e+00
  0.412546  -484.244826  -389.523153    0.000000  1.710011e-01  0.000000e+00
  0.412706  -484.391773  -389.493242    0.000000  1.717854e-01  0.000000e+00
  0.412866  -484.537794  -389.459581    0.000000  1.724602e-01  0.000000e+00
  0.413026  -484.682799  -389.422186    0.000000  1.730153e-01  0.000000e+00
  0.413186  -484.826699  -389.381072    0.000000  1.734410e-01  0.000000e+00
  0.413346  -484.969407  -389.336263    0.000000  1.737285e-01  0.000000e+00
  0.413506  -485.110838  -389.287785    0.000000  1.738697e-01  0.000000e+00
  0.413666  -485.250906  -389.235668    0.000000  1.738578e-01  0.000000e+00
  0.413826  -485.389530  -389.179948    0.000000  1.736867e-01  0.000000e+00
  0.413986  -485.526629  -389.120664    0.000000  1.733565e-01  0.000000e+00
  0.414146  -485.662124  -389.057862    0.000000  1.728767e-01  0.000000e+00
  0.414306  -485.795938  -388.991592    0.000000  1.722589e-01  0.000000e+00
  0.414466  -485.927995  -388.921905    0.000000  1.715150e-01  0.000000e+00
  0.414626  -486.058224  -388.848861    0.000000  1.706570e-01  0.000000e+00
  0.414786  -486.186553  -388.772520    0.000000  1.696974e-01  0.000000e+00
  0.414946  -486.312913  -388.692947    0.000000  1.686482e-01  0.000000e+00
  0.415106  -486.437239  -388.610212    0.000000  1.675214e-01  0.000000e+00
  0.415266  -486.559466  -388.524386    0.000000  1.663288e-01  0.000000e+00
  0.415426  -486.679533  -388.435544    0.000000  1.650815e-01  0.000000e+00
  0.415586  -486.797380  -388.343762    0.000000  1.637900e-01  0.000000e+00
  0.415747  -486.912950  -388.249122    0.000000  1.624645e-01  0.000000e+00
  0.415907  -487.026189  -388.151705    0.000000  1.611141e-01  0.000000e+00
  0.416067  -487.137047  -388.051597    0.000000  1.597472e-01  0.000000e+00
  0.416227  -487.245472  -387.948882    0.000000  1.583714e-01  0.000000e+00
  0.416387  -487.351421  -387.843650    0.000000  1.569934e-01  0.000000e+00
  0.416547  -487.454849  -387.735990    0.000000  1.556188e-01  0.000000e+00
  0.416707  -487.555715  -387.625992    0.000000  1.542524e-01  0.000000e+00
  0.416867  -487.653982  -387.513749    0.000000  1.528980e-01  0.000000e+00
  0.417027  -487.749616  -387.399352    0.000000  1.515585e-01  0.000000e+00
  0.417187  -487.842584  -387.282895    0.000000  1.502357e-01  0.000000e+00
  0.417347  -487.932858  -387.164471    0.000000  1.489304e-01  0.000000e+00
  0.417507  -488.020414  -387.044174    0.000000  1.476425e-01  0.000000e+00
  0.417667  -488.105228  -386.922098    0.000000  1.463710e-01  0.000000e+00
  0.417827  -488.187282  -386.798334    0.000000  1.451136e-01  0.000000e+00
  0.417987  -488.266560  -386.672977    0.000000  1.438673e-01  0.000000e+00
  0.418147  -488.343051  -386.546118    0.000000  1.426282e-01  0.000000e+00
  0.418307  -488.416745  -386.417848    0.000000  1.413912e-01  0.000000e+00
  0.418467  -488.487638  -386.288257    0.000000  1.401504e-01  0.000000e+00
  0.418627  -488.555728  -386.157432    0.000000  1.388990e-01  0.000000e+00
  0.418787  -488.621017  -386.025462    0.000000  1.376290e-01  0.000000e+00
  0.418947  -488.683512  -385.892431    0.000000  1.363318e-01  0.000000e+00
  0.419107  -488.743221  -385.758421    0.000000  1.349978e-01  0.000000e+00
  0.419267  -488.800158  -385.623514    0.000000  1.336164e-01  0.000000e+00
  0.419427  -488.854341  -385.487788    0.000000  1.321762e-01  0.000000e+00
  0.419587  -488.905791  -385.351317    0.000000  1.306652e-01  0.000000e+00
  0.419747  -488.954533  -385.214175    0.000000  1.290702e-01  0.000000e+00
  0.419907  -489.000597  -385.076431    0.000000  1.273776e-01  0.000000e+00
  0.420067  -489.044016  -384.938151    0.000000  1.255731e-01  0.000000e+00
  0.420227  -489.084827  -384.799397    0.000000  1.236418e-01  0.000000e+00
  0.420387  -489.123074  -384.660228    0.000000  1.215681e-01  0.000000e+00
  0.420547  -489.158802  -384.520698    0.000000  1.193363e-01  0.000000e+00
  0.420707  -489.192062  -384.380858    0.000000  1.169304e-01  0.000000e+00
  0.420867  -489.222910  -384.240754    0.000000  1.143346e-01  0.000000e+00
  0.421027  -489.251404  -384.100427    0.000000  1.115384e-01  0.000000e+00
  0.421187  -489.277609  -383.959914    0.000000  1.085360e-01  0.000000e+00
  0.421347  -489.301593  -383.819247    0.000000  1.053238e-01  0.000000e+00
  0.421507  -489.323428  -383.678454    0.000000  1.019008e-01  0.000000e+00
  0.421667  -489.343191  -383.537559    0.000000  9.826819e-02  0.000000e+00
  0.421827  -489.360960  -383.396584    0.000000  9.442929e-02  0.000000e+00
  0.421988  -489.376820  -383.255545    0.000000  9.038944e-02  0.000000e+00
  0.422148  -489.390856  -383.114456    0.000000  8.615578e-02  0.000000e+00
  0.422308  -489.403159  -382.973328    0.000000  8.173707e-02  0.000000e+00
  0.422468  -489.413819  -382.832168    0.000000  7.714346e-02  0.000000e+00
  0.422628  -489.422933  -382.690982    0.000000  7.238631e-02  0.000000e+00
  0.422788  -489.430597  -382.549774    0.000000  6.747799e-02  0.000000e+00
  0.422948  -489.436912  -382.408542    0.000000  6.243164e-02  0.000000e+00
  0.423108  -489.441980  -382.267287    0.000000  5.726099e-02  0.000000e+00
  0.423268  -489.445904  -382.126005    0.000000  5.198021e-02  0.000000e+00
  0.423428  -489.448791  -381.984692    0.000000  4.660371e-02  0.000000e+00
  0.423588  -489.450746  -381.843340    0.000000  4.114600e-02  0.000000e+00
  0.423748  -489.451880  -381.701944    0.000000  3.562157e-02  0.000000e+00
  0.423908  -489.452302  -381.560496    0.000000  3.004480e-02  0.000000e+00
  0.424068  -489.452123  -381.418986    0.000000  2.442982e-02  0.000000e+00
  0.424228  -489.451454  -381.277406    0.000000  1.879050e-02  0.000000e+00
  0.424388  -489.450408  -381.135746    0.000000  1.314033e-02  0.000000e+00
  0.424548  -489.449097  -380.993996    0.000000  7.492425e-03  0.000000e+00
  0.424708  -489.447634  -380.852148    0.000000  1.859474e-03  0.000000e+00
  0.424868  -489.446133  -380.710192    0.000000  3.746290e-03  0.000000e+00
  0.425028  -489.444706  -380.568121    0.000000  9.313102e-03  0.000000e+00
  0.425188  -489.443466  -380.425926    0.000000  1.482968e-02  0.000000e+00
  0.425348  -489.442526  -380.283602    0.000000  2.028526e-02  0.000000e+00
  0.425508  -489.441995  -380.141142    0.000000  2.566957e-02  0.000000e+00
  0.425668  -489.441986  -379.998545    0.000000  3.097291e-02  0.000000e+00
  0.425828  -489.442608  -379.855807    0.000000  3.618614e-02  0.000000e+00
  0.425988  -489.443968  -379.712928    0.000000  4.130073e-02  0.000000e+00
  0.426148  -489.446174  -379.569911    0.000000  4.630880e-02  0.000000e+00
  0.426308  -489.449331  -379.426760    0.000000  5.120318e-02  0.000000e+00
  0.426468  -489.453542  -379.283482    0.000000  5.597745e-02  0.000000e+00
  0.426628  -489.458909  -379.140086    0.000000  6.062603e-02  0.000000e+00
  0.426788  -489.465531  -378.996585    0.000000  6.514427e-02  0.000000e+00
  0.426948  -489.473505  -378.852995    0.000000  6.952848e-02  0.000000e+00
  0.427108  -489.482925  -378.709336    0.000000  7.377608e-02  0.000000e+00
  0.427268  -489.493883  -378.565630    0.000000  7.788566e-02  0.000000e+00
  0.427428  -489.506467  -378.421903    0.000000  8.185711e-02  0.000000e+00
  0.427588  -489.520763  -378.278188    0.000000  8.569166e-02  0.000000e+00
  0.427748  -489.536854  -378.134518    0.000000  8.939205e-02  0.000000e+00
  0.427908  -489.554817  -377.990934    0.000000  9.296259e-02  0.000000e+00
  0.428068  -489.574727  -377.847480    0.000000  9.640943e-02  0.000000e+00
  0.428229  -489.596657  -377.704204    0.000000  9.974325e-02  0.000000e+00
  0.428389  -489.620673  -377.561162    0.000000  1.029775e-01  0.000000e+00
  0.428549  -489.646839  -377.418411    0.000000  1.061251e-01  0.000000e+00
  0.428709  -489.675213  -377.276014    0.000000  1.091978e-01  0.000000e+00
  0.428869  -489.705852  -377.134038    0.000000  1.122065e-01  0.000000e+00
  0.429029  -489.738807  -376.992552    0.000000  1.151610e-01  0.000000e+00
  0.429189  -489.774127  -376.851629    0.000000  1.180698e-01  0.000000e+00
  0.429349  -489.811855  -376.711345    0.000000  1.209400e-01  0.000000e+00
  0.429509  -489.852033  -376.571778    0.000000  1.237774e-01  0.000000e+00
  0.429669  -489.894695  -376.433008    0.000000  1.265863e-01  0.000000e+00
  0.429829  -489.939877  -376.295117    0.000000  1.293692e-01  0.000000e+00
  0.429989  -489.987607  -376.158187    0.000000  1.321273e-01  0.000000e+00
  0.430149  -490.037911  -376.022303    0.000000  1.348597e-01  0.000000e+00
  0.430309  -490.090812  -375.887550    0.000000  1.375639e-01  0.000000e+00
  0.430469  -490.146328  -375.754012    0.000000  1.402355e-01  0.000000e+00
  0.430629  -490.204473  -375.621774    0.000000  1.428681e-01  0.000000e+00
  0.430789  -490.265261  -375.490921    0.000000  1.454532e-01  0.000000e+00
  0.430949  -490.328699  -375.361536    0.000000  1.479804e-01  0.000000e+00
  0.431109  -490.394791  -375.233701    0.000000  1.504373e-01  0.000000e+00
  0.431269  -490.463540  -375.107499    0.000000  1.528093e-01  0.000000e+00
  0.431429  -490.534943  -374.983007    0.000000  1.550800e-01  0.000000e+00
  0.431589  -490.608995  -374.860302    0.000000  1.572309e-01  0.000000e+00
  0.431749  -490.685687  -374.739460    0.000000  1.592417e-01  0.000000e+00
  0.431909  -490.765006  -374.620552    0.000000  1.610907e-01  0.000000e+00
  0.432069  -490.846939  -374.503645    0.000000  1.627545e-01  0.000000e+00
  0.432229  -490.931466  -374.388805    0.000000  1.642086e-01  0.000000e+00
  0.432389  -491.018566  -374.276093    0.000000  1.654277e-01  0.000000e+00
  0.432549  -491.108213  -374.165564    0.000000  1.663858e-01  0.000000e+00
  0.432709  -491.200381  -374.057271    0.000000  1.670570e-01  0.000000e+00
  0.432869  -491.295037  -373.951260    0.000000  1.674237e-01  0.000000e+00
  0.433029  -491.392147  -373.847573    0.000000  1.674821e-01  0.000000e+00
  0.433189  -491.491675  -373.746247    0.000000  1.672324e-01  0.000000e+00
  0.433349  -491.593581  -373.647313    0.000000  1.666781e-01  0.000000e+00
  0.433509  -491.697822  -373.550799    0.000000  1.658256e-01  0.000000e+00
  0.433669  -491.804353  -373.456728    0.000000  1.646840e-01  0.000000e+00
  0.433829  -491.913126  -373.365117    0.000000  1.632654e-01  0.000000e+00
  0.433989  -492.024093  -373.275980    0.000000  1.615842e-01  0.000000e+00
  0.434149  -492.137201  -373.189328    0.000000  1.596568e-01  0.000000e+00
  0.434309  -492.252396  -373.105168    0.000000  1.575016e-01  0.000000e+00
  0.434470  -492.369623  -373.023500    0.000000  1.551383e-01  0.000000e+00
  0.434630  -492.488824  -372.944326    0.000000  1.525876e-01  0.000000e+00
  0.434790  -492.609940  -372.867640    0.000000  1.498709e-01  0.000000e+00
  0.434950  -492.732911  -372.793435    0.000000  1.470101e-01  0.000000e+00
  0.435110  -492.857674  -372.721700    0.000000  1.440270e-01  0.000000e+00
  0.435270  -492.984167  -372.652422    0.000000  1.409430e-01  0.000000e+00
  0.435430  -493.112325  -372.585586    0.000000  1.377791e-01  0.000000e+00
  0.435590  -493.242083  -372.521172    0.000000  1.345557e-01  0.000000e+00
  0.435750  -493.373376  -372.459159    0.000000  1.312919e-01  0.000000e+00
  0.435910  -493.506136  -372.399526    0.000000  1.280060e-01  0.000000e+00
  0.436070  -493.640296  -372.342246    0.000000  1.247152e-01  0.000000e+00
  0.436230  -493.775788  -372.287292    0.000000  1.214352e-01  0.000000e+00
  0.436390  -493.912545  -372.234637    0.000000  1.181806e-01  0.000000e+00
  0.436550  -494.050498  -372.184249    0.000000  1.149648e-01  0.000000e+00
  0.436710  -494.189578  -372.136099    0.000000  1.117999e-01  0.000000e+00
  0.436870  -494.329719  -372.090151    0.000000  1.086969e-01  0.000000e+00
  0.437030  -494.470851  -372.046374    0.000000  1.056656e-01  0.000000e+00
  0.437190  -494.612907  -372.004733    0.000000  1.027147e-01  0.000000e+00
  0.437350  -494.755820  -371.965192    0.000000  9.985211e-02  0.000000e+00
  0.437510  -494.899523  -371.927716    0.000000  9.708470e-02  0.000000e+00
  0.437670  -495.043951  -371.892268    0.000000  9.441864e-02  0.000000e+00
  0.437830  -495.189038  -371.858813    0.000000  9.185942e-02  0.000000e+00
  0.437990  -495.334721  -371.827313    0.000000  8.941190e-02  0.000000e+00
  0.438150  -495.480937  -371.797734    0.000000  8.708045e-02  0.000000e+00
  0.438310  -495.627624  -371.770038    0.000000  8.486900e-02  0.000000e+00
  0.438470  -495.774721  -371.744191    0.000000  8.278118e-02  0.000000e+00
  0.438630  -495.922171  -371.720159    0.000000  8.082030e-02  0.000000e+00
  0.438790  -496.069916  -371.697906    0.000000  7.898951e-02  0.000000e+00
  0.438950  -496.217901  -371.677400    0.000000  7.729180e-02  0.000000e+00
  0.439110  -496.366072  -371.658609    0.000000  7.573008e-02  0.000000e+00
  0.439270  -496.514378  -371.641504    0.000000  7.430719e-02  0.000000e+00
  0.439430  -496.662770  -371.626054    0.000000  7.302592e-02  0.000000e+00
  0.439590  -496.811201  -371.612233    0.000000  7.188501e-02  0.000000e+00
  0.439750  -496.959627  -371.600014    0.000000  7.087687e-02  0.000000e+00
  0.439910  -497.108005  -371.589374    0.000000  6.999371e-02  0.000000e+00
  0.440070  -497.256295  -371.580291    0.000000  6.922801e-02  0.000000e+00
  0.440230  -497.404460  -371.572743    0.000000  6.857255e-02  0.000000e+00
  0.440390  -497.552464  -371.566711    0.000000  6.802036e-02  0.000000e+00
  0.440550  -497.700274  -371.562178    0.000000  6.756464e-02  0.000000e+00
  0.440711  -497.847858  -371.559125    0.000000  6.719880e-02  0.000000e+00
  0.440871  -497.995187  -371.557539    0.000000  6.691637e-02  0.000000e+00
  0.441031  -498.142234  -371.557404    0.000000  6.671100e-02  0.000000e+00
  0.441191  -498.288972  -371.558707    0.000000  6.657642e-02  0.000000e+00
  0.441351  -498.435380  -371.561437    0.000000  6.650643e-02  0.000000e+00
  0.441511  -498.581434  -371.565582    0.000000  6.649487e-02  0.000000e+00
  0.441671  -498.727116  -371.571132    0.000000  6.653561e-02  0.000000e+00
  0.441831  -498.872407  -371.578077    0.000000  6.662250e-02  0.000000e+00
  0.441991  -499.017290  -371.586410    0.000000  6.674942e-02  0.000000e+00
  0.442151  -499.161750  -371.596121    0.000000  6.691022e-02  0.000000e+00
  0.442311  -499.305775  -371.607204    0.000000  6.709874e-02  0.000000e+00
  0.442471  -499.449352  -371.619652    0.000000  6.730879e-02  0.000000e+00
  0.442631  -499.592472  -371.633458    0.000000  6.753418e-02  0.000000e+00
  0.442791  -499.735125  -371.648618    0.000000  6.776870e-02  0.000000e+00
  0.442951  -499.877305  -371.665124    0.000000  6.800613e-02  0.000000e+00
  0.443111  -500.019005  -371.682974    0.000000  6.824029e-02  0.000000e+00
  0.443271  -500.160220  -371.702160    0.000000  6.846499e-02  0.000000e+00
  0.443431  -500.300947  -371.722679    0.000000  6.867413e-02  0.000000e+00
  0.443591  -500.441183  -371.744526    0.000000  6.886164e-02  0.000000e+00
  0.443751  -500.580928  -371.767696    0.000000  6.902156e-02  0.000000e+00
  0.443911  -500.720182  -371.792184    0.000000  6.914805e-02  0.000000e+00
  0.444071  -500.858945  -371.817986    0.000000  6.923541e-02  0.000000e+00
  0.444231  -500.997219  -371.845096    0.000000  6.927814e-02  0.000000e+00
  0.444391  -501.135008  -371.873510    0.000000  6.927093e-02  0.000000e+00
  0.444551  -501.272315  -371.903221    0.000000  6.920869e-02  0.000000e+00
  0.444711  -501.409145  -371.934223    0.000000  6.908663e-02  0.000000e+00
  0.444871  -501.545503  -371.966510    0.000000  6.890024e-02  0.000000e+00
  0.445031  -501.681397  -372.000075    0.000000  6.864532e-02  0.000000e+00
  0.445191  -501.816832  -372.034910    0.000000  6.831803e-02  0.000000e+00
  0.445351  -501.951817  -372.071007    0.000000  6.791489e-02  0.000000e+00
  0.445511  -502.086360  -372.108357    0.000000  6.743279e-02  0.000000e+00
  0.445671  -502.220469  -372.146949    0.000000  6.686903e-02  0.000000e+00
  0.445831  -502.354155  -372.186774    0.000000  6.622129e-02  0.000000e+00
  0.445991  -502.487427  -372.227819    0.000000  6.548769e-02  0.000000e+00
  0.446151  -502.620295  -372.270072    0.000000  6.466671e-02  0.000000e+00
  0.446311  -502.752770  -372.313518    0.000000  6.375725e-02  0.000000e+00
  0.446471  -502.884862  -372.358143    0.000000  6.275858e-02  0.000000e+00
  0.446631  -503.016584  -372.403931    0.000000  6.167033e-02  0.000000e+00
  0.446791  -503.147946  -372.450865    0.000000  6.049296e-02  0.000000e+00
  0.446952  -503.278961  -372.498924    0.000000  5.923006e-02  0.000000e+00
  0.447112  -503.409640  -372.548090    0.000000  5.788653e-02  0.000000e+00
  0.447272  -503.539994  -372.598340    0.000000  5.646726e-02  0.000000e+00
  0.447432  -503.670037  -372.649653    0.000000  5.497716e-02  0.000000e+00
  0.447592  -503.799780  -372.702003    0.000000  5.342108e-02  0.000000e+00
  0.447752  -503.929236  -372.755366    0.000000  5.180383e-02  0.000000e+00
  0.447912  -504.058417  -372.809716    0.000000  5.013010e-02  0.000000e+00
  0.448072  -504.187336  -372.865026    0.000000  4.840449e-02  0.000000e+00
  0.448232  -504.316005  -372.921266    0.000000  4.663142e-02  0.000000e+00
  0.448392  -504.444438  -372.978408    0.000000  4.481520e-02  0.000000e+00
  0.448552  -504.572646  -373.036421    0.000000  4.295993e-02  0.000000e+00
  0.448712  -504.700644  -373.095274    0.000000  4.106953e-02  0.000000e+00
  0.448872  -504.828444  -373.154934    0.000000  3.914773e-02  0.000000e+00
  0.449032  -504.956058  -373.215369    0.000000  3.719806e-02  0.000000e+00
  0.449192  -505.083501  -373.276544    0.000000  3.522383e-02  0.000000e+00
  0.449352  -505.210784  -373.338425    0.000000  3.322816e-02  0.000000e+00
  0.449512  -505.337922  -373.400977    0.000000  3.121395e-02  0.000000e+00
  0.449672  -505.464928  -373.464162    0.000000  2.918390e-02  0.000000e+00
  0.449832  -505.591813  -373.527946    0.000000  2.714050e-02  0.000000e+00
  0.449992  -505.718593  -373.592289    0.000000  2.508605e-02  0.000000e+00
  0.450152  -505.845279  -373.657155    0.000000  2.302267e-02  0.000000e+00
  0.450312  -505.971884  -373.722504    0.000000  2.095230e-02  0.000000e+00
  0.450472  -506.098423  -373.788298    0.000000  1.887670e-02  0.000000e+00
  0.450632  -506.224907  -373.854497    0.000000  1.679748e-02  0.000000e+00
  0.450792  -506.351350  -373.921062    0.000000  1.471610e-02  0.000000e+00
  0.450952  -506.477764  -373.987951    0.000000  1.263389e-02  0.000000e+00
  0.451112  -506.604163  -374.055125    0.000000  1.055206e-02  0.000000e+00
  0.451272  -506.730558  -374.122542    0.000000  8.471692e-03  0.000000e+00
  0.451432  -506.856964  -374.190162    0.000000  6.393794e-03  0.000000e+00
  0.451592  -506.983391  -374.257943    0.000000  4.319277e-03  0.000000e+00
  0.451752  -507.109853  -374.325843    0.000000  2.248988e-03  0.000000e+00
  0.451912  -507.236362  -374.393821    0.000000  1.837152e-04  0.000000e+00
  0.452072  -507.362930  -374.461835    0.000000  1.875798e-03  0.000000e+00
  0.452232  -507.489569  -374.529843    0.000000  3.928837e-03  0.000000e+00
  0.452392  -507.616291  -374.597804    0.000000  5.974705e-03  0.000000e+00
  0.452552  -507.743108  -374.665675    0.000000  8.012710e-03  0.000000e+00
  0.452712  -507.870030  -374.733415    0.000000  1.004215e-02  0.000000e+00
  0.452872  -507.997070  -374.800982    0.000000  1.206232e-02  0.000000e+00
  0.453032  -508.124239  -374.868334    0.000000  1.407245e-02  0.000000e+00
  0.453193  -508.251547  -374.935431    0.000000  1.607176e-02  0.000000e+00
  0.453353  -508.379006  -375.002230    0.000000  1.805939e-02  0.000000e+00
  0.453513  -508.506625  -375.068692    0.000000  2.003444e-02  0.000000e+00
  0.453673  -508.634416  -375.134776    0.000000  2.199592e-02  0.000000e+00
  0.453833  -508.762389  -375.200441    0.000000  2.394276e-02  0.000000e+00
  0.453993  -508.890552  -375.265647    0.000000  2.587379e-02  0.000000e+00
  0.454153  -509.018916  -375.330356    0.000000  2.778775e-02  0.000000e+00
  0.454313  -509.147491  -375.394528    0.000000  2.968328e-02  0.000000e+00
  0.454473  -509.276285  -375.458125    0.000000  3.155887e-02  0.000000e+00
  0.454633  -509.405306  -375.521109    0.000000  3.341293e-02  0.000000e+00
  0.454793  -509.534565  -375.583443    0.000000  3.524372e-02  0.000000e+00
  0.454953  -509.664068  -375.645089    0.000000  3.704938e-02  0.000000e+00
  0.455113  -509.793823  -375.706013    0.000000  3.882792e-02  0.000000e+00
  0.455273  -509.923839  -375.766178    0.000000  4.057721e-02  0.000000e+00
  0.455433  -510.054123  -375.825550    0.000000  4.229501e-02  0.000000e+00
  0.455593  -510.184680  -375.884095    0.000000  4.397892e-02  0.000000e+00
  0.455753  -510.315519  -375.941780    0.000000  4.562643e-02  0.000000e+00
  0.455913  -510.446644  -375.998574    0.000000  4.723491e-02  0.000000e+00
  0.456073  -510.578063  -376.054445    0.000000  4.880161e-02  0.000000e+00
  0.456233  -510.709780  -376.109362    0.000000  5.032366e-02  0.000000e+00
  0.456393  -510.841800  -376.163296    0.000000  5.179810e-02  0.000000e+00
  0.456553  -510.974129  -376.216220    0.000000  5.322189e-02  0.000000e+00
  0.456713  -511.106770  -376.268106    0.000000  5.459189e-02  0.000000e+00
  0.456873  -511.239728  -376.318927    0.000000  5.590493e-02  0.000000e+00
  0.457033  -511.373005  -376.368659    0.000000  5.715775e-02  0.000000e+00
  0.457193  -511.506605  -376.417279    0.000000  5.834710e-02  0.000000e+00
  0.457353  -511.640530  -376.464763    0.000000  5.946970e-02  0.000000e+00
  0.457513  -511.774783  -376.511090    0.000000  6.052226e-02  0.000000e+00
  0.457673  -511.909365  -376.556240    0.000000  6.150156e-02  0.000000e+00
  0.457833  -512.044277  -376.600195    0.000000  6.240559e-02  0.000000e+00
  0.457993  -512.179521  -376.642938    0.000000  6.323413e-02  0.000000e+00
  0.458153  -512.315096  -376.684452    0.000000  6.398714e-02  0.000000e+00
  0.458313  -512.451002  -376.724722    0.000000  6.466470e-02  0.000000e+00
  0.458473  -512.587238  -376.763737    0.000000  6.526697e-02  0.000000e+00
  0.458633  -512.723804  -376.801482    0.000000  6.579423e-02  0.000000e+00
  0.458793  -512.860699  -376.837949    0.000000  6.624685e-02  0.000000e+00
  0.458953  -512.997919  -376.873126    0.000000  6.662535e-02  0.000000e+00
  0.459113  -513.135464  -376.907007    0.000000  6.693033e-02  0.000000e+00
  0.459273  -513.273330  -376.939584    0.000000  6.716255e-02  0.000000e+00
  0.459434  -513.411514  -376.970851    0.000000  6.732286e-02  0.000000e+00
  0.459594  -513.550014  -377.000803    0.000000  6.741226e-02  0.000000e+00
  0.459754  -513.688825  -377.029438    0.000000  6.743184e-02  0.000000e+00
  0.459914  -513.827943  -377.056752    0.000000  6.738285e-02  0.000000e+00
  0.460074  -513.967365  -377.082746    0.000000  6.726660e-02  0.000000e+00
  0.460234  -514.107085  -377.107417    0.000000  6.708455e-02  0.000000e+00
  0.460394  -514.247100  -377.130769    0.000000  6.683824e-02  0.000000e+00
  0.460554  -514.387402  -377.152802    0.000000  6.652930e-02  0.000000e+00
  0.460714  -514.527988  -377.173521    0.000000  6.615946e-02  0.000000e+00
  0.460874  -514.668851  -377.192928    0.000000  6.573051e-02  0.000000e+00
  0.461034  -514.809986  -377.211031    0.000000  6.524432e-02  0.000000e+00
  0.461194  -514.951386  -377.227834    0.000000  6.470280e-02  0.000000e+00
  0.461354  -515.093045  -377.243345    0.000000  6.410794e-02  0.000000e+00
  0.461514  -515.234957  -377.257573    0.000000  6.346173e-02  0.000000e+00
  0.461674  -515.377114  -377.270527    0.000000  6.276621e-02  0.000000e+00
  0.461834  -515.519509  -377.282216    0.000000  6.202342e-02  0.000000e+00
  0.461994  -515.662136  -377.292652    0.000000  6.123542e-02  0.000000e+00
  0.462154  -515.804988  -377.301847    0.000000  6.040427e-02  0.000000e+00
  0.462314  -515.948056  -377.309815    0.000000  5.953201e-02  0.000000e+00
  0.462474  -516.091333  -377.316567    0.000000  5.862065e-02  0.000000e+00
  0.462634  -516.234811  -377.322120    0.000000  5.767220e-02  0.000000e+00
  0.462794  -516.378484  -377.326489    0.000000  5.668859e-02  0.000000e+00
  0.462954  -516.522342  -377.329690    0.000000  5.567175e-02  0.000000e+00
  0.463114  -516.666377  -377.331740    0.000000  5.462352e-02  0.000000e+00
  0.463274  -516.810583  -377.332657    0.000000  5.354571e-02  0.000000e+00
  0.463434  -516.954949  -377.332460    0.000000  5.244005e-02  0.000000e+00
  0.463594  -517.099470  -377.331168    0.000000  5.130822e-02  0.000000e+00
  0.463754  -517.244135  -377.328801    0.000000  5.015180e-02  0.000000e+00
  0.463914  -517.388937  -377.325380    0.000000  4.897232e-02  0.000000e+00
  0.464074  -517.533868  -377.320927    0.000000  4.777122e-02  0.000000e+00
  0.464234  -517.678919  -377.315464    0.000000  4.654986e-02  0.000000e+00
  0.464394  -517.824082  -377.309013    0.000000  4.530951e-02  0.000000e+00
  0.464554  -517.969349  -377.301599    0.000000  4.405139e-02  0.000000e+00
  0.464714  -518.114712  -377.293245    0.000000  4.277659e-02  0.000000e+00
  0.464874  -518.260162  -377.283977    0.000000  4.148614e-02  0.000000e+00
  0.465034  -518.405691  -377.273819    0.000000  4.018098e-02  0.000000e+00
  0.465194  -518.551291  -377.262799    0.000000  3.886198e-02  0.000000e+00
  0.465354  -518.696955  -377.250941    0.000000  3.752990e-02  0.000000e+00
  0.465514  -518.842675  -377.238273    0.000000  3.618546e-02  0.000000e+00
  0.465675  -518.988442  -377.224824    0.000000  3.482925e-02  0.000000e+00
  0.465835  -519.134249  -377.210620    0.000000  3.346184e-02  0.000000e+00
  0.465995  -519.280089  -377.195691    0.000000  3.208368e-02  0.000000e+00
  0.466155  -519.425954  -377.180065    0.000000  3.069520e-02  0.000000e+00
  0.466315  -519.571837  -377.163773    0.000000  2.929692e-02  0.000000e+00
  0.466475  -519.717731  -377.146844    0.000000  2.788935e-02  0.000000e+00
  0.466635  -519.863628  -377.129308    0.000000  2.647296e-02  0.000000e+00
  0.466795  -520.009523  -377.111196    0.000000  2.504817e-02  0.000000e+00
  0.466955  -520.155409  -377.092540    0.000000  2.361536e-02  0.000000e+00
  0.467115  -520.301279  -377.073370    0.000000  2.217485e-02  0.000000e+00
  0.467275  -520.447127  -377.053719    0.000000  2.072694e-02  0.000000e+00
  0.467435  -520.592946  -377.033619    0.000000  1.927187e-02  0.000000e+00
  0.467595  -520.738731  -377.013102    0.000000  1.780985e-02  0.000000e+00
  0.467755  -520.884476  -376.992201    0.000000  1.634108e-02  0.000000e+00
  0.467915  -521.030174  -376.970948    0.000000  1.486568e-02  0.000000e+00
  0.468075  -521.175821  -376.949377    0.000000  1.338380e-02  0.000000e+00
  0.468235  -521.321412  -376.927522    0.000000  1.189552e-02  0.000000e+00
  0.468395  -521.466940  -376.905415    0.000000  1.040093e-02  0.000000e+00
  0.468555  -521.612400  -376.883091    0.000000  8.900075e-03  0.000000e+00
  0.468715  -521.757788  -376.860582    0.000000  7.393017e-03  0.000000e+00
  0.468875  -521.903099  -376.837924    0.000000  5.879789e-03  0.000000e+00
  0.469035  -522.048327  -376.815150    0.000000  4.360426e-03  0.000000e+00
  0.469195  -522.193469  -376.792295    0.000000  2.834961e-03  0.000000e+00
  0.469355  -522.338520  -376.769392    0.000000  1.303430e-03  0.000000e+00
  0.469515  -522.483475  -376.746475    0.000000  2.341229e-04  0.000000e+00
  0.469675  -522.628331  -376.723579    0.000000  1.777641e-03  0.000000e+00
  0.469835  -522.773083  -376.700739    0.000000  3.327052e-03  0.000000e+00
  0.469995  -522.917727  -376.677988    0.000000  4.882261e-03  0.000000e+00
  0.470155  -523.062260  -376.655360    0.000000  6.443146e-03  0.000000e+00
  0.470315  -523.206677  -376.632889    0.000000  8.009555e-03  0.000000e+00
  0.470475  -523.350976  -376.610610    0.000000  9.581299e-03  0.000000e+00
  0.470635  -523.495153  -376.588556    0.000000  1.115815e-02  0.000000e+00
  0.470795  -523.639204  -376.566761    0.000000  1.273982e-02  0.000000e+00
  0.470955  -523.783127  -376.545258    0.000000  1.432600e-02  0.000000e+00
  0.471115  -523.926918  -376.524081    0.000000  1.591629e-02  0.000000e+00
  0.471275  -524.070575  -376.503263    0.000000  1.751024e-02  0.000000e+00
  0.471435  -524.214095  -376.482838    0.000000  1.910734e-02  0.000000e+00
  0.471595  -524.357474  -376.462836    0.000000  2.070700e-02  0.000000e+00
  0.471755  -524.500712  -376.443292    0.000000  2.230856e-02  0.000000e+00
  0.471916  -524.643804  -376.424238    0.000000  2.391126e-02  0.000000e+00
  0.472076  -524.786749  -376.405704    0.000000  2.551428e-02  0.000000e+00
  0.472236  -524.929545  -376.387723    0.000000  2.711667e-02  0.000000e+00
  0.472396  -525.072189  -376.370326    0.000000  2.871742e-02  0.000000e+00
  0.472556  -525.214680  -376.353543    0.000000  3.031541e-02  0.000000e+00
  0.472716  -525.357016  -376.337406    0.000000  3.190939e-02  0.000000e+00
  0.472876  -525.499195  -376.321944    0.000000  3.349804e-02  0.000000e+00
  0.473036  -525.641216  -376.307186    0.000000  3.507991e-02  0.000000e+00
  0.473196  -525.783077  -376.293163    0.000000  3.665343e-02  0.000000e+00
  0.473356  -525.924776  -376.279902    0.000000  3.821694e-02  0.000000e+00
  0.473516  -526.066312  -376.267432    0.000000  3.976864e-02  0.000000e+00
  0.473676  -526.207685  -376.255780    0.000000  4.130664e-02  0.000000e+00
  0.473836  -526.348894  -376.244973    0.000000  4.282891e-02  0.000000e+00
  0.473996  -526.489936  -376.235039    0.000000  4.433333e-02  0.000000e+00
  0.474156  -526.630812  -376.226003    0.000000  4.581766e-02  0.000000e+00
  0.474316  -526.771521  -376.217890    0.000000  4.727955e-02  0.000000e+00
  0.474476  -526.912062  -376.210725    0.000000  4.871657e-02  0.000000e+00
  0.474636  -527.052434  -376.204533    0.000000  5.012617e-02  0.000000e+00
  0.474796  -527.192638  -376.199336    0.000000  5.150572e-02  0.000000e+00
  0.474956  -527.332673  -376.195158    0.000000  5.285253e-02  0.000000e+00
  0.475116  -527.472538  -376.192020    0.000000  5.416381e-02  0.000000e+00
  0.475276  -527.612235  -376.189945    0.000000  5.543675e-02  0.000000e+00
  0.475436  -527.751761  -376.188952    0.000000  5.666845e-02  0.000000e+00
  0.475596  -527.891119  -376.189061    0.000000  5.785601e-02  0.000000e+00
  0.475756  -528.030308  -376.190292    0.000000  5.899650e-02  0.000000e+00
  0.475916  -528.169327  -376.192662    0.000000  6.008699e-02  0.000000e+00
  0.476076  -528.308179  -376.196190    0.000000  6.112456e-02  0.000000e+00
  0.476236  -528.446862  -376.200890    0.000000  6.210631e-02  0.000000e+00
  0.476396  -528.585379  -376.206781    0.000000  6.302942e-02  0.000000e+00
  0.476556  -528.723729  -376.213875    0.000000  6.389109e-02  0.000000e+00
  0.476716  -528.861913  -376.222187    0.000000  6.468864e-02  0.000000e+00
  0.476876  -528.999931  -376.231729    0.000000  6.541946e-02  0.000000e+00
  0.477036  -529.137786  -376.242514    0.000000  6.608109e-02  0.000000e+00
  0.477196  -529.275478  -376.254553    0.000000  6.667117e-02  0.000000e+00
  0.477356  -529.413009  -376.267856    0.000000  6.718752e-02  0.000000e+00
  0.477516  -529.550378  -376.282431    0.000000  6.762812e-02  0.000000e+00
  0.477676  -529.687588  -376.298287    0.000000  6.799112e-02  0.000000e+00
  0.477836  -529.824641  -376.315430    0.000000  6.827488e-02  0.000000e+00
  0.477996  -529.961537  -376.333866    0.000000  6.847795e-02  0.000000e+00
  0.478157  -530.098278  -376.353600    0.000000  6.859910e-02  0.000000e+00
  0.478317  -530.234865  -376.374635    0.000000  6.863733e-02  0.000000e+00
  0.478477  -530.371301  -376.396974    0.000000  6.859186e-02  0.000000e+00
  0.478637  -530.507588  -376.420618    0.000000  6.846214e-02  0.000000e+00
  0.478797  -530.643726  -376.445566    0.000000  6.824785e-02  0.000000e+00
  0.478957  -530.779719  -376.471818    0.000000  6.794890e-02  0.000000e+00
  0.479117  -530.915568  -376.499372    0.000000  6.756537e-02  0.000000e+00
  0.479277  -531.051275  -376.528222    0.000000  6.709738e-02  0.000000e+00
  0.479437  -531.186843  -376.558366    0.000000  6.654522e-02  0.000000e+00
  0.479597  -531.322273  -376.589796    0.000000  6.590936e-02  0.000000e+00
  0.479757  -531.457568  -376.622504    0.000000  6.519046e-02  0.000000e+00
  0.479917  -531.592731  -376.656482    0.000000  6.438934e-02  0.000000e+00
  0.480077  -531.727765  -376.691720    0.000000  6.350695e-02  0.000000e+00
  0.480237  -531.862671  -376.728205    0.000000  6.254442e-02  0.000000e+00
  0.480397  -531.997452  -376.765925    0.000000  6.150295e-02  0.000000e+00
  0.480557  -532.132112  -376.804864    0.000000  6.038386e-02  0.000000e+00
  0.480717  -532.266654  -376.845007    0.000000  5.918854e-02  0.000000e+00
  0.480877  -532.401081  -376.886336    0.000000  5.791841e-02  0.000000e+00
  0.481037  -532.535395  -376.928833    0.000000  5.657497e-02  0.000000e+00
  0.481197  -532.669601  -376.972475    0.000000  5.515968e-02  0.000000e+00
  0.481357  -532.803701  -377.017241    0.000000  5.367400e-02  0.000000e+00
  0.481517  -532.937700  -377.063108    0.000000  5.211938e-02  0.000000e+00
  0.481677  -533.071601  -377.110049    0.000000  5.049716e-02  0.000000e+00
  0.481837  -533.205409  -377.158037    0.000000  4.880865e-02  0.000000e+00
  0.481997  -533.339127  -377.207043    0.000000  4.705500e-02  0.000000e+00
  0.482157  -533.472760  -377.257038    0.000000  4.523729e-02  0.000000e+00
  0.482317  -533.606311  -377.307988    0.000000  4.335640e-02  0.000000e+00
  0.482477  -533.739787  -377.359859    0.000000  4.141307e-02  0.000000e+00
  0.482637  -533.873190  -377.412616    0.000000  3.940785e-02  0.000000e+00
  0.482797  -534.006528  -377.466221    0.000000  3.734105e-02  0.000000e+00
  0.482957  -534.139803  -377.520635    0.000000  3.521280e-02  0.000000e+00
  0.483117  -534.273023  -377.575815    0.000000  3.302293e-02  0.000000e+00
  0.483277  -534.406191  -377.631719    0.000000  3.077106e-02  0.000000e+00
  0.483437  -534.539315  -377.688302    0.000000  2.845649e-02  0.000000e+00
  0.483597  -534.672399  -377.745517    0.000000  2.607822e-02  0.000000e+00
  0.483757  -534.805451  -377.803314    0.000000  2.363497e-02  0.000000e+00
  0.483917  -534.938475  -377.861643    0.000000  2.112511e-02  0.000000e+00
  0.484077  -535.071479  -377.920450    0.000000  1.854666e-02  0.000000e+00
  0.484237  -535.204470  -377.979680    0.000000  1.589730e-02  0.000000e+00
  0.484398  -535.337454  -378.039277    0.000000  1.317433e-02  0.000000e+00
  0.484558  -535.470438  -378.099181    0.000000  1.037467e-02  0.000000e+00
  0.484718  -535.603430  -378.159330    0.000000  7.494849e-03  0.000000e+00
  0.484878  -535.736438  -378.219662    0.000000  4.530992e-03  0.000000e+00
  0.485038  -535.869468  -378.280110    0.000000  1.478812e-03  0.000000e+00
  0.485198  -536.002531  -378.340607    0.000000  1.666399e-03  0.000000e+00
  0.485358  -536.135632  -378.401083    0.000000  4.909230e-03  0.000000e+00
  0.485518  -536.268783  -378.461465    0.000000  8.248343e-03  0.000000e+00
  0.485678  -536.401990  -378.521679    0.000000  1.167865e-02  0.000000e+00
  0.485838  -536.535263  -378.581650    0.000000  1.519529e-02  0.000000e+00
  0.485998  -536.668611  -378.641298    0.000000  1.879365e-02  0.000000e+00
  0.486158  -536.802044  -378.700545    0.000000  2.246920e-02  0.000000e+00
  0.486318  -536.935570  -378.759310    0.000000  2.621749e-02  0.000000e+00
  0.486478  -537.069199  -378.817511    0.000000  3.003396e-02  0.000000e+00
  0.486638  -537.202941  -378.875066    0.000000  3.391391e-02  0.000000e+00
  0.486798  -537.336803  -378.931892    0.000000  3.785230e-02  0.000000e+00
  0.486958  -537.470796  -378.987906    0.000000  4.184372e-02  0.000000e+00
  0.487118  -537.604929  -379.043023    0.000000  4.588222e-02  0.000000e+00
  0.487278  -537.739209  -379.097160    0.000000  4.996120e-02  0.000000e+00
  0.487438  -537.873646  -379.150234    0.000000  5.407331e-02  0.000000e+00
  0.487598  -538.008248  -379.202162    0.000000  5.821033e-02  0.000000e+00
  0.487758  -538.143022  -379.252862    0.000000  6.236305e-02  0.000000e+00
  0.487918  -538.277976  -379.302252    0.000000  6.652119e-02  0.000000e+00
  0.488078  -538.413118  -379.350252    0.000000  7.067330e-02  0.000000e+00
  0.488238  -538.548453  -379.396784    0.000000  7.480671e-02  0.000000e+00
  0.488398  -538.683988  -379.441769    0.000000  7.890746e-02  0.000000e+00
  0.488558  -538.819729  -379.485133    0.000000  8.296029e-02  0.000000e+00
  0.488718  -538.955681  -379.526802    0.000000  8.694865e-02  0.000000e+00
  0.488878  -539.091848  -379.566704    0.000000  9.085471e-02  0.000000e+00
  0.489038  -539.228234  -379.604770    0.000000  9.465945e-02  0.000000e+00
  0.489198  -539.364842  -379.640933    0.000000  9.834279e-02  0.000000e+00
  0.489358  -539.501674  -379.675131    0.000000  1.018837e-01  0.000000e+00
  0.489518  -539.638732  -379.707303    0.000000  1.052604e-01  0.000000e+00
  0.489678  -539.776017  -379.737390    0.000000  1.084507e-01  0.000000e+00
  0.489838  -539.913528  -379.765340    0.000000  1.114321e-01  0.000000e+00
  0.489998  -540.051265  -379.791102    0.000000  1.141822e-01  0.000000e+00
  0.490158  -540.189225  -379.814629    0.000000  1.166789e-01  0.000000e+00
  0.490318  -540.327406  -379.835880    0.000000  1.189012e-01  0.000000e+00
  0.490478  -540.465803  -379.854816    0.000000  1.208289e-01  0.000000e+00
  0.490639  -540.604411  -379.871405    0.000000  1.224435e-01  0.000000e+00
  0.490799  -540.743225  -379.885617    0.000000  1.237281e-01  0.000000e+00
  0.490959  -540.882236  -379.897429    0.000000  1.246681e-01  0.000000e+00
  0.491119  -541.021436  -379.906822    0.000000  1.252546e-01  0.000000e+00
  0.491279  -541.160816  -379.913784    0.000000  1.254941e-01  0.000000e+00
  0.491439  -541.300364  -379.918305    0.000000  1.253985e-01  0.000000e+00
  0.491599  -541.440068  -379.920384    0.000000  1.249813e-01  0.000000e+00
  0.491759  -541.579915  -379.920023    0.000000  1.242579e-01  0.000000e+00
  0.491919  -541.719892  -379.917227    0.000000  1.232451e-01  0.000000e+00
  0.492079  -541.859982  -379.912008    0.000000  1.219606e-01  0.000000e+00
  0.492239  -542.000171  -379.904383    0.000000  1.204235e-01  0.000000e+00
  0.492399  -542.140443  -379.894370    0.000000  1.186529e-01  0.000000e+00
  0.492559  -542.280779  -379.881995    0.000000  1.166689e-01  0.000000e+00
  0.492719  -542.421163  -379.867284    0.000000  1.144912e-01  0.000000e+00
  0.492879  -542.561577  -379.850270    0.000000  1.121394e-01  0.000000e+00
  0.493039  -542.702002  -379.830988    0.000000  1.096328e-01  0.000000e+00
  0.493199  -542.842419  -379.809476    0.000000  1.069901e-01  0.000000e+00
  0.493359  -542.982810  -379.785778    0.000000  1.042291e-01  0.000000e+00
  0.493519  -543.123155  -379.759937    0.000000  1.013667e-01  0.000000e+00
  0.493679  -543.263434  -379.732002    0.000000  9.841883e-02  0.000000e+00
  0.493839  -543.403629  -379.702024    0.000000  9.540017e-02  0.000000e+00
  0.493999  -543.543721  -379.670057    0.000000  9.232430e-02  0.000000e+00
  0.494159  -543.683690  -379.636155    0.000000  8.920354e-02  0.000000e+00
  0.494319  -543.823517  -379.600379    0.000000  8.604900e-02  0.000000e+00
  0.494479  -543.963184  -379.562787    0.000000  8.287058e-02  0.000000e+00
  0.494639  -544.102673  -379.523442    0.000000  7.967699e-02  0.000000e+00
  0.494799  -544.241966  -379.482409    0.000000  7.647578e-02  0.000000e+00
  0.494959  -544.381045  -379.439753    0.000000  7.327346e-02  0.000000e+00
  0.495119  -544.519894  -379.395542    0.000000  7.007546e-02  0.000000e+00
  0.495279  -544.658497  -379.349844    0.000000  6.688632e-02  0.000000e+00
  0.495439  -544.796839  -379.302729    0.000000  6.370967e-02  0.000000e+00
  0.495599  -544.934905  -379.254267    0.000000  6.054836e-02  0.000000e+00
  0.495759  -545.072682  -379.204531    0.000000  5.740452e-02  0.000000e+00
  0.495919  -545.210157  -379.153593    0.000000  5.427967e-02  0.000000e+00
  0.496079  -545.347319  -379.101525    0.000000  5.117477e-02  0.000000e+00
  0.496239  -545.484158  -379.048401    0.000000  4.809032e-02  0.000000e+00
  0.496399  -545.620664  -378.994294    0.000000  4.502644e-02  0.000000e+00
  0.496559  -545.756830  -378.939277    0.000000  4.198296e-02  0.000000e+00
  0.496719  -545.892649  -378.883424    0.000000  3.895948e-02  0.000000e+00
  0.496880  -546.028116  -378.826807    0.000000  3.595549e-02  0.000000e+00
  0.497040  -546.163228  -378.769499    0.000000  3.297038e-02  0.000000e+00
  0.497200  -546.297983  -378.711571    0.000000  3.000361e-02  0.000000e+00
  0.497360  -546.432380  -378.653096    0.000000  2.705472e-02  0.000000e+00
  0.497520  -546.566422  -378.594142    0.000000  2.412344e-02  0.000000e+00
  0.497680  -546.700111  -378.534779    0.000000  2.120970e-02  0.000000e+00
  0.497840  -546.833453  -378.475074    0.000000  1.831192e-02  0.000000e+00
  0.498000  -546.966455  -378.415094    0.000000  1.542712e-02  0.000000e+00
  0.498160  -547.099126  -378.354904    0.000000  1.255275e-02  0.000000e+00
  0.498320  -547.231477  -378.294568    0.000000  9.686797e-03  0.000000e+00
  0.498480  -547.363519  -378.234147    0.000000  6.827735e-03  0.000000e+00
  0.498640  -547.495267  -378.173703    0.000000  3.974546e-03  0.000000e+00
  0.498800  -547.626736  -378.113296    0.000000  1.126693e-03  0.000000e+00
  0.498960  -547.757941  -378.052984    0.000000  1.715889e-03  0.000000e+00
  0.499120  -547.888902  -377.992823    0.000000  4.552806e-03  0.000000e+00
  0.499280  -548.019635  -377.932870    0.000000  7.383211e-03  0.000000e+00
  0.499440  -548.150161  -377.873180    0.000000  1.020582e-02  0.000000e+00
  0.499600  -548.280501  -377.813806    0.000000  1.301893e-02  0.000000e+00
  0.499760  -548.410676  -377.754799    0.000000  1.582043e-02  0.000000e+00
  0.499920  -548.540707  -377.696211    0.000000  1.860780e-02  0.000000e+00
  0.500080  -548.670618  -377.638091    0.000000  2.137817e-02  0.000000e+00
  0.500240  -548.800431  -377.580487    0.000000  2.412831e-02  0.000000e+00
  0.500400  -548.930170  -377.523447    0.000000  2.685467e-02  0.000000e+00
  0.500560  -549.059859  -377.467017    0.000000  2.955340e-02  0.000000e+00
  0.500720  -549.189521  -377.411240    0.000000  3.222040e-02  0.000000e+00
  0.500880  -549.319181  -377.356162    0.000000  3.485133e-02  0.000000e+00
  0.501040  -549.448862  -377.301823    0.000000  3.744169e-02  0.000000e+00
  0.501200  -549.578588  -377.248266    0.000000  3.998681e-02  0.000000e+00
  0.501360  -549.708383  -377.195530    0.000000  4.248194e-02  0.000000e+00
  0.501520  -549.838270  -377.143655    0.000000  4.492230e-02  0.000000e+00
  0.501680  -549.968272  -377.092677    0.000000  4.730308e-02  0.000000e+00
  0.501840  -550.098411  -377.042634    0.000000  4.961959e-02  0.000000e+00
  0.502000  -550.228708  -376.993561    0.000000  5.186720e-02  0.000000e+00
  0.502160  -550.359186  -376.945493    0.000000  5.404151e-02  0.000000e+00
  0.502320  -550.489863  -376.898463    0.000000  5.613834e-02  0.000000e+00
  0.502480  -550.620759  -376.852502    0.000000  5.815378e-02  0.000000e+00
  0.502640  -550.751892  -376.807642    0.000000  6.008451e-02  0.000000e+00
  0.502800  -550.883279  -376.763914    0.000000  6.192879e-02  0.000000e+00
  0.502960  -551.014936  -376.721346    0.000000  6.368565e-02  0.000000e+00
  0.503120  -551.146878  -376.679966    0.000000  6.535424e-02  0.000000e+00
  0.503281  -551.279117  -376.639800    0.000000  6.693389e-02  0.000000e+00
  0.503441  -551.411668  -376.600876    0.000000  6.842412e-02  0.000000e+00
  0.503601  -551.544541  -376.563217    0.000000  6.982462e-02  0.000000e+00
  0.503761  -551.677746  -376.526847    0.000000  7.113525e-02  0.000000e+00
  0.503921  -551.811293  -376.491790    0.000000  7.235610e-02  0.000000e+00
  0.504081  -551.945191  -376.458067    0.000000  7.348742e-02  0.000000e+00
  0.504241  -552.079447  -376.425698    0.000000  7.452968e-02  0.000000e+00
  0.504401  -552.214067  -376.394705    0.000000  7.548354e-02  0.000000e+00
  0.504561  -552.349057  -376.365105    0.000000  7.634986e-02  0.000000e+00
  0.504721  -552.484422  -376.336917    0.000000  7.712970e-02  0.000000e+00
  0.504881  -552.620164  -376.310158    0.000000  7.782430e-02  0.000000e+00
  0.505041  -552.756288  -376.284843    0.000000  7.843509e-02  0.000000e+00
  0.505201  -552.892794  -376.260989    0.000000  7.896369e-02  0.000000e+00
  0.505361  -553.029685  -376.238608    0.000000  7.941188e-02  0.000000e+00
  0.505521  -553.166959  -376.217716    0.000000  7.978161e-02  0.000000e+00
  0.505681  -553.304618  -376.198323    0.000000  8.007497e-02  0.000000e+00
  0.505841  -553.442658  -376.180443    0.000000  8.029419e-02  0.000000e+00
  0.506001  -553.581079  -376.164085    0.000000  8.044165e-02  0.000000e+00
  0.506161  -553.719877  -376.149259    0.000000  8.051982e-02  0.000000e+00
  0.506321  -553.859049  -376.135975    0.000000  8.053127e-02  0.000000e+00
  0.506481  -553.998591  -376.124240    0.000000  8.047867e-02  0.000000e+00
  0.506641  -554.138497  -376.114062    0.000000  8.036476e-02  0.000000e+00
  0.506801  -554.278762  -376.105448    0.000000  8.019233e-02  0.000000e+00
  0.506961  -554.419379  -376.098404    0.000000  7.996421e-02  0.000000e+00
  0.507121  -554.560342  -376.092934    0.000000  7.968328e-02  0.000000e+00
  0.507281  -554.701643  -376.089042    0.000000  7.935240e-02  0.000000e+00
  0.507441  -554.843274  -376.086732    0.000000  7.897448e-02  0.000000e+00
  0.507601  -554.985226  -376.086007    0.000000  7.855237e-02  0.000000e+00
  0.507761  -555.127490  -376.086868    0.000000  7.808892e-02  0.000000e+00
  0.507921  -555.270056  -376.089317    0.000000  7.758696e-02  0.000000e+00
  0.508081  -555.412914  -376.093354    0.000000  7.704926e-02  0.000000e+00
  0.508241  -555.556053  -376.098978    0.000000  7.647853e-02  0.000000e+00
  0.508401  -555.699461  -376.106190    0.000000  7.587742e-02  0.000000e+00
  0.508561  -555.843128  -376.114986    0.000000  7.524852e-02  0.000000e+00
  0.508721  -555.987040  -376.125365    0.000000  7.459434e-02  0.000000e+00
  0.508881  -556.131185  -376.137323    0.000000  7.391729e-02  0.000000e+00
  0.509041  -556.275551  -376.150857    0.000000  7.321972e-02  0.000000e+00
  0.509201  -556.420123  -376.165962    0.000000  7.250385e-02  0.000000e+00
  0.509361  -556.564888  -376.182633    0.000000  7.177183e-02  0.000000e+00
  0.509522  -556.709833  -376.200865    0.000000  7.102570e-02  0.000000e+00
  0.509682  -556.854941  -376.220651    0.000000  7.026741e-02  0.000000e+00
  0.509842  -557.000200  -376.241984    0.000000  6.949878e-02  0.000000e+00
  0.510002  -557.145594  -376.264857    0.000000  6.872156e-02  0.000000e+00
  0.510162  -557.291107  -376.289261    0.000000  6.793736e-02  0.000000e+00
  0.510322  -557.436725  -376.315188    0.000000  6.714773e-02  0.000000e+00
  0.510482  -557.582432  -376.342627    0.000000  6.635407e-02  0.000000e+00
  0.510642  -557.728211  -376.371571    0.000000  6.555771e-02  0.000000e+00
  0.510802  -557.874046  -376.402007    0.000000  6.475988e-02  0.000000e+00
  0.510962  -558.019922  -376.433925    0.000000  6.396169e-02  0.000000e+00
  0.511122  -558.165822  -376.467313    0.000000  6.316417e-02  0.000000e+00
  0.511282  -558.311730  -376.502159    0.000000  6.236827e-02  0.000000e+00
  0.511442  -558.457629  -376.538451    0.000000  6.157482e-02  0.000000e+00
  0.511602  -558.603501  -376.576176    0.000000  6.078459e-02  0.000000e+00
  0.511762  -558.749332  -376.615319    0.000000  5.999824e-02  0.000000e+00
  0.511922  -558.895103  -376.655867    0.000000  5.921638e-02  0.000000e+00
  0.512082  -559.040798  -376.697806    0.000000  5.843951e-02  0.000000e+00
  0.512242  -559.186400  -376.741119    0.000000  5.766807e-02  0.000000e+00
  0.512402  -559.331892  -376.785792    0.000000  5.690243e-02  0.000000e+00
  0.512562  -559.477258  -376.831809    0.000000  5.614289e-02  0.000000e+00
  0.512722  -559.622480  -376.879154    0.000000  5.538967e-02  0.000000e+00
  0.512882  -559.767543  -376.927809    0.000000  5.464295e-02  0.000000e+00
  0.513042  -559.912429  -376.977757    0.000000  5.390282e-02  0.000000e+00
  0.513202  -560.057123  -377.028981    0.000000  5.316934e-02  0.000000e+00
  0.513362  -560.201607  -377.081463    0.000000  5.244249e-02  0.000000e+00
  0.513522  -560.345866  -377.135184    0.000000  5.172221e-02  0.000000e+00
  0.513682  -560.489884  -377.190126    0.000000  5.100840e-02  0.000000e+00
  0.513842  -560.633644  -377.246269    0.000000  5.030088e-02  0.000000e+00
  0.514002  -560.777132  -377.303595    0.000000  4.959946e-02  0.000000e+00
  0.514162  -560.920332  -377.362082    0.000000  4.890387e-02  0.000000e+00
  0.514322  -561.063229  -377.421712    0.000000  4.821382e-02  0.000000e+00
  0.514482  -561.205807  -377.482463    0.000000  4.752896e-02  0.000000e+00
  0.514642  -561.348053  -377.544315    0.000000  4.684893e-02  0.000000e+00
  0.514802  -561.489953  -377.607246    0.000000  4.617331e-02  0.000000e+00
  0.514962  -561.631491  -377.671236    0.000000  4.550163e-02  0.000000e+00
  0.515122  -561.772656  -377.736263    0.000000  4.483340e-02  0.000000e+00
  0.515282  -561.913433  -377.802304    0.000000  4.416811e-02  0.000000e+00
  0.515442  -562.053809  -377.869338    0.000000  4.350518e-02  0.000000e+00
  0.515602  -562.193773  -377.937342    0.000000  4.284402e-02  0.000000e+00
  0.515763  -562.333312  -378.006294    0.000000  4.218401e-02  0.000000e+00
  0.515923  -562.472415  -378.076170    0.000000  4.152448e-02  0.000000e+00
  0.516083  -562.611071  -378.146948    0.000000  4.086474e-02  0.000000e+00
  0.516243  -562.749268  -378.218603    0.000000  4.020406e-02  0.000000e+00
  0.516403  -562.886998  -378.291114    0.000000  3.954168e-02  0.000000e+00
  0.516563  -563.024250  -378.364455    0.000000  3.887683e-02  0.000000e+00
  0.516723  -563.161016  -378.438603    0.000000  3.820869e-02  0.000000e+00
  0.516883  -563.297287  -378.513534    0.000000  3.753640e-02  0.000000e+00
  0.517043  -563.433054  -378.589224    0.000000  3.685909e-02  0.000000e+00
  0.517203  -563.568312  -378.665648    0.000000  3.617585e-02  0.000000e+00
  0.517363  -563.703052  -378.742782    0.000000  3.548575e-02  0.000000e+00
  0.517523  -563.837270  -378.820601    0.000000  3.478782e-02  0.000000e+00
  0.517683  -563.970960  -378.899081    0.000000  3.408107e-02  0.000000e+00
  0.517843  -564.104116  -378.978196    0.000000  3.336447e-02  0.000000e+00
  0.518003  -564.236736  -379.057922    0.000000  3.263696e-02  0.000000e+00
  0.518163  -564.368816  -379.138234    0.000000  3.189749e-02  0.000000e+00
  0.518323  -564.500353  -379.219106    0.000000  3.114493e-02  0.000000e+00
  0.518483  -564.631346  -379.300514    0.000000  3.037816e-02  0.000000e+00
  0.518643  -564.761793  -379.382431    0.000000  2.959601e-02  0.000000e+00
  0.518803  -564.891695  -379.464834    0.000000  2.879732e-02  0.000000e+00
  0.518963  -565.021051  -379.547697    0.000000  2.798088e-02  0.000000e+00
  0.519123  -565.149865  -379.630993    0.000000  2.714547e-02  0.000000e+00
  0.519283  -565.278137  -379.714699    0.000000  2.628984e-02  0.000000e+00
  0.519443  -565.405871  -379.798789    0.000000  2.541275e-02  0.000000e+00
  0.519603  -565.533071  -379.883236    0.000000  2.451291e-02  0.000000e+00
  0.519763  -565.659743  -379.968017    0.000000  2.358918e-02  0.000000e+00
  0.519923  -565.785891  -380.053106    0.000000  2.264100e-02  0.000000e+00
  0.520083  -565.911524  -380.138477    0.000000  2.166801e-02  0.000000e+00
  0.520243  -566.036648  -380.224105    0.000000  2.066987e-02  0.000000e+00
  0.520403  -566.161272  -380.309965    0.000000  1.964633e-02  0.000000e+00
  0.520563  -566.285407  -380.396033    0.000000  1.859717e-02  0.000000e+00
  0.520723  -566.409060  -380.482282    0.000000  1.752220e-02  0.000000e+00
  0.520883  -566.532245  -380.568688    0.000000  1.642131e-02  0.000000e+00
  0.521043  -566.654972  -380.655226    0.000000  1.529443e-02  0.000000e+00
  0.521203  -566.777254  -380.741871    0.000000  1.414153e-02  0.000000e+00
  0.521363  -566.899104  -380.828598    0.000000  1.296265e-02  0.000000e+00
  0.521523  -567.020536  -380.915382    0.000000  1.175786e-02  0.000000e+00
  0.521683  -567.141565  -381.002198    0.000000  1.052730e-02  0.000000e+00
  0.521843  -567.262204  -381.089022    0.000000  9.271167e-03  0.000000e+00
  0.522004  -567.382471  -381.175830    0.000000  7.989697e-03  0.000000e+00
  0.522164  -567.502380  -381.262595    0.000000  6.683194e-03  0.000000e+00
  0.522324  -567.621950  -381.349294    0.000000  5.352016e-03  0.000000e+00
  0.522484  -567.741196  -381.435903    0.000000  3.996580e-03  0.000000e+00
  0.522644  -567.860137  -381.522397    0.000000  2.617362e-03  0.000000e+00
  0.522804  -567.978790  -381.608752    0.000000  1.214900e-03  0.000000e+00
  0.522964  -568.097175  -381.694943    0.000000  2.102085e-04  0.000000e+00
  0.523124  -568.215310  -381.780947    0.000000  1.657300e-03  0.000000e+00
  0.523284  -568.333214  -381.866739    0.000000  3.125648e-03  0.000000e+00
  0.523444  -568.450907  -381.952296    0.000000  4.614459e-03  0.000000e+00
  0.523604  -568.568409  -382.037593    0.000000  6.122874e-03  0.000000e+00
  0.523764  -568.685741  -382.122608    0.000000  7.649967e-03  0.000000e+00
  0.523924  -568.802921  -382.207315    0.000000  9.194741e-03  0.000000e+00
  0.524084  -568.919972  -382.291693    0.000000  1.075613e-02  0.000000e+00
  0.524244  -569.036915  -382.375716    0.000000  1.233300e-02  0.000000e+00
  0.524404  -569.153769  -382.459363    0.000000  1.392414e-02  0.000000e+00
  0.524564  -569.270556  -382.542609    0.000000  1.552827e-02  0.000000e+00
  0.524724  -569.387298  -382.625431    0.000000  1.714405e-02  0.000000e+00
  0.524884  -569.504016  -382.707808    0.000000  1.877006e-02  0.000000e+00
  0.525044  -569.620732  -382.789715    0.000000  2.040480e-02  0.000000e+00
  0.525204  -569.737466  -382.871129    0.000000  2.204671e-02  0.000000e+00
  0.525364  -569.854241  -382.952029    0.000000  2.369418e-02  0.000000e+00
  0.525524  -569.971078  -383.032392    0.000000  2.534550e-02  0.000000e+00
  0.525684  -570.087998  -383.112195    0.000000  2.699891e-02  0.000000e+00
  0.525844  -570.205023  -383.191416    0.000000  2.865261e-02  0.000000e+00
  0.526004  -570.322174  -383.270034    0.000000  3.030471e-02  0.000000e+00
  0.526164  -570.439471  -383.348025    0.000000  3.195328e-02  0.000000e+00
  0.526324  -570.556937  -383.425368    0.000000  3.359634e-02  0.000000e+00
  0.526484  -570.674592  -383.502042    0.000000  3.523187e-02  0.000000e+00
  0.526644  -570.792455  -383.578024    0.000000  3.685781e-02  0.000000e+00
  0.526804  -570.910549  -383.653295    0.000000  3.847206e-02  0.000000e+00
  0.526964  -571.028892  -383.727831    0.000000  4.007250e-02  0.000000e+00
  0.527124  -571.147505  -383.801612    0.000000  4.165700e-02  0.000000e+00
  0.527284  -571.266407  -383.874618    0.000000  4.322340e-02  0.000000e+00
  0.527444  -571.385616  -383.946827    0.000000  4.476956e-02  0.000000e+00
  0.527604  -571.505153  -384.018219    0.000000  4.629334e-02  0.000000e+00
  0.527764  -571.625035  -384.088773    0.000000  4.779262e-02  0.000000e+00
  0.527924  -571.745279  -384.158469    0.000000  4.926529e-02  0.000000e+00
  0.528084  -571.865905  -384.227288    0.000000  5.070932e-02  0.000000e+00
  0.528245  -571.986927  -384.295208    0.000000  5.212270e-02  0.000000e+00
  0.528405  -572.108363  -384.362210    0.000000  5.350348e-02  0.000000e+00
  0.528565  -572.230230  -384.428275    0.000000  5.484980e-02  0.000000e+00
  0.528725  -572.352541  -384.493384    0.000000  5.615986e-02  0.000000e+00
  0.528885  -572.475312  -384.557516    0.000000  5.743199e-02  0.000000e+00
  0.529045  -572.598557  -384.620653    0.000000  5.866458e-02  0.000000e+00
  0.529205  -572.722289  -384.682777    0.000000  5.985618e-02  0.000000e+00
  0.529365  -572.846522  -384.743868    0.000000  6.100545e-02  0.000000e+00
  0.529525  -572.971267  -384.803908    0.000000  6.211118e-02  0.000000e+00
  0.529685  -573.096536  -384.862879    0.000000  6.317231e-02  0.000000e+00
  0.529845  -573.222339  -384.920763    0.000000  6.418794e-02  0.000000e+00
  0.530005  -573.348686  -384.977541    0.000000  6.515734e-02  0.000000e+00
  0.530165  -573.475586  -385.033197    0.000000  6.607994e-02  0.000000e+00
  0.530325  -573.603048  -385.087713    0.000000  6.695534e-02  0.000000e+00
  0.530485  -573.731078  -385.141072    0.000000  6.778332e-02  0.000000e+00
  0.530645  -573.859684  -385.193256    0.000000  6.856387e-02  0.000000e+00
  0.530805  -573.988870  -385.244249    0.000000  6.929713e-02  0.000000e+00
  0.530965  -574.118641  -385.294034    0.000000  6.998346e-02  0.000000e+00
  0.531125  -574.249000  -385.342595    0.000000  7.062340e-02  0.000000e+00
  0.531285  -574.379951  -385.389917    0.000000  7.121766e-02  0.000000e+00
  0.531445  -574.511495  -385.435982    0.000000  7.176717e-02  0.000000e+00
  0.531605  -574.643632  -385.480775    0.000000  7.227302e-02  0.000000e+00
  0.531765  -574.776362  -385.524282    0.000000  7.273649e-02  0.000000e+00
  0.531925  -574.909683  -385.566486    0.000000  7.315903e-02  0.000000e+00
  0.532085  -575.043591  -385.607374    0.000000  7.354227e-02  0.000000e+00
  0.532245  -575.178084  -385.646929    0.000000  7.388801e-02  0.000000e+00
  0.532405  -575.313156  -385.685138    0.000000  7.419852e-02  0.000000e+00
  0.532565  -575.448800  -385.721987    0.000000  7.447658e-02  0.000000e+00
  0.532725  -575.585009  -385.757461    0.000000  7.472500e-02  0.000000e+00
  0.532885  -575.721774  -385.791547    0.000000  7.494651e-02  0.000000e+00
  0.533045  -575.859086  -385.824232    0.000000  7.514380e-02  0.000000e+00
  0.533205  -575.996932  -385.855502    0.000000  7.531949e-02  0.000000e+00
  0.533365  -576.135303  -385.885345    0.000000  7.547613e-02  0.000000e+00
  0.533525  -576.274184  -385.913747    0.000000  7.561620e-02  0.000000e+00
  0.533685  -576.413561  -385.940696    0.000000  7.574209e-02  0.000000e+00
  0.533845  -576.553420  -385.966181    0.000000  7.585612e-02  0.000000e+00
  0.534005  -576.693744  -385.990189    0.000000  7.596051e-02  0.000000e+00
  0.534165  -576.834518  -386.012708    0.000000  7.605740e-02  0.000000e+00
  0.534325  -576.975722  -386.033728    0.000000  7.614884e-02  0.000000e+00
  0.534486  -577.117340  -386.053237    0.000000  7.623679e-02  0.000000e+00
  0.534646  -577.259351  -386.071225    0.000000  7.632310e-02  0.000000e+00
  0.534806  -577.401735  -386.087680    0.000000  7.640956e-02  0.000000e+00
  0.534966  -577.544472  -386.102593    0.000000  7.649783e-02  0.000000e+00
  0.535126  -577.687540  -386.115954    0.000000  7.658952e-02  0.000000e+00
  0.535286  -577.830917  -386.127752    0.000000  7.668611e-02  0.000000e+00
  0.535446  -577.974580  -386.137978    0.000000  7.678901e-02  0.000000e+00
  0.535606  -578.118506  -386.146624    0.000000  7.689954e-02  0.000000e+00
  0.535766  -578.262669  -386.153680    0.000000  7.701892e-02  0.000000e+00
  0.535926  -578.407047  -386.159137    0.000000  7.714830e-02  0.000000e+00
  0.536086  -578.551612  -386.162988    0.000000  7.728873e-02  0.000000e+00
  0.536246  -578.696341  -386.165224    0.000000  7.744116e-02  0.000000e+00
  0.536406  -578.841206  -386.165838    0.000000  7.760650e-02  0.000000e+00
  0.536566  -578.986180  -386.164821    0.000000  7.778553e-02  0.000000e+00
  0.536726  -579.131238  -386.162167    0.000000  7.797896e-02  0.000000e+00
  0.536886  -579.276350  -386.157868    0.000000  7.818744e-02  0.000000e+00
  0.537046  -579.421490  -386.151919    0.000000  7.841150e-02  0.000000e+00
  0.537206  -579.566630  -386.144313    0.000000  7.865162e-02  0.000000e+00
  0.537366  -579.711740  -386.135043    0.000000  7.890819e-02  0.000000e+00
  0.537526  -579.856792  -386.124104    0.000000  7.918149e-02  0.000000e+00
  0.537686  -580.001757  -386.111491    0.000000  7.947176e-02  0.000000e+00
  0.537846  -580.146607  -386.097198    0.000000  7.977912e-02  0.000000e+00
  0.538006  -580.291310  -386.081220    0.000000  8.010363e-02  0.000000e+00
  0.538166  -580.435839  -386.063554    0.000000  8.044526e-02  0.000000e+00
  0.538326  -580.580164  -386.044194    0.000000  8.080388e-02  0.000000e+00
  0.538486  -580.724254  -386.023136    0.000000  8.117928e-02  0.000000e+00
  0.538646  -580.868080  -386.000378    0.000000  8.157117e-02  0.000000e+00
  0.538806  -581.011613  -385.975915    0.000000  8.197914e-02  0.000000e+00
  0.538966  -581.154821  -385.949744    0.000000  8.240272e-02  0.000000e+00
  0.539126  -581.297677  -385.921864    0.000000  8.284131e-02  0.000000e+00
  0.539286  -581.440150  -385.892270    0.000000  8.329425e-02  0.000000e+00
  0.539446  -581.582209  -385.860962    0.000000  8.376073e-02  0.000000e+00
  0.539606  -581.723827  -385.827937    0.000000  8.423988e-02  0.000000e+00
  0.539766  -581.864974  -385.793195    0.000000  8.473069e-02  0.000000e+00
  0.539926  -582.005620  -385.756732    0.000000  8.523207e-02  0.000000e+00
  0.540086  -582.145736  -385.718550    0.000000  8.574274e-02  0.000000e+00
  0.540246  -582.285295  -385.678647    0.000000  8.626138e-02  0.000000e+00
  0.540406  -582.424266  -385.637023    0.000000  8.678663e-02  0.000000e+00
  0.540566  -582.562623  -385.593678    0.000000  8.731707e-02  0.000000e+00
  0.540727  -582.700337  -385.548613    0.000000  8.785127e-02  0.000000e+00
  0.540887  -582.837381  -385.501828    0.000000  8.838773e-02  0.000000e+00
  0.541047  -582.973726  -385.453325    0.000000  8.892493e-02  0.000000e+00
  0.541207  -583.109347  -385.403106    0.000000  8.946131e-02  0.000000e+00
  0.541367  -583.244216  -385.351171    0.000000  8.999529e-02  0.000000e+00
  0.541527  -583.378306  -385.297524    0.000000  9.052523e-02  0.000000e+00
  0.541687  -583.511592  -385.242168    0.000000  9.104949e-02  0.000000e+00
  0.541847  -583.644048  -385.185105    0.000000  9.156638e-02  0.000000e+00
  0.542007  -583.775648  -385.126339    0.000000  9.207422e-02  0.000000e+00
  0.542167  -583.906366  -385.065874    0.000000  9.257128e-02  0.000000e+00
  0.542327  -584.036179  -385.003714    0.000000  9.305583e-02  0.000000e+00
  0.542487  -584.165062  -384.939865    0.000000  9.352613e-02  0.000000e+00
  0.542647  -584.292990  -384.874332    0.000000  9.398045e-02  0.000000e+00
  0.542807  -584.419941  -384.807120    0.000000  9.441705e-02  0.000000e+00
  0.542967  -584.545890  -384.738236    0.000000  9.483420e-02  0.000000e+00
  0.543127  -584.670816  -384.667686    0.000000  9.523019e-02  0.000000e+00
  0.543287  -584.794695  -384.595478    0.000000  9.560331e-02  0.000000e+00
  0.543447  -584.917506  -384.521620    0.000000  9.595192e-02  0.000000e+00
  0.543607  -585.039227  -384.446119    0.000000  9.627439e-02  0.000000e+00
  0.543767  -585.159838  -384.368985    0.000000  9.656912e-02  0.000000e+00
  0.543927  -585.279317  -384.290226    0.000000  9.683458e-02  0.000000e+00
  0.544087  -585.397645  -384.209853    0.000000  9.706930e-02  0.000000e+00
  0.544247  -585.514802  -384.127876    0.000000  9.727185e-02  0.000000e+00
  0.544407  -585.630770  -384.044305    0.000000  9.744090e-02  0.000000e+00
  0.544567  -585.745528  -383.959152    0.000000  9.757517e-02  0.000000e+00
  0.544727  -585.859060  -383.872430    0.000000  9.767347e-02  0.000000e+00
  0.544887  -585.971348  -383.784150    0.000000  9.773472e-02  0.000000e+00
  0.545047  -586.082375  -383.694325    0.000000  9.775791e-02  0.000000e+00
  0.545207  -586.192125  -383.602970    0.000000  9.774213e-02  0.000000e+00
  0.545367  -586.300582  -383.510099    0.000000  9.768659e-02  0.000000e+00
  0.545527  -586.407730  -383.415726    0.000000  9.759061e-02  0.000000e+00
  0.545687  -586.513554  -383.319868    0.000000  9.745359e-02  0.000000e+00
  0.545847  -586.618042  -383.222540    0.000000  9.727510e-02  0.000000e+00
  0.546007  -586.721179  -383.123759    0.000000  9.705553e-02  0.000000e+00
  0.546167  -586.822953  -383.023543    0.000000  9.679632e-02  0.000000e+00
  0.546327  -586.923350  -382.921909    0.000000  9.649903e-02  0.000000e+00
  0.546487  -587.022361  -382.818877    0.000000  9.616530e-02  0.000000e+00
  0.546647  -587.119973  -382.714464    0.000000  9.579679e-02  0.000000e+00
  0.546807  -587.216176  -382.608692    0.000000  9.539524e-02  0.000000e+00
  0.546968  -587.310960  -382.501580    0.000000  9.496241e-02  0.000000e+00
  0.547128  -587.404317  -382.393149    0.000000  9.450009e-02  0.000000e+00
  0.547288  -587.496236  -382.283420    0.000000  9.401009e-02  0.000000e+00
  0.547448  -587.586711  -382.172414    0.000000  9.349424e-02  0.000000e+00
  0.547608  -587.675732  -382.060154    0.000000  9.295435e-02  0.000000e+00
  0.547768  -587.763294  -381.946662    0.000000  9.239226e-02  0.000000e+00
  0.547928  -587.849389  -381.831961    0.000000  9.180976e-02  0.000000e+00
  0.548088  -587.934011  -381.716074    0.000000  9.120865e-02  0.000000e+00
  0.548248  -588.017155  -381.599024    0.000000  9.059069e-02  0.000000e+00
  0.548408  -588.098815  -381.480835    0.000000  8.995762e-02  0.000000e+00
  0.548568  -588.178987  -381.361531    0.000000  8.931113e-02  0.000000e+00
  0.548728  -588.257667  -381.241137    0.000000  8.865287e-02  0.000000e+00
  0.548888  -588.334852  -381.119677    0.000000  8.798446e-02  0.000000e+00
  0.549048  -588.410537  -380.997176    0.000000  8.730745e-02  0.000000e+00
  0.549208  -588.484720  -380.873658    0.000000  8.662334e-02  0.000000e+00
  0.549368  -588.557399  -380.749149    0.000000  8.593358e-02  0.000000e+00
  0.549528  -588.628572  -380.623674    0.000000  8.523956e-02  0.000000e+00
  0.549688  -588.698237  -380.497258    0.000000  8.454260e-02  0.000000e+00
  0.549848  -588.766394  -380.369928    0.000000  8.384396e-02  0.000000e+00
  0.550008  -588.833042  -380.241707    0.000000  8.314484e-02  0.000000e+00
  0.550168  -588.898180  -380.112623    0.000000  8.244636e-02  0.000000e+00
  0.550328  -588.961810  -379.982699    0.000000  8.174959e-02  0.000000e+00
  0.550488  -589.023931  -379.851963    0.000000  8.105553e-02  0.000000e+00
  0.550648  -589.084545  -379.720440    0.000000  8.036509e-02  0.000000e+00
  0.550808  -589.143652  -379.588155    0.000000  7.967913e-02  0.000000e+00
  0.550968  -589.201255  -379.455134    0.000000  7.899846e-02  0.000000e+00
  0.551128  -589.257356  -379.321402    0.000000  7.832379e-02  0.000000e+00
  0.551288  -589.311957  -379.186984    0.000000  7.765578e-02  0.000000e+00
  0.551448  -589.365061  -379.051906    0.000000  7.699503e-02  0.000000e+00
  0.551608  -589.416671  -378.916192    0.000000  7.634206e-02  0.000000e+00
  0.551768  -589.466790  -378.779867    0.000000  7.569735e-02  0.000000e+00
  0.551928  -589.515423  -378.642957    0.000000  7.506129e-02  0.000000e+00
  0.552088  -589.562573  -378.505485    0.000000  7.443422e-02  0.000000e+00
  0.552248  -589.608244  -378.367475    0.000000  7.381643e-02  0.000000e+00
  0.552408  -589.652442  -378.228951    0.000000  7.320814e-02  0.000000e+00
  0.552568  -589.695171  -378.089938    0.000000  7.260950e-02  0.000000e+00
  0.552728  -589.736437  -377.950457    0.000000  7.202064e-02  0.000000e+00
  0.552888  -589.776245  -377.810533    0.000000  7.144160e-02  0.000000e+00
  0.553048  -589.814600  -377.670187    0.000000  7.087238e-02  0.000000e+00
  0.553209  -589.851509  -377.529441    0.000000  7.031291e-02  0.000000e+00
  0.553369  -589.886978  -377.388319    0.000000  6.976309e-02  0.000000e+00
  0.553529  -589.921013  -377.246839    0.000000  6.922262e-02  0.000000e+00
  0.553689  -589.953622  -377.105025    0.000000  6.869099e-02  0.000000e+00
  0.553849  -589.984810  -376.962895    0.000000  6.816768e-02  0.000000e+00
  0.554009  -590.014586  -376.820470    0.000000  6.765222e-02  0.000000e+00
  0.554169  -590.042956  -376.677770    0.000000  6.714415e-02  0.000000e+00
  0.554329  -590.069928  -376.534813    0.000000  6.664304e-02  0.000000e+00
  0.554489  -590.095510  -376.391619    0.000000  6.614848e-02  0.000000e+00
  0.554649  -590.119710  -376.248205    0.000000  6.566009e-02  0.000000e+00
  0.554809  -590.142535  -376.104590    0.000000  6.517750e-02  0.000000e+00
  0.554969  -590.163995  -375.960790    0.000000  6.470037e-02  0.000000e+00
  0.555129  -590.184097  -375.816824    0.000000  6.422839e-02  0.000000e+00
  0.555289  -590.202850  -375.672707    0.000000  6.376125e-02  0.000000e+00
  0.555449  -590.220263  -375.528456    0.000000  6.329868e-02  0.000000e+00
  0.555609  -590.236345  -375.384087    0.000000  6.284041e-02  0.000000e+00
  0.555769  -590.251105  -375.239615    0.000000  6.238622e-02  0.000000e+00
  0.555929  -590.264551  -375.095055    0.000000  6.193587e-02  0.000000e+00
  0.556089  -590.276694  -374.950423    0.000000  6.148917e-02  0.000000e+00
  0.556249  -590.287542  -374.805732    0.000000  6.104594e-02  0.000000e+00
  0.556409  -590.297106  -374.660997    0.000000  6.060601e-02  0.000000e+00
  0.556569  -590.305394  -374.516230    0.000000  6.016923e-02  0.000000e+00
  0.556729  -590.312417  -374.371447    0.000000  5.973547e-02  0.000000e+00
  0.556889  -590.318184  -374.226659    0.000000  5.930462e-02  0.000000e+00
  0.557049  -590.322705  -374.081879    0.000000  5.887657e-02  0.000000e+00
  0.557209  -590.325990  -373.937119    0.000000  5.845125e-02  0.000000e+00
  0.557369  -590.328049  -373.792392    0.000000  5.802859e-02  0.000000e+00
  0.557529  -590.328893  -373.647709    0.000000  5.760853e-02  0.000000e+00
  0.557689  -590.328531  -373.503081    0.000000  5.719103e-02  0.000000e+00
  0.557849  -590.326974  -373.358519    0.000000  5.677607e-02  0.000000e+00
  0.558009  -590.324231  -373.214034    0.000000  5.636364e-02  0.000000e+00
  0.558169  -590.320314  -373.069637    0.000000  5.595374e-02  0.000000e+00
  0.558329  -590.315232  -372.925337    0.000000  5.554638e-02  0.000000e+00
  0.558489  -590.308996  -372.781145    0.000000  5.514160e-02  0.000000e+00
  0.558649  -590.301616  -372.637069    0.000000  5.473942e-02  0.000000e+00
  0.558809  -590.293102  -372.493119    0.000000  5.433991e-02  0.000000e+00
  0.558969  -590.283466  -372.349303    0.000000  5.394312e-02  0.000000e+00
  0.559129  -590.272716  -372.205631    0.000000  5.354914e-02  0.000000e+00
  0.559289  -590.260864  -372.062111    0.000000  5.315803e-02  0.000000e+00
  0.559450  -590.247919  -371.918751    0.000000  5.276990e-02  0.000000e+00
  0.559610  -590.233893  -371.775559    0.000000  5.238485e-02  0.000000e+00
  0.559770  -590.218795  -371.632542    0.000000  5.200300e-02  0.000000e+00
  0.559930  -590.202636  -371.489708    0.000000  5.162447e-02  0.000000e+00
  0.560090  -590.185425  -371.347064    0.000000  5.124939e-02  0.000000e+00
  0.560250  -590.167173  -371.204616    0.000000  5.087791e-02  0.000000e+00
  0.560410  -590.147890  -371.062372    0.000000  5.051017e-02  0.000000e+00
  0.560570  -590.127586  -370.920337    0.000000  5.014634e-02  0.000000e+00
  0.560730  -590.106271  -370.778518    0.000000  4.978657e-02  0.000000e+00
  0.560890  -590.083954  -370.636921    0.000000  4.943104e-02  0.000000e+00
  0.561050  -590.060645  -370.495551    0.000000  4.907994e-02  0.000000e+00
  0.561210  -590.036355  -370.354415    0.000000  4.873345e-02  0.000000e+00
  0.561370  -590.011092  -370.213516    0.000000  4.839176e-02  0.000000e+00
  0.561530  -589.984866  -370.072861    0.000000  4.805508e-02  0.000000e+00
  0.561690  -589.957686  -369.932455    0.000000  4.772361e-02  0.000000e+00
  0.561850  -589.929562  -369.792301    0.000000  4.739757e-02  0.000000e+00
  0.562010  -589.900502  -369.652406    0.000000  4.707717e-02  0.000000e+00
  0.562170  -589.870516  -369.512772    0.000000  4.676263e-02  0.000000e+00
  0.562330  -589.839612  -369.373404    0.000000  4.645420e-02  0.000000e+00
  0.562490  -589.807799  -369.234306    0.000000  4.615209e-02  0.000000e+00
  0.562650  -589.775085  -369.095483    0.000000  4.585655e-02  0.000000e+00
  0.562810  -589.741479  -368.956937    0.000000  4.556781e-02  0.000000e+00
  0.562970  -589.706989  -368.818672    0.000000  4.528613e-02  0.000000e+00
  0.563130  -589.671623  -368.680692    0.000000  4.501176e-02  0.000000e+00
  0.563290  -589.635388  -368.543000    0.000000  4.474494e-02  0.000000e+00
  0.563450  -589.598292  -368.405599    0.000000  4.448593e-02  0.000000e+00
  0.563610  -589.560343  -368.268492    0.000000  4.423499e-02  0.000000e+00
  0.563770  -589.521548  -368.131681    0.000000  4.399238e-02  0.000000e+00
  0.563930  -589.481914  -367.995170    0.000000  4.375836e-02  0.000000e+00
  0.564090  -589.441447  -367.858961    0.000000  4.353320e-02  0.000000e+00
  0.564250  -589.400154  -367.723057    0.000000  4.331716e-02  0.000000e+00
  0.564410  -589.358041  -367.587459    0.000000  4.311050e-02  0.000000e+00
  0.564570  -589.315115  -367.452170    0.000000  4.291318e-02  0.000000e+00
  0.564730  -589.271381  -367.317193    0.000000  4.272454e-02  0.000000e+00
  0.564890  -589.226845  -367.182529    0.000000  4.254391e-02  0.000000e+00
  0.565050  -589.181512  -367.048181    0.000000  4.237058e-02  0.000000e+00
  0.565210  -589.135388  -366.914150    0.000000  4.220387e-02  0.000000e+00
  0.565370  -589.088477  -366.780437    0.000000  4.204307e-02  0.000000e+00
  0.565530  -589.040784  -366.647045    0.000000  4.188747e-02  0.000000e+00
  0.565691  -588.992314  -366.513975    0.000000  4.173638e-02  0.000000e+00
  0.565851  -588.943071  -366.381229    0.000000  4.158910e-02  0.000000e+00
  0.566011  -588.893060  -366.248807    0.000000  4.144492e-02  0.000000e+00
  0.566171  -588.842285  -366.116711    0.000000  4.130313e-02  0.000000e+00
  0.566331  -588.790749  -365.984942    0.000000  4.116305e-02  0.000000e+00
  0.566491  -588.738457  -365.853501    0.000000  4.102397e-02  0.000000e+00
  0.566651  -588.685412  -365.722389    0.000000  4.088520e-02  0.000000e+00
  0.566811  -588.631619  -365.591606    0.000000  4.074604e-02  0.000000e+00
  0.566971  -588.577080  -365.461153    0.000000  4.060581e-02  0.000000e+00
  0.567131  -588.521800  -365.331030    0.000000  4.046382e-02  0.000000e+00
  0.567291  -588.465782  -365.201238    0.000000  4.031941e-02  0.000000e+00
  0.567451  -588.409029  -365.071777    0.000000  4.017189e-02  0.000000e+00
  0.567611  -588.351544  -364.942647    0.000000  4.002061e-02  0.000000e+00
  0.567771  -588.293332  -364.813847    0.000000  3.986490e-02  0.000000e+00
  0.567931  -588.234395  -364.685378    0.000000  3.970413e-02  0.000000e+00
  0.568091  -588.174737  -364.557240    0.000000  3.953765e-02  0.000000e+00
  0.568251  -588.114361  -364.429431    0.000000  3.936484e-02  0.000000e+00
  0.568411  -588.053271  -364.301951    0.000000  3.918508e-02  0.000000e+00
  0.568571  -587.991470  -364.174799    0.000000  3.899776e-02  0.000000e+00
  0.568731  -587.928960  -364.047975    0.000000  3.880229e-02  0.000000e+00
  0.568891  -587.865747  -363.921477    0.000000  3.859809e-02  0.000000e+00
  0.569051  -587.801833  -363.795305    0.000000  3.838459e-02  0.000000e+00
  0.569211  -587.737223  -363.669456    0.000000  3.816123e-02  0.000000e+00
  0.569371  -587.671918  -363.543929    0.000000  3.792749e-02  0.000000e+00
  0.569531  -587.605925  -363.418723    0.000000  3.768282e-02  0.000000e+00
  0.569691  -587.539245  -363.293835    0.000000  3.742673e-02  0.000000e+00
  0.569851  -587.471885  -363.169265    0.000000  3.715872e-02  0.000000e+00
  0.570011  -587.403846  -363.045009    0.000000  3.687832e-02  0.000000e+00
  0.570171  -587.335135  -362.921065    0.000000  3.658505e-02  0.000000e+00
  0.570331  -587.265755  -362.797432    0.000000  3.627848e-02  0.000000e+00
  0.570491  -587.195710  -362.674105    0.000000  3.595818e-02  0.000000e+00
  0.570651  -587.125006  -362.551083    0.000000  3.562374e-02  0.000000e+00
  0.570811  -587.053648  -362.428363    0.000000  3.527477e-02  0.000000e+00
  0.570971  -586.981640  -362.305941    0.000000  3.491089e-02  0.000000e+00
  0.571131  -586.908989  -362.183815    0.000000  3.453173e-02  0.000000e+00
  0.571291  -586.835699  -362.061980    0.000000  3.413696e-02  0.000000e+00
  0.571451  -586.761776  -361.940434    0.000000  3.372624e-02  0.000000e+00
  0.571611  -586.687227  -361.819172    0.000000  3.329927e-02  0.000000e+00
  0.571771  -586.612058  -361.698190    0.000000  3.285574e-02  0.000000e+00
  0.571932  -586.536274  -361.577484    0.000000  3.239538e-02  0.000000e+00
  0.572092  -586.459884  -361.457051    0.000000  3.191791e-02  0.000000e+00
  0.572252  -586.382894  -361.336885    0.000000  3.142309e-02  0.000000e+00
  0.572412  -586.305311  -361.216982    0.000000  3.091067e-02  0.000000e+00
  0.572572  -586.227144  -361.097336    0.000000  3.038041e-02  0.000000e+00
  0.572732  -586.148400  -360.977944    0.000000  2.983210e-02  0.000000e+00
  0.572892  -586.069087  -360.858799    0.000000  2.926552e-02  0.000000e+00
  0.573052  -585.989215  -360.739896    0.000000  2.868047e-02  0.000000e+00
  0.573212  -585.908791  -360.621230    0.000000  2.807676e-02  0.000000e+00
  0.573372  -585.827827  -360.502795    0.000000  2.745420e-02  0.000000e+00
  0.573532  -585.746331  -360.384585    0.000000  2.681259e-02  0.000000e+00
  0.573692  -585.664313  -360.266593    0.000000  2.615176e-02  0.000000e+00
  0.573852  -585.581785  -360.148813    0.000000  2.547152e-02  0.000000e+00
  0.574012  -585.498756  -360.031239    0.000000  2.477169e-02  0.000000e+00
  0.574172  -585.415239  -359.913864    0.000000  2.405208e-02  0.000000e+00
  0.574332  -585.331245  -359.796681    0.000000  2.331252e-02  0.000000e+00
  0.574492  -585.246787  -359.679682    0.000000  2.255280e-02  0.000000e+00
  0.574652  -585.161877  -359.562861    0.000000  2.177272e-02  0.000000e+00
  0.574812  -585.076528  -359.446209    0.000000  2.097208e-02  0.000000e+00
  0.574972  -584.990753  -359.329719    0.000000  2.015066e-02  0.000000e+00
  0.575132  -584.904568  -359.213383    0.000000  1.930822e-02  0.000000e+00
  0.575292  -584.817986  -359.097192    0.000000  1.844451e-02  0.000000e+00
  0.575452  -584.731023  -358.981139    0.000000  1.755927e-02  0.000000e+00
  0.575612  -584.643695  -358.865214    0.000000  1.665223e-02  0.000000e+00
  0.575772  -584.556016  -358.749408    0.000000  1.572307e-02  0.000000e+00
  0.575932  -584.468005  -358.633713    0.000000  1.477147e-02  0.000000e+00
  0.576092  -584.379678  -358.518120    0.000000  1.379709e-02  0.000000e+00
  0.576252  -584.291054  -358.402617    0.000000  1.279953e-02  0.000000e+00
  0.576412  -584.202149  -358.287197    0.000000  1.177841e-02  0.000000e+00
  0.576572  -584.112985  -358.171848    0.000000  1.073328e-02  0.000000e+00
  0.576732  -584.023579  -358.056561    0.000000  9.663685e-03  0.000000e+00
  0.576892  -583.933952  -357.941325    0.000000  8.569110e-03  0.000000e+00
  0.577052  -583.844126  -357.826130    0.000000  7.449023e-03  0.000000e+00
  0.577212  -583.754121  -357.710964    0.000000  6.302846e-03  0.000000e+00
  0.577372  -583.663959  -357.595817    0.000000  5.129964e-03  0.000000e+00
  0.577532  -583.573663  -357.480676    0.000000  3.929719e-03  0.000000e+00
  0.577692  -583.483257  -357.365531    0.000000  2.701410e-03  0.000000e+00
  0.577852  -583.392765  -357.250370    0.000000  1.444290e-03  0.000000e+00
  0.578012  -583.302210  -357.135180    0.000000  1.575682e-04  0.000000e+00
  0.578173  -583.211620  -357.019949    0.000000  1.159596e-03  0.000000e+00
  0.578333  -583.121019  -356.904665    0.000000  2.508092e-03  0.000000e+00
  0.578493  -583.030434  -356.789315    0.000000  3.888857e-03  0.000000e+00
  0.578653  -582.939894  -356.673885    0.000000  5.302880e-03  0.000000e+00
  0.578813  -582.849426  -356.558362    0.000000  6.751014e-03  0.000000e+00
  0.578973  -582.759060  -356.442734    0.000000  8.232645e-03  0.000000e+00
  0.579133  -582.668825  -356.326985    0.000000  9.746489e-03  0.000000e+00
  0.579293  -582.578752  -356.211102    0.000000  1.129130e-02  0.000000e+00
  0.579453  -582.488872  -356.095071    0.000000  1.286588e-02  0.000000e+00
  0.579613  -582.399217  -355.978878    0.000000  1.446906e-02  0.000000e+00
  0.579773  -582.309818  -355.862507    0.000000  1.609971e-02  0.000000e+00
  0.579933  -582.220710  -355.745945    0.000000  1.775672e-02  0.000000e+00
  0.580093  -582.131925  -355.629177    0.000000  1.943899e-02  0.000000e+00
  0.580253  -582.043498  -355.512188    0.000000  2.114545e-02  0.000000e+00
  0.580413  -581.955462  -355.394963    0.000000  2.287503e-02  0.000000e+00
  0.580573  -581.867853  -355.277489    0.000000  2.462664e-02  0.000000e+00
  0.580733  -581.780706  -355.159749    0.000000  2.639920e-02  0.000000e+00
  0.580893  -581.694056  -355.041730    0.000000  2.819160e-02  0.000000e+00
  0.581053  -581.607940  -354.923418    0.000000  3.000272e-02  0.000000e+00
  0.581213  -581.522393  -354.804797    0.000000  3.183139e-02  0.000000e+00
  0.581373  -581.437452  -354.685853    0.000000  3.367640e-02  0.000000e+00
  0.581533  -581.353155  -354.566574    0.000000  3.553650e-02  0.000000e+00
  0.581693  -581.269537  -354.446944    0.000000  3.741038e-02  0.000000e+00
  0.581853  -581.186636  -354.326950    0.000000  3.929667e-02  0.000000e+00
  0.582013  -581.104489  -354.206578    0.000000  4.119393e-02  0.000000e+00
  0.582173  -581.023134  -354.085816    0.000000  4.310061e-02  0.000000e+00
  0.582333  -580.942607  -353.964652    0.000000  4.501513e-02  0.000000e+00
  0.582493  -580.862947  -353.843071    0.000000  4.693578e-02  0.000000e+00
  0.582653  -580.784190  -353.721063    0.000000  4.886076e-02  0.000000e+00
  0.582813  -580.706374  -353.598615    0.000000  5.078818e-02  0.000000e+00
  0.582973  -580.629537  -353.475716    0.000000  5.271604e-02  0.000000e+00
  0.583133  -580.553715  -353.352356    0.000000  5.464222e-02  0.000000e+00
  0.583293  -580.478945  -353.228523    0.000000  5.656453e-02  0.000000e+00
  0.583453  -580.405265  -353.104209    0.000000  5.848062e-02  0.000000e+00
  0.583613  -580.332712  -352.979403    0.000000  6.038806e-02  0.000000e+00
  0.583773  -580.261320  -352.854097    0.000000  6.228432e-02  0.000000e+00
  0.583933  -580.191128  -352.728282    0.000000  6.416673e-02  0.000000e+00
  0.584093  -580.122171  -352.601952    0.000000  6.603257e-02  0.000000e+00
  0.584253  -580.054484  -352.475097    0.000000  6.787898e-02  0.000000e+00
  0.584414  -579.988102  -352.347714    0.000000  6.970305e-02  0.000000e+00
  0.584574  -579.923061  -352.219794    0.000000  7.150178e-02  0.000000e+00
  0.584734  -579.859394  -352.091335    0.000000  7.327211e-02  0.000000e+00
  0.584894  -579.797136  -351.962330    0.000000  7.501093e-02  0.000000e+00
  0.585054  -579.736320  -351.832777    0.000000  7.671511e-02  0.000000e+00
  0.585214  -579.676979  -351.702673    0.000000  7.838147e-02  0.000000e+00
  0.585374  -579.619145  -351.572016    0.000000  8.000688e-02  0.000000e+00
  0.585534  -579.562850  -351.440805    0.000000  8.158818e-02  0.000000e+00
  0.585694  -579.508124  -351.309040    0.000000  8.312229e-02  0.000000e+00
  0.585854  -579.455000  -351.176721    0.000000  8.460617e-02  0.000000e+00
  0.586014  -579.403505  -351.043850    0.000000  8.603689e-02  0.000000e+00
  0.586174  -579.353669  -350.910429    0.000000  8.741161e-02  0.000000e+00
  0.586334  -579.305521  -350.776462    0.000000  8.872764e-02  0.000000e+00
  0.586494  -579.259087  -350.641953    0.000000  8.998245e-02  0.000000e+00
  0.586654  -579.214395  -350.506908    0.000000  9.117368e-02  0.000000e+00
  0.586814  -579.171469  -350.371333    0.000000  9.229919e-02  0.000000e+00
  0.586974  -579.130336  -350.235236    0.000000  9.335706e-02  0.000000e+00
  0.587134  -579.091018  -350.098627    0.000000  9.434564e-02  0.000000e+00
  0.587294  -579.053539  -349.961513    0.000000  9.526352e-02  0.000000e+00
  0.587454  -579.017920  -349.823908    0.000000  9.610961e-02  0.000000e+00
  0.587614  -578.984183  -349.685822    0.000000  9.688310e-02  0.000000e+00
  0.587774  -578.952347  -349.547269    0.000000  9.758351e-02  0.000000e+00
  0.587934  -578.922431  -349.408265    0.000000  9.821070e-02  0.000000e+00
  0.588094  -578.894453  -349.268824    0.000000  9.876483e-02  0.000000e+00
  0.588254  -578.868429  -349.128964    0.000000  9.924644e-02  0.000000e+00
  0.588414  -578.844375  -348.988704    0.000000  9.965639e-02  0.000000e+00
  0.588574  -578.822303  -348.848064    0.000000  9.999590e-02  0.000000e+00
  0.588734  -578.802228  -348.707064    0.000000  1.002665e-01  0.000000e+00
  0.588894  -578.784161  -348.565727    0.000000  1.004702e-01  0.000000e+00
  0.589054  -578.768111  -348.424078    0.000000  1.006090e-01  0.000000e+00
  0.589214  -578.754088  -348.282142    0.000000  1.006862e-01  0.000000e+00
  0.589374  -578.742099  -348.139947    0.000000  1.007057e-01  0.000000e+00
  0.589534  -578.732149  -347.997519    0.000000  1.006714e-01  0.000000e+00
  0.589694  -578.724245  -347.854889    0.000000  1.005865e-01  0.000000e+00
  0.589854  -578.718387  -347.712086    0.000000  1.004542e-01  0.000000e+00
  0.590014  -578.714580  -347.569144    0.000000  1.002768e-01  0.000000e+00
  0.590174  -578.712821  -347.426092    0.000000  1.000565e-01  0.000000e+00
  0.590334  -578.713111  -347.282965    0.000000  9.979502e-02  0.000000e+00
  0.590494  -578.715447  -347.139796    0.000000  9.949344e-02  0.000000e+00
  0.590655  -578.719824  -346.996617    0.000000  9.915255e-02  0.000000e+00
  0.590815  -578.726237  -346.853463    0.000000  9.877268e-02  0.000000e+00
  0.590975  -578.734678  -346.710367    0.000000  9.835369e-02  0.000000e+00
  0.591135  -578.745139  -346.567364    0.000000  9.789503e-02  0.000000e+00
  0.591295  -578.757609  -346.424487    0.000000  9.739572e-02  0.000000e+00
  0.591455  -578.772077  -346.281769    0.000000  9.685434e-02  0.000000e+00
  0.591615  -578.788530  -346.139244    0.000000  9.626908e-02  0.000000e+00
  0.591775  -578.806951  -345.996942    0.000000  9.563772e-02  0.000000e+00
  0.591935  -578.827325  -345.854896    0.000000  9.495762e-02  0.000000e+00
  0.592095  -578.849633  -345.713136    0.000000  9.422579e-02  0.000000e+00
  0.592255  -578.873855  -345.571692    0.000000  9.343885e-02  0.000000e+00
  0.592415  -578.899971  -345.430593    0.000000  9.259306e-02  0.000000e+00
  0.592575  -578.927956  -345.289864    0.000000  9.168434e-02  0.000000e+00
  0.592735  -578.957787  -345.149533    0.000000  9.070829e-02  0.000000e+00
  0.592895  -578.989436  -345.009624    0.000000  8.966016e-02  0.000000e+00
  0.593055  -579.022875  -344.870158    0.000000  8.853495e-02  0.000000e+00
  0.593215  -579.058075  -344.731156    0.000000  8.732735e-02  0.000000e+00
  0.593375  -579.095004  -344.592638    0.000000  8.603181e-02  0.000000e+00
  0.593535  -579.133629  -344.454619    0.000000  8.464255e-02  0.000000e+00
  0.593695  -579.173914  -344.317114    0.000000  8.315358e-02  0.000000e+00
  0.593855  -579.215823  -344.180136    0.000000  8.155883e-02  0.000000e+00
  0.594015  -579.259318  -344.043693    0.000000  7.985524e-02  0.000000e+00
  0.594175  -579.304358  -343.907792    0.000000  7.804380e-02  0.000000e+00
  0.594335  -579.350900  -343.772439    0.000000  7.612621e-02  0.000000e+00
  0.594495  -579.398903  -343.637634    0.000000  7.410463e-02  0.000000e+00
  0.594655  -579.448319  -343.503379    0.000000  7.198163e-02  0.000000e+00
  0.594815  -579.499104  -343.369670    0.000000  6.976014e-02  0.000000e+00
  0.594975  -579.551209  -343.236503    0.000000  6.744345e-02  0.000000e+00
  0.595135  -579.604584  -343.103872    0.000000  6.503513e-02  0.000000e+00
  0.595295  -579.659180  -342.971767    0.000000  6.253902e-02  0.000000e+00
  0.595455  -579.714944  -342.840180    0.000000  5.995916e-02  0.000000e+00
  0.595615  -579.771825  -342.709096    0.000000  5.729978e-02  0.000000e+00
  0.595775  -579.829767  -342.578504    0.000000  5.456524e-02  0.000000e+00
  0.595935  -579.888716  -342.448386    0.000000  5.176000e-02  0.000000e+00
  0.596095  -579.948617  -342.318726    0.000000  4.888861e-02  0.000000e+00
  0.596255  -580.009414  -342.189507    0.000000  4.595567e-02  0.000000e+00
  0.596415  -580.071048  -342.060707    0.000000  4.296580e-02  0.000000e+00
  0.596575  -580.133462  -341.932305    0.000000  3.992362e-02  0.000000e+00
  0.596735  -580.196597  -341.804281    0.000000  3.683376e-02  0.000000e+00
  0.596896  -580.260395  -341.676609    0.000000  3.370082e-02  0.000000e+00
  0.597056  -580.324796  -341.549266    0.000000  3.052938e-02  0.000000e+00
  0.597216  -580.389740  -341.422226    0.000000  2.732398e-02  0.000000e+00
  0.597376  -580.455167  -341.295463    0.000000  2.408916e-02  0.000000e+00
  0.597536  -580.521016  -341.168951    0.000000  2.082941e-02  0.000000e+00
  0.597696  -580.587227  -341.042661    0.000000  1.754921e-02  0.000000e+00
  0.597856  -580.653739  -340.916565    0.000000  1.425304e-02  0.000000e+00
  0.598016  -580.720491  -340.790635    0.000000  1.094537e-02  0.000000e+00
  0.598176  -580.787422  -340.664842    0.000000  7.630694e-03  0.000000e+00
  0.598336  -580.854471  -340.539155    0.000000  4.313551e-03  0.000000e+00
  0.598496  -580.921579  -340.413545    0.000000  9.985130e-04  0.000000e+00
  0.598656  -580.988685  -340.287982    0.000000  2.309778e-03  0.000000e+00
  0.598816  -581.055728  -340.162436    0.000000  5.606603e-03  0.000000e+00
  0.598976  -581.122650  -340.036877    0.000000  8.887145e-03  0.000000e+00
  0.599136  -581.189391  -339.911275    0.000000  1.214648e-02  0.000000e+00
  0.599296  -581.255892  -339.785601    0.000000  1.537957e-02  0.000000e+00
  0.599456  -581.322096  -339.659824    0.000000  1.858124e-02  0.000000e+00
  0.599616  -581.387946  -339.533915    0.000000  2.174619e-02  0.000000e+00
  0.599776  -581.453384  -339.407847    0.000000  2.486896e-02  0.000000e+00
  0.599936  -581.518355  -339.281589    0.000000  2.794398e-02  0.000000e+00
  0.600096  -581.582804  -339.155116    0.000000  3.096552e-02  0.000000e+00
  0.600256  -581.646677  -339.028399    0.000000  3.392774e-02  0.000000e+00
  0.600416  -581.709922  -338.901412    0.000000  3.682469e-02  0.000000e+00
  0.600576  -581.772486  -338.774131    0.000000  3.965033e-02  0.000000e+00
  0.600736  -581.834319  -338.646530    0.000000  4.239854e-02  0.000000e+00
  0.600896  -581.895371  -338.518586    0.000000  4.506316e-02  0.000000e+00
  0.601056  -581.955595  -338.390276    0.000000  4.763804e-02  0.000000e+00
  0.601216  -582.014943  -338.261581    0.000000  5.011704e-02  0.000000e+00
  0.601376  -582.073370  -338.132479    0.000000  5.249410e-02  0.000000e+00
  0.601536  -582.130833  -338.002952    0.000000  5.476327e-02  0.000000e+00
  0.601696  -582.187289  -337.872983    0.000000  5.691875e-02  0.000000e+00
  0.601856  -582.242698  -337.742556    0.000000  5.895497e-02  0.000000e+00
  0.602016  -582.297022  -337.611657    0.000000  6.086661e-02  0.000000e+00
  0.602176  -582.350222  -337.480275    0.000000  6.264907e-02  0.000000e+00
  0.602336  -582.402264  -337.348398    0.000000  6.430254e-02  0.000000e+00
  0.602496  -582.453116  -337.216018    0.000000  6.583008e-02  0.000000e+00
  0.602656  -582.502744  -337.083128    0.000000  6.723495e-02  0.000000e+00
  0.602816  -582.551121  -336.949722    0.000000  6.852054e-02  0.000000e+00
  0.602976  -582.598217  -336.815797    0.000000  6.969038e-02  0.000000e+00
  0.603137  -582.644007  -336.681350    0.000000  7.074813e-02  0.000000e+00
  0.603297  -582.688466  -336.546381    0.000000  7.169761e-02  0.000000e+00
  0.603457  -582.731572  -336.410891    0.000000  7.254274e-02  0.000000e+00
  0.603617  -582.773303  -336.274882    0.000000  7.328754e-02  0.000000e+00
  0.603777  -582.813638  -336.138357    0.000000  7.393615e-02  0.000000e+00
  0.603937  -582.852561  -336.001322    0.000000  7.449280e-02  0.000000e+00
  0.604097  -582.890054  -335.863783    0.000000  7.496177e-02  0.000000e+00
  0.604257  -582.926102  -335.725747    0.000000  7.534742e-02  0.000000e+00
  0.604417  -582.960690  -335.587223    0.000000  7.565414e-02  0.000000e+00
  0.604577  -582.993807  -335.448221    0.000000  7.588636e-02  0.000000e+00
  0.604737  -583.025440  -335.308752    0.000000  7.604851e-02  0.000000e+00
  0.604897  -583.055579  -335.168828    0.000000  7.614501e-02  0.000000e+00
  0.605057  -583.084216  -335.028461    0.000000  7.618026e-02  0.000000e+00
  0.605217  -583.111343  -334.887666    0.000000  7.615865e-02  0.000000e+00
  0.605377  -583.136953  -334.746457    0.000000  7.608450e-02  0.000000e+00
  0.605537  -583.161041  -334.604851    0.000000  7.596204e-02  0.000000e+00
  0.605697  -583.183601  -334.462863    0.000000  7.579548e-02  0.000000e+00
  0.605857  -583.204632  -334.320510    0.000000  7.558889e-02  0.000000e+00
  0.606017  -583.224129  -334.177811    0.000000  7.534627e-02  0.000000e+00
  0.606177  -583.242091  -334.034784    0.000000  7.507149e-02  0.000000e+00
  0.606337  -583.258518  -333.891448    0.000000  7.476834e-02  0.000000e+00
  0.606497  -583.273410  -333.747823    0.000000  7.444043e-02  0.000000e+00
  0.606657  -583.286768  -333.603929    0.000000  7.409130e-02  0.000000e+00
  0.606817  -583.298593  -333.459787    0.000000  7.372430e-02  0.000000e+00
  0.606977  -583.308888  -333.315417    0.000000  7.334267e-02  0.000000e+00
  0.607137  -583.317655  -333.170842    0.000000  7.294951e-02  0.000000e+00
  0.607297  -583.324899  -333.026082    0.000000  7.254775e-02  0.000000e+00
  0.607457  -583.330623  -332.881160    0.000000  7.214020e-02  0.000000e+00
  0.607617  -583.334833  -332.736098    0.000000  7.172951e-02  0.000000e+00
  0.607777  -583.337534  -332.590918    0.000000  7.131817e-02  0.000000e+00
  0.607937  -583.338731  -332.445643    0.000000  7.090856e-02  0.000000e+00
  0.608097  -583.338431  -332.300295    0.000000  7.050286e-02  0.000000e+00
  0.608257  -583.336641  -332.154897    0.000000  7.010316e-02  0.000000e+00
  0.608417  -583.333367  -332.009471    0.000000  6.971136e-02  0.000000e+00
  0.608577  -583.328617  -331.864040    0.000000  6.932925e-02  0.000000e+00
  0.608737  -583.322399  -331.718626    0.000000  6.895847e-02  0.000000e+00
  0.608897  -583.314719  -331.573252    0.000000  6.860051e-02  0.000000e+00
  0.609057  -583.305587  -331.427938    0.000000  6.825674e-02  0.000000e+00
  0.609217  -583.295009  -331.282707    0.000000  6.792837e-02  0.000000e+00
  0.609378  -583.282995  -331.137580    0.000000  6.761650e-02  0.000000e+00
  0.609538  -583.269552  -330.992578    0.000000  6.732208e-02  0.000000e+00
  0.609698  -583.254690  -330.847721    0.000000  6.704594e-02  0.000000e+00
  0.609858  -583.238415  -330.703030    0.000000  6.678875e-02  0.000000e+00
  0.610018  -583.220736  -330.558524    0.000000  6.655107e-02  0.000000e+00
  0.610178  -583.201662  -330.414221    0.000000  6.633331e-02  0.000000e+00
  0.610338  -583.181200  -330.270141    0.000000  6.613572e-02  0.000000e+00
  0.610498  -583.159357  -330.126300    0.000000  6.595776e-02  0.000000e+00
  0.610658  -583.136143  -329.982717    0.000000  6.579819e-02  0.000000e+00
  0.610818  -583.111562  -329.839406    0.000000  6.565582e-02  0.000000e+00
  0.610978  -583.085624  -329.696385    0.000000  6.552954e-02  0.000000e+00
  0.611138  -583.058335  -329.553667    0.000000  6.541833e-02  0.000000e+00
  0.611298  -583.029701  -329.411269    0.000000  6.532122e-02  0.000000e+00
  0.611458  -582.999729  -329.269202    0.000000  6.523733e-02  0.000000e+00
  0.611618  -582.968425  -329.127483    0.000000  6.516587e-02  0.000000e+00
  0.611778  -582.935796  -328.986122    0.000000  6.510609e-02  0.000000e+00
  0.611938  -582.901848  -328.845134    0.000000  6.505732e-02  0.000000e+00
  0.612098  -582.866585  -328.704529    0.000000  6.501899e-02  0.000000e+00
  0.612258  -582.830014  -328.564321    0.000000  6.499055e-02  0.000000e+00
  0.612418  -582.792140  -328.424521    0.000000  6.497157e-02  0.000000e+00
  0.612578  -582.752968  -328.285139    0.000000  6.496165e-02  0.000000e+00
  0.612738  -582.712504  -328.146188    0.000000  6.496047e-02  0.000000e+00
  0.612898  -582.670751  -328.007677    0.000000  6.496779e-02  0.000000e+00
  0.613058  -582.627715  -327.869616    0.000000  6.498342e-02  0.000000e+00
  0.613218  -582.583401  -327.732017    0.000000  6.500726e-02  0.000000e+00
  0.613378  -582.537811  -327.594890    0.000000  6.503924e-02  0.000000e+00
  0.613538  -582.490951  -327.458243    0.000000  6.507939e-02  0.000000e+00
  0.613698  -582.442824  -327.322088    0.000000  6.512778e-02  0.000000e+00
  0.613858  -582.393435  -327.186433    0.000000  6.518457e-02  0.000000e+00
  0.614018  -582.342786  -327.051289    0.000000  6.524997e-02  0.000000e+00
  0.614178  -582.290881  -326.916665    0.000000  6.532425e-02  0.000000e+00
  0.614338  -582.237724  -326.782571    0.000000  6.540775e-02  0.000000e+00
  0.614498  -582.183317  -326.649017    0.000000  6.550087e-02  0.000000e+00
  0.614658  -582.127664  -326.516012    0.000000  6.560407e-02  0.000000e+00
  0.614818  -582.070767  -326.383567    0.000000  6.571788e-02  0.000000e+00
  0.614978  -582.012629  -326.251691    0.000000  6.584289e-02  0.000000e+00
  0.615138  -581.953252  -326.120395    0.000000  6.597972e-02  0.000000e+00
  0.615298  -581.892639  -325.989689    0.000000  6.612910e-02  0.000000e+00
  0.615458  -581.830791  -325.859584    0.000000  6.629177e-02  0.000000e+00
  0.615618  -581.767712  -325.730091    0.000000  6.646856e-02  0.000000e+00
  0.615779  -581.703402  -325.601221    0.000000  6.666034e-02  0.000000e+00
  0.615939  -581.637863  -325.472985    0.000000  6.686803e-02  0.000000e+00
  0.616099  -581.571098  -325.345395    0.000000  6.709263e-02  0.000000e+00
  0.616259  -581.503106  -325.218464    0.000000  6.733517e-02  0.000000e+00
  0.616419  -581.433891  -325.092204    0.000000  6.759674e-02  0.000000e+00
  0.616579  -581.363452  -324.966627    0.000000  6.787848e-02  0.000000e+00
  0.616739  -581.291792  -324.841749    0.000000  6.818159e-02  0.000000e+00
  0.616899  -581.218910  -324.717582    0.000000  6.850731e-02  0.000000e+00
  0.617059  -581.144807  -324.594141    0.000000  6.885694e-02  0.000000e+00
  0.617219  -581.069485  -324.471441    0.000000  6.923181e-02  0.000000e+00
  0.617379  -580.992943  -324.349499    0.000000  6.963334e-02  0.000000e+00
  0.617539  -580.915183  -324.228329    0.000000  7.006294e-02  0.000000e+00
  0.617699  -580.836204  -324.107949    0.000000  7.052211e-02  0.000000e+00
  0.617859  -580.756006  -323.988377    0.000000  7.101238e-02  0.000000e+00
  0.618019  -580.674590  -323.869631    0.000000  7.153533e-02  0.000000e+00
  0.618179  -580.591954  -323.751730    0.000000  7.209259e-02  0.000000e+00
  0.618339  -580.508101  -323.634694    0.000000  7.268581e-02  0.000000e+00
  0.618499  -580.423027  -323.518542    0.000000  7.331670e-02  0.000000e+00
  0.618659  -580.336735  -323.403298    0.000000  7.398701e-02  0.000000e+00
  0.618819  -580.249221  -323.288983    0.000000  7.469854e-02  0.000000e+00
  0.618979  -580.160487  -323.175619    0.000000  7.545309e-02  0.000000e+00
  0.619139  -580.070532  -323.063232    0.000000  7.625253e-02  0.000000e+00
  0.619299  -579.979353  -322.951846    0.000000  7.709874e-02  0.000000e+00
  0.619459  -579.886951  -322.841487    0.000000  7.799364e-02  0.000000e+00
  0.619619  -579.793325  -322.732182    0.000000  7.893918e-02  0.000000e+00
  0.619779  -579.698472  -322.623959    0.000000  7.993730e-02  0.000000e+00
  0.619939  -579.602393  -322.516847    0.000000  8.098999e-02  0.000000e+00
  0.620099  -579.505085  -322.410876    0.000000  8.209913e-02  0.000000e+00
  0.620259  -579.406546  -322.306078    0.000000  8.326390e-02  0.000000e+00
  0.620419  -579.306777  -322.202485    0.000000  8.448015e-02  0.000000e+00
  0.620579  -579.205774  -322.100130    0.000000  8.574341e-02  0.000000e+00
  0.620739  -579.103537  -321.999048    0.000000  8.704908e-02  0.000000e+00
  0.620899  -579.000064  -321.899273    0.000000  8.839240e-02  0.000000e+00
  0.621059  -578.895355  -321.800842    0.000000  8.976847e-02  0.000000e+00
  0.621219  -578.789407  -321.703792    0.000000  9.117226e-02  0.000000e+00
  0.621379  -578.682222  -321.608159    0.000000  9.259860e-02  0.000000e+00
  0.621539  -578.573799  -321.513981    0.000000  9.404220e-02  0.000000e+00
  0.621699  -578.464138  -321.421297    0.000000  9.549764e-02  0.000000e+00
  0.621859  -578.353241  -321.330144    0.000000  9.695938e-02  0.000000e+00
  0.622020  -578.241110  -321.240563    0.000000  9.842181e-02  0.000000e+00
  0.622180  -578.127747  -321.152591    0.000000  9.987923e-02  0.000000e+00
  0.622340  -578.013154  -321.066268    0.000000  1.013259e-01  0.000000e+00
  0.622500  -577.897338  -320.981633    0.000000  1.027560e-01  0.000000e+00
  0.622660  -577.780301  -320.898724    0.000000  1.041637e-01  0.000000e+00
  0.622820  -577.662052  -320.817582    0.000000  1.055433e-01  0.000000e+00
  0.622980  -577.542596  -320.738244    0.000000  1.068891e-01  0.000000e+00
  0.623140  -577.421942  -320.660749    0.000000  1.081954e-01  0.000000e+00
  0.623300  -577.300099  -320.585135    0.000000  1.094568e-01  0.000000e+00
  0.623460  -577.177079  -320.511439    0.000000  1.106680e-01  0.000000e+00
  0.623620  -577.052894  -320.439697    0.000000  1.118238e-01  0.000000e+00
  0.623780  -576.927556  -320.369947    0.000000  1.129196e-01  0.000000e+00
  0.623940  -576.801082  -320.302224    0.000000  1.139506e-01  0.000000e+00
  0.624100  -576.673487  -320.236562    0.000000  1.149129e-01  0.000000e+00
  0.624260  -576.544791  -320.172995    0.000000  1.158027e-01  0.000000e+00
  0.624420  -576.415014  -320.111556    0.000000  1.166166e-01  0.000000e+00
  0.624580  -576.284176  -320.052277    0.000000  1.173518e-01  0.000000e+00
  0.624740  -576.152302  -319.995188    0.000000  1.180060e-01  0.000000e+00
  0.624900  -576.019417  -319.940318    0.000000  1.185774e-01  0.000000e+00
  0.625060  -575.885550  -319.887696    0.000000  1.190648e-01  0.000000e+00
  0.625220  -575.750729  -319.837347    0.000000  1.194677e-01  0.000000e+00
  0.625380  -575.614986  -319.789298    0.000000  1.197892e-01  0.000000e+00
  0.625540  -575.478356  -319.743571    0.000000  1.200365e-01  0.000000e+00
  0.625700  -575.340874  -319.700190    0.000000  1.202168e-01  0.000000e+00
  0.625860  -575.202579  -319.659173    0.000000  1.203371e-01  0.000000e+00
  0.626020  -575.063509  -319.620541    0.000000  1.204041e-01  0.000000e+00
  0.626180  -574.923706  -319.584310    0.000000  1.204242e-01  0.000000e+00
  0.626340  -574.783213  -319.550498    0.000000  1.204035e-01  0.000000e+00
  0.626500  -574.642075  -319.519118    0.000000  1.203477e-01  0.000000e+00
  0.626660  -574.500336  -319.490184    0.000000  1.202623e-01  0.000000e+00
  0.626820  -574.358043  -319.463707    0.000000  1.201521e-01  0.000000e+00
  0.626980  -574.215245  -319.439698    0.000000  1.200217e-01  0.000000e+00
  0.627140  -574.071989  -319.418166    0.000000  1.198753e-01  0.000000e+00
  0.627300  -573.928325  -319.399117    0.000000  1.197166e-01  0.000000e+00
  0.627460  -573.784304  -319.382559    0.000000  1.195489e-01  0.000000e+00
  0.627620  -573.639976  -319.368495    0.000000  1.193751e-01  0.000000e+00
  0.627780  -573.495393  -319.356930    0.000000  1.191975e-01  0.000000e+00
  0.627940  -573.350606  -319.347864    0.000000  1.190180e-01  0.000000e+00
  0.628100  -573.205667  -319.341299    0.000000  1.188382e-01  0.000000e+00
  0.628261  -573.060628  -319.337233    0.000000  1.186591e-01  0.000000e+00
  0.628421  -572.915540  -319.335666    0.000000  1.184812e-01  0.000000e+00
  0.628581  -572.770456  -319.336592    0.000000  1.183047e-01  0.000000e+00
  0.628741  -572.625426  -319.340008    0.000000  1.181293e-01  0.000000e+00
  0.628901  -572.480503  -319.345908    0.000000  1.179541e-01  0.000000e+00
  0.629061  -572.335736  -319.354283    0.000000  1.177779e-01  0.000000e+00
  0.629221  -572.191176  -319.365127    0.000000  1.175989e-01  0.000000e+00
  0.629381  -572.046872  -319.378428    0.000000  1.174150e-01  0.000000e+00
  0.629541  -571.902872  -319.394175    0.000000  1.172236e-01  0.000000e+00
  0.629701  -571.759224  -319.412357    0.000000  1.170216e-01  0.000000e+00
  0.629861  -571.615973  -319.432960    0.000000  1.168055e-01  0.000000e+00
  0.630021  -571.473166  -319.455968    0.000000  1.165713e-01  0.000000e+00
  0.630181  -571.330845  -319.481366    0.000000  1.163147e-01  0.000000e+00
  0.630341  -571.189053  -319.509138    0.000000  1.160309e-01  0.000000e+00
  0.630501  -571.047832  -319.539263    0.000000  1.157146e-01  0.000000e+00
  0.630661  -570.907219  -319.571723    0.000000  1.153604e-01  0.000000e+00
  0.630821  -570.767252  -319.606498    0.000000  1.149621e-01  0.000000e+00
  0.630981  -570.627966  -319.643564    0.000000  1.145135e-01  0.000000e+00
  0.631141  -570.489395  -319.682900    0.000000  1.140081e-01  0.000000e+00
  0.631301  -570.351569  -319.724481    0.000000  1.134406e-01  0.000000e+00
  0.631461  -570.214518  -319.768281    0.000000  1.128082e-01  0.000000e+00
  0.631621  -570.078267  -319.814276    0.000000  1.121085e-01  0.000000e+00
  0.631781  -569.942843  -319.862436    0.000000  1.113401e-01  0.000000e+00
  0.631941  -569.808266  -319.912734    0.000000  1.105017e-01  0.000000e+00
  0.632101  -569.674558  -319.965141    0.000000  1.095926e-01  0.000000e+00
  0.632261  -569.541737  -320.019626    0.000000  1.086126e-01  0.000000e+00
  0.632421  -569.409819  -320.076159    0.000000  1.075621e-01  0.000000e+00
  0.632581  -569.278820  -320.134708    0.000000  1.064417e-01  0.000000e+00
  0.632741  -569.148753  -320.195240    0.000000  1.052526e-01  0.000000e+00
  0.632901  -569.019628  -320.257723    0.000000  1.039964e-01  0.000000e+00
  0.633061  -568.891456  -320.322121    0.000000  1.026750e-01  0.000000e+00
  0.633221  -568.764244  -320.388401    0.000000  1.012908e-01  0.000000e+00
  0.633381  -568.637999  -320.456527    0.000000  9.984633e-02  0.000000e+00
  0.633541  -568.512725  -320.526464    0.000000  9.834455e-02  0.000000e+00
  0.633701  -568.388427  -320.598176    0.000000  9.678863e-02  0.000000e+00
  0.633861  -568.265106  -320.671626    0.000000  9.518196e-02  0.000000e+00
  0.634021  -568.142763  -320.746776    0.000000  9.352813e-02  0.000000e+00
  0.634181  -568.021398  -320.823590    0.000000  9.183086e-02  0.000000e+00
  0.634341  -567.901008  -320.902029    0.000000  9.009402e-02  0.000000e+00
  0.634502  -567.781591  -320.982056    0.000000  8.832158e-02  0.000000e+00
  0.634662  -567.663143  -321.063633    0.000000  8.651754e-02  0.000000e+00
  0.634822  -567.545659  -321.146720    0.000000  8.468598e-02  0.000000e+00
  0.634982  -567.429132  -321.231280    0.000000  8.283097e-02  0.000000e+00
  0.635142  -567.313556  -321.317273    0.000000  8.095657e-02  0.000000e+00
  0.635302  -567.198922  -321.404660    0.000000  7.906681e-02  0.000000e+00
  0.635462  -567.085222  -321.493403    0.000000  7.716570e-02  0.000000e+00
  0.635622  -566.972447  -321.583463    0.000000  7.525715e-02  0.000000e+00
  0.635782  -566.860585  -321.674802    0.000000  7.334501e-02  0.000000e+00
  0.635942  -566.749626  -321.767379    0.000000  7.143306e-02  0.000000e+00
  0.636102  -566.639558  -321.861158    0.000000  6.952497e-02  0.000000e+00
  0.636262  -566.530370  -321.956099    0.000000  6.762433e-02  0.000000e+00
  0.636422  -566.422048  -322.052164    0.000000  6.573459e-02  0.000000e+00
  0.636582  -566.314580  -322.149316    0.000000  6.385915e-02  0.000000e+00
  0.636742  -566.207951  -322.247517    0.000000  6.200126e-02  0.000000e+00
  0.636902  -566.102149  -322.346730    0.000000  6.016411e-02  0.000000e+00
  0.637062  -565.997159  -322.446918    0.000000  5.835076e-02  0.000000e+00
  0.637222  -565.892967  -322.548045    0.000000  5.656421e-02  0.000000e+00
  0.637382  -565.789558  -322.650074    0.000000  5.480734e-02  0.000000e+00
  0.637542  -565.686917  -322.752972    0.000000  5.308298e-02  0.000000e+00
  0.637702  -565.585031  -322.856702    0.000000  5.139388e-02  0.000000e+00
  0.637862  -565.483883  -322.961231    0.000000  4.974271e-02  0.000000e+00
  0.638022  -565.383461  -323.066526    0.000000  4.813212e-02  0.000000e+00
  0.638182  -565.283748  -323.172553    0.000000  4.656468e-02  0.000000e+00
  0.638342  -565.184732  -323.279281    0.000000  4.504295e-02  0.000000e+00
  0.638502  -565.086397  -323.386678    0.000000  4.356946e-02  0.000000e+00
  0.638662  -564.988730  -323.494714    0.000000  4.214672e-02  0.000000e+00
  0.638822  -564.891717  -323.603360    0.000000  4.077722e-02  0.000000e+00
  0.638982  -564.795345  -323.712588    0.000000  3.946348e-02  0.000000e+00
  0.639142  -564.699602  -323.822368    0.000000  3.820801e-02  0.000000e+00
  0.639302  -564.604475  -323.932676    0.000000  3.701335e-02  0.000000e+00
  0.639462  -564.509953  -324.043485    0.000000  3.588205e-02  0.000000e+00
  0.639622  -564.416024  -324.154771    0.000000  3.481672e-02  0.000000e+00
  0.639782  -564.322679  -324.266510    0.000000  3.381919e-02  0.000000e+00
  0.639942  -564.229907  -324.378681    0.000000  3.288804e-02  0.000000e+00
  0.640102  -564.137699  -324.491262    0.000000  3.202106e-02  0.000000e+00
  0.640262  -564.046048  -324.604234    0.000000  3.121605e-02  0.000000e+00
  0.640422  -563.954946  -324.717578    0.000000  3.047090e-02  0.000000e+00
  0.640582  -563.864385  -324.831276    0.000000  2.978350e-02  0.000000e+00
  0.640743  -563.774360  -324.945312    0.000000  2.915180e-02  0.000000e+00
  0.640903  -563.684864  -325.059669    0.000000  2.857379e-02  0.000000e+00
  0.641063  -563.595892  -325.174334    0.000000  2.804750e-02  0.000000e+00
  0.641223  -563.507439  -325.289292    0.000000  2.757097e-02  0.000000e+00
  0.641383  -563.419502  -325.404531    0.000000  2.714229e-02  0.000000e+00
  0.641543  -563.332076  -325.520039    0.000000  2.675957e-02  0.000000e+00
  0.641703  -563.245159  -325.635805    0.000000  2.642094e-02  0.000000e+00
  0.641863  -563.158747  -325.751820    0.000000  2.612457e-02  0.000000e+00
  0.642023  -563.072838  -325.868073    0.000000  2.586861e-02  0.000000e+00
  0.642183  -562.987430  -325.984556    0.000000  2.565127e-02  0.000000e+00
  0.642343  -562.902522  -326.101263    0.000000  2.547074e-02  0.000000e+00
  0.642503  -562.818112  -326.218185    0.000000  2.532522e-02  0.000000e+00
  0.642663  -562.734200  -326.335317    0.000000  2.521292e-02  0.000000e+00
  0.642823  -562.650784  -326.452653    0.000000  2.513207e-02  0.000000e+00
  0.642983  -562.567865  -326.570189    0.000000  2.508086e-02  0.000000e+00
  0.643143  -562.485442  -326.687920    0.000000  2.505753e-02  0.000000e+00
  0.643303  -562.403517  -326.805842    0.000000  2.506027e-02  0.000000e+00
  0.643463  -562.322088  -326.923954    0.000000  2.508729e-02  0.000000e+00
  0.643623  -562.241157  -327.042252    0.000000  2.513679e-02  0.000000e+00
  0.643783  -562.160724  -327.160735    0.000000  2.520694e-02  0.000000e+00
  0.643943  -562.080791  -327.279401    0.000000  2.529592e-02  0.000000e+00
  0.644103  -562.001359  -327.398250    0.000000  2.540191e-02  0.000000e+00
  0.644263  -561.922428  -327.517281    0.000000  2.552305e-02  0.000000e+00
  0.644423  -561.844001  -327.636494    0.000000  2.565747e-02  0.000000e+00
  0.644583  -561.766078  -327.755890    0.000000  2.580332e-02  0.000000e+00
  0.644743  -561.688660  -327.875470    0.000000  2.595870e-02  0.000000e+00
  0.644903  -561.611749  -327.995235    0.000000  2.612172e-02  0.000000e+00
  0.645063  -561.535347  -328.115186    0.000000  2.629048e-02  0.000000e+00
  0.645223  -561.459455  -328.235325    0.000000  2.646304e-02  0.000000e+00
  0.645383  -561.384074  -328.355655    0.000000  2.663750e-02  0.000000e+00
  0.645543  -561.309205  -328.476177    0.000000  2.681191e-02  0.000000e+00
  0.645703  -561.234850  -328.596895    0.000000  2.698434e-02  0.000000e+00
  0.645863  -561.161008  -328.717810    0.000000  2.715283e-02  0.000000e+00
  0.646023  -561.087683  -328.838927    0.000000  2.731546e-02  0.000000e+00
  0.646183  -561.014872  -328.960248    0.000000  2.747027e-02  0.000000e+00
  0.646343  -560.942579  -329.081776    0.000000  2.761532e-02  0.000000e+00
  0.646503  -560.870802  -329.203515    0.000000  2.774869e-02  0.000000e+00
  0.646663  -560.799541  -329.325468    0.000000  2.786844e-02  0.000000e+00
  0.646823  -560.728797  -329.447638    0.000000  2.797266e-02  0.000000e+00
  0.646984  -560.658569  -329.570029    0.000000  2.805946e-02  0.000000e+00
  0.647144  -560.588856  -329.692644    0.000000  2.812696e-02  0.000000e+00
  0.647304  -560.519657  -329.815487    0.000000  2.817329e-02  0.000000e+00
  0.647464  -560.450971  -329.938560    0.000000  2.819664e-02  0.000000e+00
  0.647624  -560.382795  -330.061867    0.000000  2.819518e-02  0.000000e+00
  0.647784  -560.315127  -330.185410    0.000000  2.816716e-02  0.000000e+00
  0.647944  -560.247965  -330.309194    0.000000  2.811082e-02  0.000000e+00
  0.648104  -560.181306  -330.433220    0.000000  2.802446e-02  0.000000e+00
  0.648264  -560.115145  -330.557491    0.000000  2.790642e-02  0.000000e+00
  0.648424  -560.049479  -330.682009    0.000000  2.775508e-02  0.000000e+00
  0.648584  -559.984304  -330.806776    0.000000  2.756884e-02  0.000000e+00
  0.648744  -559.919614  -330.931794    0.000000  2.734617e-02  0.000000e+00
  0.648904  -559.855403  -331.057065    0.000000  2.708558e-02  0.000000e+00
  0.649064  -559.791666  -331.182588    0.000000  2.678561e-02  0.000000e+00
  0.649224  -559.728395  -331.308366    0.000000  2.644488e-02  0.000000e+00
  0.649384  -559.665583  -331.434398    0.000000  2.606201e-02  0.000000e+00
  0.649544  -559.603222  -331.560685    0.000000  2.563570e-02  0.000000e+00
  0.649704  -559.541303  -331.687225    0.000000  2.516468e-02  0.000000e+00
  0.649864  -559.479816  -331.814017    0.000000  2.464772e-02  0.000000e+00
  0.650024  -559.418752  -331.941061    0.000000  2.408365e-02  0.000000e+00
  0.650184  -559.358099  -332.068353    0.000000  2.347130e-02  0.000000e+00
  0.650344  -559.297846  -332.195892    0.000000  2.280957e-02  0.000000e+00
  0.650504  -559.237980  -332.323674    0.000000  2.209748e-02  0.000000e+00
  0.650664  -559.178488  -332.451696    0.000000  2.133579e-02  0.000000e+00
  0.650824  -559.119356  -332.579952    0.000000  2.052651e-02  0.000000e+00
  0.650984  -559.060569  -332.708439    0.000000  1.967164e-02  0.000000e+00
  0.651144  -559.002111  -332.837150    0.000000  1.877316e-02  0.000000e+00
  0.651304  -558.943967  -332.966079    0.000000  1.783304e-02  0.000000e+00
  0.651464  -558.886119  -333.095220    0.000000  1.685321e-02  0.000000e+00
  0.651624  -558.828549  -333.224565    0.000000  1.583558e-02  0.000000e+00
  0.651784  -558.771239  -333.354106    0.000000  1.478200e-02  0.000000e+00
  0.651944  -558.714171  -333.483836    0.000000  1.369430e-02  0.000000e+00
  0.652104  -558.657324  -333.613746    0.000000  1.257425e-02  0.000000e+00
  0.652264  -558.600679  -333.743826    0.000000  1.142361e-02  0.000000e+00
  0.652424  -558.544215  -333.874066    0.000000  1.024404e-02  0.000000e+00
  0.652584  -558.487910  -334.004457    0.000000  9.037200e-03  0.000000e+00
  0.652744  -558.431745  -334.134987    0.000000  7.804676e-03  0.000000e+00
  0.652904  -558.375695  -334.265646    0.000000  6.548013e-03  0.000000e+00
  0.653064  -558.319739  -334.396423    0.000000  5.268710e-03  0.000000e+00
  0.653225  -558.263854  -334.527305    0.000000  3.968216e-03  0.000000e+00
  0.653385  -558.208017  -334.658280    0.000000  2.647935e-03  0.000000e+00
  0.653545  -558.152204  -334.789335    0.000000  1.309229e-03  0.000000e+00
  0.653705  -558.096391  -334.920459    0.000000  4.658475e-05  0.000000e+00
  0.653865  -558.040553  -335.051636    0.000000  1.418226e-03  0.000000e+00
  0.654025  -557.984667  -335.182854    0.000000  2.804451e-03  0.000000e+00
  0.654185  -557.928708  -335.314098    0.000000  4.204054e-03  0.000000e+00
  0.654345  -557.872650  -335.445355    0.000000  5.615853e-03  0.000000e+00
  0.654505  -557.816469  -335.576610    0.000000  7.038700e-03  0.000000e+00
  0.654665  -557.760139  -335.707847    0.000000  8.471464e-03  0.000000e+00
  0.654825  -557.703634  -335.839053    0.000000  9.913039e-03  0.000000e+00
  0.654985  -557.646930  -335.970210    0.000000  1.136233e-02  0.000000e+00
  0.655145  -557.590000  -336.101305    0.000000  1.281826e-02  0.000000e+00
  0.655305  -557.532819  -336.232320    0.000000  1.427974e-02  0.000000e+00
  0.655465  -557.475361  -336.363241    0.000000  1.574572e-02  0.000000e+00
  0.655625  -557.417601  -336.494050    0.000000  1.721512e-02  0.000000e+00
  0.655785  -557.359511  -336.624732    0.000000  1.868685e-02  0.000000e+00
  0.655945  -557.301068  -336.755270    0.000000  2.015985e-02  0.000000e+00
  0.656105  -557.242244  -336.885646    0.000000  2.163299e-02  0.000000e+00
  0.656265  -557.183016  -337.015845    0.000000  2.310518e-02  0.000000e+00
  0.656425  -557.123356  -337.145849    0.000000  2.457526e-02  0.000000e+00
  0.656585  -557.063241  -337.275641    0.000000  2.604209e-02  0.000000e+00
  0.656745  -557.002644  -337.405205    0.000000  2.750446e-02  0.000000e+00
  0.656905  -556.941542  -337.534521    0.000000  2.896117e-02  0.000000e+00
  0.657065  -556.879908  -337.663575    0.000000  3.041096e-02  0.000000e+00
  0.657225  -556.817720  -337.792347    0.000000  3.185254e-02  0.000000e+00
  0.657385  -556.754953  -337.920821    0.000000  3.328459e-02  0.000000e+00
  0.657545  -556.691583  -338.048979    0.000000  3.470574e-02  0.000000e+00
  0.657705  -556.627587  -338.176803    0.000000  3.611459e-02  0.000000e+00
  0.657865  -556.562941  -338.304276    0.000000  3.750969e-02  0.000000e+00
  0.658025  -556.497624  -338.431381    0.000000  3.888956e-02  0.000000e+00
  0.658185  -556.431611  -338.558100    0.000000  4.025266e-02  0.000000e+00
  0.658345  -556.364883  -338.684416    0.000000  4.159745e-02  0.000000e+00
  0.658505  -556.297417  -338.810312    0.000000  4.292229e-02  0.000000e+00
  0.658665  -556.229192  -338.935769    0.000000  4.422557e-02  0.000000e+00
  0.658825  -556.160189  -339.060771    0.000000  4.550559e-02  0.000000e+00
  0.658985  -556.090387  -339.185301    0.000000  4.676065e-02  0.000000e+00
  0.659145  -556.019767  -339.309342    0.000000  4.798902e-02  0.000000e+00
  0.659305  -555.948310  -339.432877    0.000000  4.918894e-02  0.000000e+00
  0.659466  -555.875999  -339.555889    0.000000  5.035864e-02  0.000000e+00
  0.659626  -555.802816  -339.678361    0.000000  5.149632e-02  0.000000e+00
  0.659786  -555.728744  -339.800278    0.000000  5.260021e-02  0.000000e+00
  0.659946  -555.653767  -339.921623    0.000000  5.366849e-02  0.000000e+00
  0.660106  -555.577871  -340.042379    0.000000  5.469939e-02  0.000000e+00
  0.660266  -555.501040  -340.162531    0.000000  5.569113e-02  0.000000e+00
  0.660426  -555.423261  -340.282064    0.000000  5.664196e-02  0.000000e+00
  0.660586  -555.344521  -340.400962    0.000000  5.755016e-02  0.000000e+00
  0.660746  -555.264808  -340.519210    0.000000  5.841405e-02  0.000000e+00
  0.660906  -555.184111  -340.636792    0.000000  5.923200e-02  0.000000e+00
  0.661066  -555.102419  -340.753695    0.000000  6.000241e-02  0.000000e+00
  0.661226  -555.019723  -340.869904    0.000000  6.072390e-02  0.000000e+00
  0.661386  -554.936014  -340.985405    0.000000  6.139645e-02  0.000000e+00
  0.661546  -554.851286  -341.100184    0.000000  6.202079e-02  0.000000e+00
  0.661706  -554.765531  -341.214228    0.000000  6.259770e-02  0.000000e+00
  0.661866  -554.678744  -341.327523    0.000000  6.312800e-02  0.000000e+00
  0.662026  -554.590919  -341.440058    0.000000  6.361256e-02  0.000000e+00
  0.662186  -554.502054  -341.551819    0.000000  6.405226e-02  0.000000e+00
  0.662346  -554.412145  -341.662794    0.000000  6.444804e-02  0.000000e+00
  0.662506  -554.321189  -341.772972    0.000000  6.480086e-02  0.000000e+00
  0.662666  -554.229185  -341.882340    0.000000  6.511174e-02  0.000000e+00
  0.662826  -554.136132  -341.990888    0.000000  6.538171e-02  0.000000e+00
  0.662986  -554.042031  -342.098604    0.000000  6.561183e-02  0.000000e+00
  0.663146  -553.946883  -342.205478    0.000000  6.580321e-02  0.000000e+00
  0.663306  -553.850688  -342.311499    0.000000  6.595698e-02  0.000000e+00
  0.663466  -553.753450  -342.416657    0.000000  6.607427e-02  0.000000e+00
  0.663626  -553.655172  -342.520943    0.000000  6.615627e-02  0.000000e+00
  0.663786  -553.555856  -342.624347    0.000000  6.620416e-02  0.000000e+00
  0.663946  -553.455509  -342.726860    0.000000  6.621914e-02  0.000000e+00
  0.664106  -553.354133  -342.828472    0.000000  6.620244e-02  0.000000e+00
  0.664266  -553.251737  -342.929176    0.000000  6.615528e-02  0.000000e+00
  0.664426  -553.148325  -343.028963    0.000000  6.607890e-02  0.000000e+00
  0.664586  -553.043905  -343.127825    0.000000  6.597453e-02  0.000000e+00
  0.664746  -552.938483  -343.225753    0.000000  6.584340e-02  0.000000e+00
  0.664906  -552.832070  -343.322742    0.000000  6.568675e-02  0.000000e+00
  0.665066  -552.724672  -343.418784    0.000000  6.550580e-02  0.000000e+00
  0.665226  -552.616299  -343.513871    0.000000  6.530176e-02  0.000000e+00
  0.665386  -552.506961  -343.607998    0.000000  6.507585e-02  0.000000e+00
  0.665546  -552.396667  -343.701158    0.000000  6.482925e-02  0.000000e+00
  0.665707  -552.285430  -343.793345    0.000000  6.456313e-02  0.000000e+00
  0.665867  -552.173259  -343.884553    0.000000  6.427863e-02  0.000000e+00
  0.666027  -552.060166  -343.974778    0.000000  6.397689e-02  0.000000e+00
  0.666187  -551.946164  -344.064013    0.000000  6.365901e-02  0.000000e+00
  0.666347  -551.831264  -344.152255    0.000000  6.332607e-02  0.000000e+00
  0.666507  -551.715480  -344.239499    0.000000  6.297910e-02  0.000000e+00
  0.666667  -551.598825  -344.325740    0.000000  6.261913e-02  0.000000e+00
  0.666827  -551.481311  -344.410975    0.000000  6.224715e-02  0.000000e+00
  0.666987  -551.362954  -344.495200    0.000000  6.186410e-02  0.000000e+00
  0.667147  -551.243767  -344.578411    0.000000  6.147091e-02  0.000000e+00
  0.667307  -551.123765  -344.660606    0.000000  6.106845e-02  0.000000e+00
  0.667467  -551.002962  -344.741782    0.000000  6.065758e-02  0.000000e+00
  0.667627  -550.881373  -344.821937    0.000000  6.023910e-02  0.000000e+00
  0.667787  -550.759015  -344.901067    0.000000  5.981378e-02  0.000000e+00
  0.667947  -550.635902  -344.979172    0.000000  5.938238e-02  0.000000e+00
  0.668107  -550.512050  -345.056250    0.000000  5.894557e-02  0.000000e+00
  0.668267  -550.387475  -345.132299    0.000000  5.850402e-02  0.000000e+00
  0.668427  -550.262193  -345.207318    0.000000  5.805836e-02  0.000000e+00
  0.668587  -550.136220  -345.281307    0.000000  5.760916e-02  0.000000e+00
  0.668747  -550.009574  -345.354265    0.000000  5.715698e-02  0.000000e+00
  0.668907  -549.882269  -345.426192    0.000000  5.670231e-02  0.000000e+00
  0.669067  -549.754324  -345.497087    0.000000  5.624564e-02  0.000000e+00
  0.669227  -549.625755  -345.566952    0.000000  5.578739e-02  0.000000e+00
  0.669387  -549.496579  -345.635787    0.000000  5.532797e-02  0.000000e+00
  0.669547  -549.366812  -345.703593    0.000000  5.486773e-02  0.000000e+00
  0.669707  -549.236471  -345.770371    0.000000  5.440701e-02  0.000000e+00
  0.669867  -549.105574  -345.836122    0.000000  5.394608e-02  0.000000e+00
  0.670027  -548.974138  -345.900849    0.000000  5.348521e-02  0.000000e+00
  0.670187  -548.842179  -345.964553    0.000000  5.302463e-02  0.000000e+00
  0.670347  -548.709714  -346.027236    0.000000  5.256451e-02  0.000000e+00
  0.670507  -548.576761  -346.088902    0.000000  5.210502e-02  0.000000e+00
  0.670667  -548.443335  -346.149554    0.000000  5.164628e-02  0.000000e+00
  0.670827  -548.309454  -346.209193    0.000000  5.118838e-02  0.000000e+00
  0.670987  -548.175135  -346.267824    0.000000  5.073139e-02  0.000000e+00
  0.671147  -548.040393  -346.325451    0.000000  5.027535e-02  0.000000e+00
  0.671307  -547.905245  -346.382077    0.000000  4.982024e-02  0.000000e+00
  0.671467  -547.769708  -346.437707    0.000000  4.936606e-02  0.000000e+00
  0.671627  -547.633798  -346.492345    0.000000  4.891274e-02  0.000000e+00
  0.671787  -547.497529  -346.545996    0.000000  4.846021e-02  0.000000e+00
  0.671948  -547.360919  -346.598665    0.000000  4.800836e-02  0.000000e+00
  0.672108  -547.223982  -346.650358    0.000000  4.755705e-02  0.000000e+00
  0.672268  -547.086733  -346.701079    0.000000  4.710613e-02  0.000000e+00
  0.672428  -546.949188  -346.750836    0.000000  4.665542e-02  0.000000e+00
  0.672588  -546.811361  -346.799634    0.000000  4.620470e-02  0.000000e+00
  0.672748  -546.673267  -346.847479    0.000000  4.575375e-02  0.000000e+00
  0.672908  -546.534919  -346.894379    0.000000  4.530232e-02  0.000000e+00
  0.673068  -546.396331  -346.940340    0.000000  4.485012e-02  0.000000e+00
  0.673228  -546.257517  -346.985369    0.000000  4.439687e-02  0.000000e+00
  0.673388  -546.118489  -347.029475    0.000000  4.394223e-02  0.000000e+00
  0.673548  -545.979261  -347.072664    0.000000  4.348589e-02  0.000000e+00
  0.673708  -545.839844  -347.114945    0.000000  4.302748e-02  0.000000e+00
  0.673868  -545.700250  -347.156326    0.000000  4.256663e-02  0.000000e+00
  0.674028  -545.560491  -347.196816    0.000000  4.210302e-02  0.000000e+00
  0.674188  -545.420577  -347.236424    0.000000  4.163639e-02  0.000000e+00
  0.674348  -545.280519  -347.275158    0.000000  4.116649e-02  0.000000e+00
  0.674508  -545.140328  -347.313029    0.000000  4.069311e-02  0.000000e+00
  0.674668  -545.000012  -347.350045    0.000000  4.021608e-02  0.000000e+00
  0.674828  -544.859581  -347.386216    0.000000  3.973523e-02  0.000000e+00
  0.674988  -544.719044  -347.421553    0.000000  3.925045e-02  0.000000e+00
  0.675148  -544.578409  -347.456065    0.000000  3.876163e-02  0.000000e+00
  0.675308  -544.437685  -347.489763    0.000000  3.826870e-02  0.000000e+00
  0.675468  -544.296879  -347.522658    0.000000  3.777161e-02  0.000000e+00
  0.675628  -544.155999  -347.554760    0.000000  3.727035e-02  0.000000e+00
  0.675788  -544.015051  -347.586081    0.000000  3.676492e-02  0.000000e+00
  0.675948  -543.874043  -347.616630    0.000000  3.625534e-02  0.000000e+00
  0.676108  -543.732979  -347.646420    0.000000  3.574167e-02  0.000000e+00
  0.676268  -543.591868  -347.675462    0.000000  3.522399e-02  0.000000e+00
  0.676428  -543.450713  -347.703767    0.000000  3.470241e-02  0.000000e+00
  0.676588  -543.309521  -347.731347    0.000000  3.417703e-02  0.000000e+00
  0.676748  -543.168296  -347.758213    0.000000  3.364801e-02  0.000000e+00
  0.676908  -543.027043  -347.784378    0.000000  3.311552e-02  0.000000e+00
  0.677068  -542.885766  -347.809852    0.000000  3.257975e-02  0.000000e+00
  0.677228  -542.744469  -347.834649    0.000000  3.204091e-02  0.000000e+00
  0.677388  -542.603157  -347.858780    0.000000  3.149922e-02  0.000000e+00
  0.677548  -542.461833  -347.882256    0.000000  3.095495e-02  0.000000e+00
  0.677708  -542.320499  -347.905091    0.000000  3.040835e-02  0.000000e+00
  0.677868  -542.179160  -347.927296    0.000000  2.985973e-02  0.000000e+00
  0.678028  -542.037817  -347.948884    0.000000  2.930937e-02  0.000000e+00
  0.678189  -541.896473  -347.969866    0.000000  2.875762e-02  0.000000e+00
  0.678349  -541.755130  -347.990254    0.000000  2.820481e-02  0.000000e+00
  0.678509  -541.613790  -348.010062    0.000000  2.765129e-02  0.000000e+00
  0.678669  -541.472456  -348.029301    0.000000  2.709744e-02  0.000000e+00
  0.678829  -541.331127  -348.047983    0.000000  2.654365e-02  0.000000e+00
  0.678989  -541.189807  -348.066120    0.000000  2.599032e-02  0.000000e+00
  0.679149  -541.048496  -348.083725    0.000000  2.543786e-02  0.000000e+00
  0.679309  -540.907194  -348.100809    0.000000  2.488671e-02  0.000000e+00
  0.679469  -540.765903  -348.117384    0.000000  2.433730e-02  0.000000e+00
  0.679629  -540.624623  -348.133462    0.000000  2.379010e-02  0.000000e+00
  0.679789  -540.483354  -348.149055    0.000000  2.324555e-02  0.000000e+00
  0.679949  -540.342097  -348.164175    0.000000  2.270414e-02  0.000000e+00
  0.680109  -540.200851  -348.178833    0.000000  2.216635e-02  0.000000e+00
  0.680269  -540.059617  -348.193041    0.000000  2.163267e-02  0.000000e+00
  0.680429  -539.918394  -348.206810    0.000000  2.110361e-02  0.000000e+00
  0.680589  -539.777181  -348.220151    0.000000  2.057968e-02  0.000000e+00
  0.680749  -539.635979  -348.233075    0.000000  2.006138e-02  0.000000e+00
  0.680909  -539.494786  -348.245594    0.000000  1.954925e-02  0.000000e+00
  0.681069  -539.353602  -348.257718    0.000000  1.904380e-02  0.000000e+00
  0.681229  -539.212425  -348.269457    0.000000  1.854559e-02  0.000000e+00
  0.681389  -539.071256  -348.280823    0.000000  1.805513e-02  0.000000e+00
  0.681549  -538.930091  -348.291825    0.000000  1.757298e-02  0.000000e+00
  0.681709  -538.788931  -348.302473    0.000000  1.709967e-02  0.000000e+00
  0.681869  -538.647774  -348.312778    0.000000  1.663576e-02  0.000000e+00
  0.682029  -538.506619  -348.322748    0.000000  1.618180e-02  0.000000e+00
  0.682189  -538.365464  -348.332394    0.000000  1.573834e-02  0.000000e+00
  0.682349  -538.224307  -348.341724    0.000000  1.530592e-02  0.000000e+00
  0.682509  -538.083148  -348.350747    0.000000  1.488510e-02  0.000000e+00
  0.682669  -537.941984  -348.359472    0.000000  1.447643e-02  0.000000e+00
  0.682829  -537.800814  -348.367908    0.000000  1.408047e-02  0.000000e+00
  0.682989  -537.659637  -348.376061    0.000000  1.369776e-02  0.000000e+00
  0.683149  -537.518450  -348.383941    0.000000  1.332885e-02  0.000000e+00
  0.683309  -537.377252  -348.391555    0.000000  1.297429e-02  0.000000e+00
  0.683469  -537.236041  -348.398909    0.000000  1.263462e-02  0.000000e+00
  0.683629  -537.094815  -348.406012    0.000000  1.231038e-02  0.000000e+00
  0.683789  -536.953574  -348.412868    0.000000  1.200212e-02  0.000000e+00
  0.683949  -536.812314  -348.419485    0.000000  1.171037e-02  0.000000e+00
  0.684109  -536.671034  -348.425869    0.000000  1.143566e-02  0.000000e+00
  0.684269  -536.529734  -348.432024    0.000000  1.117851e-02  0.000000e+00
  0.684430  -536.388410  -348.437957    0.000000  1.093946e-02  0.000000e+00
  0.684590  -536.247062  -348.443671    0.000000  1.071902e-02  0.000000e+00
  0.684750  -536.105688  -348.449172    0.000000  1.051771e-02  0.000000e+00
  0.684910  -535.964286  -348.454463    0.000000  1.033605e-02  0.000000e+00
  0.685070  -535.822855  -348.459548    0.000000  1.017454e-02  0.000000e+00
  0.685230  -535.681394  -348.464430    0.000000  1.003368e-02  0.000000e+00
  0.685390  -535.539902  -348.469112    0.000000  9.913980e-03  0.000000e+00
  0.685550  -535.398377  -348.473596    0.000000  9.815937e-03  0.000000e+00
  0.685710  -535.256818  -348.477884    0.000000  9.740046e-03  0.000000e+00
  0.685870  -535.115225  -348.481978    0.000000  9.686799e-03  0.000000e+00
  0.686030  -534.973596  -348.485878    0.000000  9.656433e-03  0.000000e+00
  0.686190  -534.831931  -348.489585    0.000000  9.648555e-03  0.000000e+00
  0.686350  -534.690229  -348.493099    0.000000  9.662673e-03  0.000000e+00
  0.686510  -534.548489  -348.496420    0.000000  9.698291e-03  0.000000e+00
  0.686670  -534.406712  -348.499546    0.000000  9.754913e-03  0.000000e+00
  0.686830  -534.264897  -348.502478    0.000000  9.832041e-03  0.000000e+00
  0.686990  -534.123043  -348.505211    0.000000  9.929177e-03  0.000000e+00
  0.687150  -533.981150  -348.507746    0.000000  1.004582e-02  0.000000e+00
  0.687310  -533.839219  -348.510079    0.000000  1.018148e-02  0.000000e+00
  0.687470  -533.697250  -348.512207    0.000000  1.033565e-02  0.000000e+00
  0.687630  -533.555243  -348.514127    0.000000  1.050784e-02  0.000000e+00
  0.687790  -533.413198  -348.515836    0.000000  1.069756e-02  0.000000e+00
  0.687950  -533.271116  -348.517329    0.000000  1.090430e-02  0.000000e+00
  0.688110  -533.128997  -348.518602    0.000000  1.112759e-02  0.000000e+00
  0.688270  -532.986842  -348.519651    0.000000  1.136693e-02  0.000000e+00
  0.688430  -532.844651  -348.520470    0.000000  1.162183e-02  0.000000e+00
  0.688590  -532.702425  -348.521054    0.000000  1.189181e-02  0.000000e+00
  0.688750  -532.560166  -348.521398    0.000000  1.217638e-02  0.000000e+00
  0.688910  -532.417874  -348.521495    0.000000  1.247508e-02  0.000000e+00
  0.689070  -532.275551  -348.521340    0.000000  1.278741e-02  0.000000e+00
  0.689230  -532.133197  -348.520925    0.000000  1.311291e-02  0.000000e+00
  0.689390  -531.990813  -348.520245    0.000000  1.345110e-02  0.000000e+00
  0.689550  -531.848402  -348.519292    0.000000  1.380151e-02  0.000000e+00
  0.689710  -531.705964  -348.518058    0.000000  1.416368e-02  0.000000e+00
  0.689870  -531.563502  -348.516537    0.000000  1.453712e-02  0.000000e+00
  0.690030  -531.421016  -348.514720    0.000000  1.492139e-02  0.000000e+00
  0.690190  -531.278508  -348.512600    0.000000  1.531602e-02  0.000000e+00
  0.690350  -531.135981  -348.510168    0.000000  1.572053e-02  0.000000e+00
  0.690510  -530.993435  -348.507416    0.000000  1.613449e-02  0.000000e+00
  0.690671  -530.850873  -348.504336    0.000000  1.655741e-02  0.000000e+00
  0.690831  -530.708298  -348.500919    0.000000  1.698885e-02  0.000000e+00
  0.690991  -530.565710  -348.497156    0.000000  1.742834e-02  0.000000e+00
  0.691151  -530.423112  -348.493037    0.000000  1.787542e-02  0.000000e+00
  0.691311  -530.280507  -348.488555    0.000000  1.832964e-02  0.000000e+00
  0.691471  -530.137896  -348.483699    0.000000  1.879054e-02  0.000000e+00
  0.691631  -529.995282  -348.478460    0.000000  1.925765e-02  0.000000e+00
  0.691791  -529.852668  -348.472828    0.000000  1.973051e-02  0.000000e+00
  0.691951  -529.710056  -348.466794    0.000000  2.020867e-02  0.000000e+00
  0.692111  -529.567448  -348.460348    0.000000  2.069166e-02  0.000000e+00
  0.692271  -529.424847  -348.453481    0.000000  2.117900e-02  0.000000e+00
  0.692431  -529.282255  -348.446181    0.000000  2.167024e-02  0.000000e+00
  0.692591  -529.139677  -348.438440    0.000000  2.216490e-02  0.000000e+00
  0.692751  -528.997113  -348.430247    0.000000  2.266251e-02  0.000000e+00
  0.692911  -528.854568  -348.421592    0.000000  2.316260e-02  0.000000e+00
  0.693071  -528.712044  -348.412465    0.000000  2.366468e-02  0.000000e+00
  0.693231  -528.569544  -348.402856    0.000000  2.416827e-02  0.000000e+00
  0.693391  -528.427071  -348.392755    0.000000  2.467289e-02  0.000000e+00
  0.693551  -528.284629  -348.382151    0.000000  2.517805e-02  0.000000e+00
  0.693711  -528.142219  -348.371034    0.000000  2.568325e-02  0.000000e+00
  0.693871  -527.999847  -348.359395    0.000000  2.618800e-02  0.000000e+00
  0.694031  -527.857514  -348.347223    0.000000  2.669181e-02  0.000000e+00
  0.694191  -527.715224  -348.334507    0.000000  2.719415e-02  0.000000e+00
  0.694351  -527.572980  -348.321239    0.000000  2.769454e-02  0.000000e+00
  0.694511  -527.430787  -348.307407    0.000000  2.819246e-02  0.000000e+00
  0.694671  -527.288646  -348.293003    0.000000  2.868738e-02  0.000000e+00
  0.694831  -527.146563  -348.278016    0.000000  2.917880e-02  0.000000e+00
  0.694991  -527.004539  -348.262436    0.000000  2.966619e-02  0.000000e+00
  0.695151  -526.862580  -348.246254    0.000000  3.014903e-02  0.000000e+00
  0.695311  -526.720687  -348.229460    0.000000  3.062678e-02  0.000000e+00
  0.695471  -526.578866  -348.212045    0.000000  3.109893e-02  0.000000e+00
  0.695631  -526.437119  -348.193999    0.000000  3.156493e-02  0.000000e+00
  0.695791  -526.295451  -348.175314    0.000000  3.202424e-02  0.000000e+00
  0.695951  -526.153865  -348.155980    0.000000  3.247635e-02  0.000000e+00
  0.696111  -526.012365  -348.135988    0.000000  3.292069e-02  0.000000e+00
  0.696271  -525.870954  -348.115330    0.000000  3.335675e-02  0.000000e+00
  0.696431  -525.729637  -348.093997    0.000000  3.378397e-02  0.000000e+00
  0.696591  -525.588417  -348.071981    0.000000  3.420183e-02  0.000000e+00
  0.696751  -525.447299  -348.049274    0.000000  3.460978e-02  0.000000e+00
  0.696912  -525.306285  -348.025867    0.000000  3.500729e-02  0.000000e+00
  0.697072  -525.165381  -348.001753    0.000000  3.539382e-02  0.000000e+00
  0.697232  -525.024590  -347.976925    0.000000  3.576886e-02  0.000000e+00
  0.697392  -524.883916  -347.951374    0.000000  3.613186e-02  0.000000e+00
  0.697552  -524.743363  -347.925095    0.000000  3.648231e-02  0.000000e+00
  0.697712  -524.602935  -347.898081    0.000000  3.681969e-02  0.000000e+00
  0.697872  -524.462636  -347.870325    0.000000  3.714350e-02  0.000000e+00
  0.698032  -524.322470  -347.841820    0.000000  3.745322e-02  0.000000e+00
  0.698192  -524.182442  -347.812561    0.000000  3.774838e-02  0.000000e+00
  0.698352  -524.042555  -347.782542    0.000000  3.802884e-02  0.000000e+00
  0.698512  -523.902813  -347.751759    0.000000  3.829478e-02  0.000000e+00
  0.698672  -523.763221  -347.720205    0.000000  3.854641e-02  0.000000e+00
  0.698832  -523.623782  -347.687876    0.000000  3.878395e-02  0.000000e+00
  0.698992  -523.484501  -347.654768    0.000000  3.900762e-02  0.000000e+00
  0.699152  -523.345383  -347.620877    0.000000  3.921763e-02  0.000000e+00
  0.699312  -523.206430  -347.586198    0.000000  3.941421e-02  0.000000e+00
  0.699472  -523.067648  -347.550728    0.000000  3.959761e-02  0.000000e+00
  0.699632  -522.929040  -347.514464    0.000000  3.976805e-02  0.000000e+00
  0.699792  -522.790610  -347.477403    0.000000  3.992577e-02  0.000000e+00
  0.699952  -522.652364  -347.439542    0.000000  4.007103e-02  0.000000e+00
  0.700112  -522.514305  -347.400878    0.000000  4.020408e-02  0.000000e+00
  0.700272  -522.376436  -347.361409    0.000000  4.032516e-02  0.000000e+00
  0.700432  -522.238764  -347.321133    0.000000  4.043455e-02  0.000000e+00
  0.700592  -522.101291  -347.280049    0.000000  4.053250e-02  0.000000e+00
  0.700752  -521.964022  -347.238154    0.000000  4.061928e-02  0.000000e+00
  0.700912  -521.826961  -347.195447    0.000000  4.069517e-02  0.000000e+00
  0.701072  -521.690113  -347.151928    0.000000  4.076043e-02  0.000000e+00
  0.701232  -521.553482  -347.107596    0.000000  4.081534e-02  0.000000e+00
  0.701392  -521.417071  -347.062449    0.000000  4.086018e-02  0.000000e+00
  0.701552  -521.280886  -347.016488    0.000000  4.089524e-02  0.000000e+00
  0.701712  -521.144931  -346.969712    0.000000  4.092080e-02  0.000000e+00
  0.701872  -521.009209  -346.922122    0.000000  4.093715e-02  0.000000e+00
  0.702032  -520.873726  -346.873718    0.000000  4.094457e-02  0.000000e+00
  0.702192  -520.738485  -346.824500    0.000000  4.094336e-02  0.000000e+00
  0.702352  -520.603490  -346.774469    0.000000  4.093380e-02  0.000000e+00
  0.702512  -520.468747  -346.723625    0.000000  4.091618e-02  0.000000e+00
  0.702672  -520.334259  -346.671971    0.000000  4.089081e-02  0.000000e+00
  0.702832  -520.200031  -346.619506    0.000000  4.085796e-02  0.000000e+00
  0.702992  -520.066066  -346.566233    0.000000  4.081794e-02  0.000000e+00
  0.703153  -519.932370  -346.512153    0.000000  4.077103e-02  0.000000e+00
  0.703313  -519.798947  -346.457269    0.000000  4.071753e-02  0.000000e+00
  0.703473  -519.665800  -346.401581    0.000000  4.065772e-02  0.000000e+00
  0.703633  -519.532934  -346.345093    0.000000  4.059190e-02  0.000000e+00
  0.703793  -519.400354  -346.287806    0.000000  4.052036e-02  0.000000e+00
  0.703953  -519.268064  -346.229723    0.000000  4.044338e-02  0.000000e+00
  0.704113  -519.136068  -346.170846    0.000000  4.036124e-02  0.000000e+00
  0.704273  -519.004371  -346.111179    0.000000  4.027423e-02  0.000000e+00
  0.704433  -518.872976  -346.050725    0.000000  4.018262e-02  0.000000e+00
  0.704593  -518.741888  -345.989486    0.000000  4.008671e-02  0.000000e+00
  0.704753  -518.611112  -345.927465    0.000000  3.998675e-02  0.000000e+00
  0.704913  -518.480651  -345.864667    0.000000  3.988303e-02  0.000000e+00
  0.705073  -518.350510  -345.801095    0.000000  3.977581e-02  0.000000e+00
  0.705233  -518.220694  -345.736751    0.000000  3.966537e-02  0.000000e+00
  0.705393  -518.091206  -345.671641    0.000000  3.955195e-02  0.000000e+00
  0.705553  -517.962051  -345.605768    0.000000  3.943583e-02  0.000000e+00
  0.705713  -517.833233  -345.539135    0.000000  3.931725e-02  0.000000e+00
  0.705873  -517.704756  -345.471748    0.000000  3.919647e-02  0.000000e+00
  0.706033  -517.576625  -345.403610    0.000000  3.907374e-02  0.000000e+00
  0.706193  -517.448844  -345.334726    0.000000  3.894930e-02  0.000000e+00
  0.706353  -517.321417  -345.265100    0.000000  3.882340e-02  0.000000e+00
  0.706513  -517.194349  -345.194736    0.000000  3.869626e-02  0.000000e+00
  0.706673  -517.067643  -345.123640    0.000000  3.856812e-02  0.000000e+00
  0.706833  -516.941304  -345.051815    0.000000  3.843922e-02  0.000000e+00
  0.706993  -516.815336  -344.979268    0.000000  3.830976e-02  0.000000e+00
  0.707153  -516.689744  -344.906002    0.000000  3.817998e-02  0.000000e+00
  0.707313  -516.564531  -344.832022    0.000000  3.805008e-02  0.000000e+00
  0.707473  -516.439702  -344.757335    0.000000  3.792029e-02  0.000000e+00
  0.707633  -516.315261  -344.681944    0.000000  3.779079e-02  0.000000e+00
  0.707793  -516.191212  -344.605855    0.000000  3.766181e-02  0.000000e+00
  0.707953  -516.067560  -344.529073    0.000000  3.753353e-02  0.000000e+00
  0.708113  -515.944308  -344.451604    0.000000  3.740615e-02  0.000000e+00
  0.708273  -515.821461  -344.373452    0.000000  3.727985e-02  0.000000e+00
  0.708433  -515.699022  -344.294624    0.000000  3.715483e-02  0.000000e+00
  0.708593  -515.576997  -344.215124    0.000000  3.703127e-02  0.000000e+00
  0.708753  -515.455388  -344.134959    0.000000  3.690933e-02  0.000000e+00
  0.708913  -515.334201  -344.054133    0.000000  3.678920e-02  0.000000e+00
  0.709073  -515.213439  -343.972652    0.000000  3.667103e-02  0.000000e+00
  0.709233  -515.093106  -343.890522    0.000000  3.655501e-02  0.000000e+00
  0.709394  -514.973206  -343.807749    0.000000  3.644127e-02  0.000000e+00
  0.709554  -514.853745  -343.724337    0.000000  3.632999e-02  0.000000e+00
  0.709714  -514.734724  -343.640293    0.000000  3.622131e-02  0.000000e+00
  0.709874  -514.616149  -343.555622    0.000000  3.611538e-02  0.000000e+00
  0.710034  -514.498023  -343.470330    0.000000  3.601235e-02  0.000000e+00
  0.710194  -514.380351  -343.384423    0.000000  3.591235e-02  0.000000e+00
  0.710354  -514.263137  -343.297906    0.000000  3.581553e-02  0.000000e+00
  0.710514  -514.146384  -343.210784    0.000000  3.572201e-02  0.000000e+00
  0.710674  -514.030096  -343.123064    0.000000  3.563192e-02  0.000000e+00
  0.710834  -513.914277  -343.034752    0.000000  3.554539e-02  0.000000e+00
  0.710994  -513.798932  -342.945852    0.000000  3.546254e-02  0.000000e+00
  0.711154  -513.684064  -342.856370    0.000000  3.538349e-02  0.000000e+00
  0.711314  -513.569676  -342.766312    0.000000  3.530835e-02  0.000000e+00
  0.711474  -513.455774  -342.675684    0.000000  3.523723e-02  0.000000e+00
  0.711634  -513.342360  -342.584491    0.000000  3.517024e-02  0.000000e+00
  0.711794  -513.229438  -342.492738    0.000000  3.510749e-02  0.000000e+00
  0.711954  -513.117013  -342.400431    0.000000  3.504906e-02  0.000000e+00
  0.712114  -513.005088  -342.307576    0.000000  3.499507e-02  0.000000e+00
  0.712274  -512.893666  -342.214177    0.000000  3.494560e-02  0.000000e+00
  0.712434  -512.782752  -342.120239    0.000000  3.490074e-02  0.000000e+00
  0.712594  -512.672349  -342.025769    0.000000  3.486057e-02  0.000000e+00
  0.712754  -512.562461  -341.930772    0.000000  3.482519e-02  0.000000e+00
  0.712914  -512.453091  -341.835251    0.000000  3.479466e-02  0.000000e+00
  0.713074  -512.344243  -341.739213    0.000000  3.476906e-02  0.000000e+00
  0.713234  -512.235921  -341.642663    0.000000  3.474846e-02  0.000000e+00
  0.713394  -512.128129  -341.545605    0.000000  3.473292e-02  0.000000e+00
  0.713554  -512.020869  -341.448043    0.000000  3.472252e-02  0.000000e+00
  0.713714  -511.914146  -341.349984    0.000000  3.471731e-02  0.000000e+00
  0.713874  -511.807963  -341.251431    0.000000  3.471734e-02  0.000000e+00
  0.714034  -511.702323  -341.152389    0.000000  3.472266e-02  0.000000e+00
  0.714194  -511.597230  -341.052862    0.000000  3.473332e-02  0.000000e+00
  0.714354  -511.492688  -340.952855    0.000000  3.474937e-02  0.000000e+00
  0.714514  -511.388699  -340.852372    0.000000  3.477083e-02  0.000000e+00
  0.714674  -511.285268  -340.751417    0.000000  3.479774e-02  0.000000e+00
  0.714834  -511.182396  -340.649994    0.000000  3.483012e-02  0.000000e+00
  0.714994  -511.080089  -340.548106    0.000000  3.486801e-02  0.000000e+00
  0.715154  -510.978349  -340.445759    0.000000  3.491140e-02  0.000000e+00
  0.715314  -510.877179  -340.342955    0.000000  3.496033e-02  0.000000e+00
  0.715474  -510.776583  -340.239698    0.000000  3.501479e-02  0.000000e+00
  0.715635  -510.676564  -340.135990    0.000000  3.507477e-02  0.000000e+00
  0.715795  -510.577125  -340.031837    0.000000  3.514028e-02  0.000000e+00
  0.715955  -510.478269  -339.927240    0.000000  3.521131e-02  0.000000e+00
  0.716115  -510.379999  -339.822202    0.000000  3.528782e-02  0.000000e+00
  0.716275  -510.282319  -339.716726    0.000000  3.536979e-02  0.000000e+00
  0.716435  -510.185231  -339.610816    0.000000  3.545720e-02  0.000000e+00
  0.716595  -510.088739  -339.504473    0.000000  3.554999e-02  0.000000e+00
  0.716755  -509.992846  -339.397699    0.000000  3.564792e-02  0.000000e+00
  0.716915  -509.897553  -339.290497    0.000000  3.575052e-02  0.000000e+00
  0.717075  -509.802866  -339.182869    0.000000  3.585731e-02  0.000000e+00
  0.717235  -509.708785  -339.074817    0.000000  3.596779e-02  0.000000e+00
  0.717395  -509.615315  -338.966342    0.000000  3.608146e-02  0.000000e+00
  0.717555  -509.522457  -338.857447    0.000000  3.619784e-02  0.000000e+00
  0.717715  -509.430216  -338.748131    0.000000  3.631641e-02  0.000000e+00
  0.717875  -509.338592  -338.638397    0.000000  3.643669e-02  0.000000e+00
  0.718035  -509.247590  -338.528246    0.000000  3.655815e-02  0.000000e+00
  0.718195  -509.157211  -338.417679    0.000000  3.668029e-02  0.000000e+00
  0.718355  -509.067458  -338.306696    0.000000  3.680261e-02  0.000000e+00
  0.718515  -508.978333  -338.195299    0.000000  3.692460e-02  0.000000e+00
  0.718675  -508.889839  -338.083489    0.000000  3.704573e-02  0.000000e+00
  0.718835  -508.801979  -337.971265    0.000000  3.716551e-02  0.000000e+00
  0.718995  -508.714753  -337.858629    0.000000  3.728341e-02  0.000000e+00
  0.719155  -508.628165  -337.745581    0.000000  3.739893e-02  0.000000e+00
  0.719315  -508.542216  -337.632121    0.000000  3.751156e-02  0.000000e+00
  0.719475  -508.456908  -337.518250    0.000000  3.762078e-02  0.000000e+00
  0.719635  -508.372243  -337.403968    0.000000  3.772609e-02  0.000000e+00
  0.719795  -508.288223  -337.289274    0.000000  3.782697e-02  0.000000e+00
  0.719955  -508.204849  -337.174170    0.000000  3.792294e-02  0.000000e+00
  0.720115  -508.122124  -337.058655    0.000000  3.801348e-02  0.000000e+00
  0.720275  -508.040047  -336.942728    0.000000  3.809811e-02  0.000000e+00
  0.720435  -507.958620  -336.826391    0.000000  3.817633e-02  0.000000e+00
  0.720595  -507.877846  -336.709643    0.000000  3.824767e-02  0.000000e+00
  0.720755  -507.797724  -336.592484    0.000000  3.831163e-02  0.000000e+00
  0.720915  -507.718255  -336.474913    0.000000  3.836776e-02  0.000000e+00
  0.721075  -507.639441  -336.356931    0.000000  3.841559e-02  0.000000e+00
  0.721235  -507.561281  -336.238537    0.000000  3.845466e-02  0.000000e+00
  0.721395  -507.483777  -336.119732    0.000000  3.848454e-02  0.000000e+00
  0.721555  -507.406928  -336.000514    0.000000  3.850478e-02  0.000000e+00
  0.721715  -507.330736  -335.880884    0.000000  3.851496e-02  0.000000e+00
  0.721876  -507.255199  -335.760842    0.000000  3.851468e-02  0.000000e+00
  0.722036  -507.180318  -335.640387    0.000000  3.850353e-02  0.000000e+00
  0.722196  -507.106092  -335.519520    0.000000  3.848111e-02  0.000000e+00
  0.722356  -507.032522  -335.398239    0.000000  3.844707e-02  0.000000e+00
  0.722516  -506.959605  -335.276546    0.000000  3.840103e-02  0.000000e+00
  0.722676  -506.887343  -335.154440    0.000000  3.834266e-02  0.000000e+00
  0.722836  -506.815733  -335.031920    0.000000  3.827162e-02  0.000000e+00
  0.722996  -506.744775  -334.908988    0.000000  3.818759e-02  0.000000e+00
  0.723156  -506.674467  -334.785642    0.000000  3.809028e-02  0.000000e+00
  0.723316  -506.604808  -334.661884    0.000000  3.797940e-02  0.000000e+00
  0.723476  -506.535796  -334.537713    0.000000  3.785469e-02  0.000000e+00
  0.723636  -506.467429  -334.413129    0.000000  3.771590e-02  0.000000e+00
  0.723796  -506.399706  -334.288134    0.000000  3.756279e-02  0.000000e+00
  0.723956  -506.332623  -334.162726    0.000000  3.739515e-02  0.000000e+00
  0.724116  -506.266178  -334.036907    0.000000  3.721279e-02  0.000000e+00
  0.724276  -506.200369  -333.910678    0.000000  3.701552e-02  0.000000e+00
  0.724436  -506.135193  -333.784039    0.000000  3.680318e-02  0.000000e+00
  0.724596  -506.070647  -333.656990    0.000000  3.657562e-02  0.000000e+00
  0.724756  -506.006727  -333.529533    0.000000  3.633272e-02  0.000000e+00
  0.724916  -505.943430  -333.401669    0.000000  3.607437e-02  0.000000e+00
  0.725076  -505.880752  -333.273398    0.000000  3.580047e-02  0.000000e+00
  0.725236  -505.818688  -333.144722    0.000000  3.551093e-02  0.000000e+00
  0.725396  -505.757236  -333.015643    0.000000  3.520571e-02  0.000000e+00
  0.725556  -505.696389  -332.886161    0.000000  3.488475e-02  0.000000e+00
  0.725716  -505.636145  -332.756278    0.000000  3.454801e-02  0.000000e+00
  0.725876  -505.576496  -332.625997    0.000000  3.419548e-02  0.000000e+00
  0.726036  -505.517439  -332.495318    0.000000  3.382716e-02  0.000000e+00
  0.726196  -505.458968  -332.364245    0.000000  3.344305e-02  0.000000e+00
  0.726356  -505.401077  -332.232779    0.000000  3.304316e-02  0.000000e+00
  0.726516  -505.343760  -332.100922    0.000000  3.262753e-02  0.000000e+00
  0.726676  -505.287011  -331.968678    0.000000  3.219620e-02  0.000000e+00
  0.726836  -505.230823  -331.836048    0.000000  3.174921e-02  0.000000e+00
  0.726996  -505.175189  -331.703037    0.000000  3.128662e-02  0.000000e+00
  0.727156  -505.120103  -331.569646    0.000000  3.080849e-02  0.000000e+00
  0.727316  -505.065557  -331.435880    0.000000  3.031489e-02  0.000000e+00
  0.727476  -505.011544  -331.301741    0.000000  2.980590e-02  0.000000e+00
  0.727636  -504.958055  -331.167234    0.000000  2.928158e-02  0.000000e+00
  0.727796  -504.905082  -331.032362    0.000000  2.874202e-02  0.000000e+00
  0.727956  -504.852617  -330.897130    0.000000  2.818729e-02  0.000000e+00
  0.728116  -504.800650  -330.761541    0.000000  2.761748e-02  0.000000e+00
  0.728277  -504.749174  -330.625601    0.000000  2.703266e-02  0.000000e+00
  0.728437  -504.698178  -330.489313    0.000000  2.643290e-02  0.000000e+00
  0.728597  -504.647652  -330.352684    0.000000  2.581827e-02  0.000000e+00
  0.728757  -504.597588  -330.215718    0.000000  2.518884e-02  0.000000e+00
  0.728917  -504.547973  -330.078422    0.000000  2.454466e-02  0.000000e+00
  0.729077  -504.498798  -329.940800    0.000000  2.388578e-02  0.000000e+00
  0.729237  -504.450051  -329.802858    0.000000  2.321224e-02  0.000000e+00
  0.729397  -504.401722  -329.664604    0.000000  2.252406e-02  0.000000e+00
  0.729557  -504.353798  -329.526043    0.000000  2.182127e-02  0.000000e+00
  0.729717  -504.306267  -329.387183    0.000000  2.110385e-02  0.000000e+00
  0.729877  -504.259118  -329.248030    0.000000  2.037181e-02  0.000000e+00
  0.730037  -504.212337  -329.108593    0.000000  1.962510e-02  0.000000e+00
  0.730197  -504.165911  -328.968877    0.000000  1.886367e-02  0.000000e+00
  0.730357  -504.119827  -328.828893    0.000000  1.808747e-02  0.000000e+00
  0.730517  -504.074072  -328.688647    0.000000  1.729639e-02  0.000000e+00
  0.730677  -504.028631  -328.548149    0.000000  1.649036e-02  0.000000e+00
  0.730837  -503.983489  -328.407407    0.000000  1.566964e-02  0.000000e+00
  0.730997  -503.938632  -328.266431    0.000000  1.483488e-02  0.000000e+00
  0.731157  -503.894045  -328.125231    0.000000  1.398668e-02  0.000000e+00
  0.731317  -503.849712  -327.983815    0.000000  1.312561e-02  0.000000e+00
  0.731477  -503.805617  -327.842194    0.000000  1.225223e-02  0.000000e+00
  0.731637  -503.761744  -327.700379    0.000000  1.136702e-02  0.000000e+00
  0.731797  -503.718077  -327.558380    0.000000  1.047047e-02  0.000000e+00
  0.731957  -503.674598  -327.416208    0.000000  9.563005e-03  0.000000e+00
  0.732117  -503.631292  -327.273874    0.000000  8.645032e-03  0.000000e+00
  0.732277  -503.588140  -327.131390    0.000000  7.716919e-03  0.000000e+00
  0.732437  -503.545124  -326.988768    0.000000  6.779004e-03  0.000000e+00
  0.732597  -503.502228  -326.846019    0.000000  5.831597e-03  0.000000e+00
  0.732757  -503.459433  -326.703157    0.000000  4.874975e-03  0.000000e+00
  0.732917  -503.416721  -326.560192    0.000000  3.909389e-03  0.000000e+00
  0.733077  -503.374073  -326.417138    0.000000  2.935061e-03  0.000000e+00
  0.733237  -503.331471  -326.274008    0.000000  1.952188e-03  0.000000e+00
  0.733397  -503.288895  -326.130815    0.000000  9.609435e-04  0.000000e+00
  0.733557  -503.246327  -325.987572    0.000000  3.852380e-05  0.000000e+00
  0.733717  -503.203747  -325.844293    0.000000  1.046086e-03  0.000000e+00
  0.733877  -503.161135  -325.700991    0.000000  2.061635e-03  0.000000e+00
  0.734037  -503.118474  -325.557680    0.000000  3.085083e-03  0.000000e+00
  0.734197  -503.075741  -325.414374    0.000000  4.116357e-03  0.000000e+00
  0.734357  -503.032919  -325.271089    0.000000  5.155400e-03  0.000000e+00
  0.734518  -502.989986  -325.127837    0.000000  6.202170e-03  0.000000e+00
  0.734678  -502.946923  -324.984633    0.000000  7.256635e-03  0.000000e+00
  0.734838  -502.903710  -324.841493    0.000000  8.318776e-03  0.000000e+00
  0.734998  -502.860326  -324.698431    0.000000  9.388579e-03  0.000000e+00
  0.735158  -502.816751  -324.555462    0.000000  1.046604e-02  0.000000e+00
  0.735318  -502.772964  -324.412601    0.000000  1.155115e-02  0.000000e+00
  0.735478  -502.728946  -324.269863    0.000000  1.264393e-02  0.000000e+00
  0.735638  -502.684676  -324.127264    0.000000  1.374436e-02  0.000000e+00
  0.735798  -502.640132  -323.984820    0.000000  1.485245e-02  0.000000e+00
  0.735958  -502.595296  -323.842545    0.000000  1.596820e-02  0.000000e+00
  0.736118  -502.550146  -323.700456    0.000000  1.709159e-02  0.000000e+00
  0.736278  -502.504661  -323.558568    0.000000  1.822263e-02  0.000000e+00
  0.736438  -502.458822  -323.416897    0.000000  1.936127e-02  0.000000e+00
  0.736598  -502.412607  -323.275460    0.000000  2.050748e-02  0.000000e+00
  0.736758  -502.365997  -323.134271    0.000000  2.166122e-02  0.000000e+00
  0.736918  -502.318970  -322.993348    0.000000  2.282240e-02  0.000000e+00
  0.737078  -502.271507  -322.852706    0.000000  2.399095e-02  0.000000e+00
  0.737238  -502.223587  -322.712362    0.000000  2.516676e-02  0.000000e+00
  0.737398  -502.175191  -322.572331    0.000000  2.634968e-02  0.000000e+00
  0.737558  -502.126297  -322.432630    0.000000  2.753958e-02  0.000000e+00
  0.737718  -502.076886  -322.293276    0.000000  2.873625e-02  0.000000e+00
  0.737878  -502.026939  -322.154284    0.000000  2.993948e-02  0.000000e+00
  0.738038  -501.976435  -322.015671    0.000000  3.114901e-02  0.000000e+00
  0.738198  -501.925354  -321.877454    0.000000  3.236457e-02  0.000000e+00
  0.738358  -501.873678  -321.739648    0.000000  3.358582e-02  0.000000e+00
  0.738518  -501.821387  -321.602270    0.000000  3.481239e-02  0.000000e+00
  0.738678  -501.768462  -321.465337    0.000000  3.604388e-02  0.000000e+00
  0.738838  -501.714884  -321.328864    0.000000  3.727982e-02  0.000000e+00
  0.738998  -501.660634  -321.192868    0.000000  3.851972e-02  0.000000e+00
  0.739158  -501.605693  -321.057366    0.000000  3.976302e-02  0.000000e+00
  0.739318  -501.550044  -320.922373    0.000000  4.100911e-02  0.000000e+00
  0.739478  -501.493667  -320.787906    0.000000  4.225732e-02  0.000000e+00
  0.739638  -501.436546  -320.653982    0.000000  4.350696e-02  0.000000e+00
  0.739798  -501.378662  -320.520615    0.000000  4.475723e-02  0.000000e+00
  0.739958  -501.319999  -320.387822    0.000000  4.600732e-02  0.000000e+00
  0.740118  -501.260539  -320.255619    0.000000  4.725631e-02  0.000000e+00
  0.740278  -501.200264  -320.124022    0.000000  4.850327e-02  0.000000e+00
  0.740438  -501.139160  -319.993047    0.000000  4.974718e-02  0.000000e+00
  0.740598  -501.077208  -319.862710    0.000000  5.098696e-02  0.000000e+00
  0.740759  -501.014395  -319.733025    0.000000  5.222147e-02  0.000000e+00
  0.740919  -500.950702  -319.604010    0.000000  5.344952e-02  0.000000e+00
  0.741079  -500.886117  -319.475678    0.000000  5.466983e-02  0.000000e+00
  0.741239  -500.820623  -319.348046    0.000000  5.588111e-02  0.000000e+00
  0.741399  -500.754206  -319.221128    0.000000  5.708195e-02  0.000000e+00
  0.741559  -500.686852  -319.094940    0.000000  5.827095e-02  0.000000e+00
  0.741719  -500.618547  -318.969497    0.000000  5.944660e-02  0.000000e+00
  0.741879  -500.549277  -318.844813    0.000000  6.060738e-02  0.000000e+00
  0.742039  -500.479030  -318.720903    0.000000  6.175171e-02  0.000000e+00
  0.742199  -500.407792  -318.597782    0.000000  6.287796e-02  0.000000e+00
  0.742359  -500.335552  -318.475463    0.000000  6.398448e-02  0.000000e+00
  0.742519  -500.262298  -318.353962    0.000000  6.506957e-02  0.000000e+00
  0.742679  -500.188019  -318.233291    0.000000  6.613152e-02  0.000000e+00
  0.742839  -500.112703  -318.113465    0.000000  6.716860e-02  0.000000e+00
  0.742999  -500.036340  -317.994497    0.000000  6.817906e-02  0.000000e+00
  0.743159  -499.958920  -317.876401    0.000000  6.916114e-02  0.000000e+00
  0.743319  -499.880435  -317.759190    0.000000  7.011310e-02  0.000000e+00
  0.743479  -499.800874  -317.642877    0.000000  7.103319e-02  0.000000e+00
  0.743639  -499.720229  -317.527475    0.000000  7.191969e-02  0.000000e+00
  0.743799  -499.638493  -317.412996    0.000000  7.277091e-02  0.000000e+00
  0.743959  -499.555658  -317.299452    0.000000  7.358519e-02  0.000000e+00
  0.744119  -499.471718  -317.186856    0.000000  7.436092e-02  0.000000e+00
  0.744279  -499.386665  -317.075220    0.000000  7.509654e-02  0.000000e+00
  0.744439  -499.300494  -316.964555    0.000000  7.579055e-02  0.000000e+00
  0.744599  -499.213201  -316.854872    0.000000  7.644154e-02  0.000000e+00
  0.744759  -499.124780  -316.746184    0.000000  7.704816e-02  0.000000e+00
  0.744919  -499.035228  -316.638499    0.000000  7.760915e-02  0.000000e+00
  0.745079  -498.944540  -316.531829    0.000000  7.812337e-02  0.000000e+00
  0.745239  -498.852716  -316.426185    0.000000  7.858975e-02  0.000000e+00
  0.745399  -498.759751  -316.321576    0.000000  7.900737e-02  0.000000e+00
  0.745559  -498.665646  -316.218012    0.000000  7.937540e-02  0.000000e+00
  0.745719  -498.570398  -316.115502    0.000000  7.969314e-02  0.000000e+00
  0.745879  -498.474009  -316.014055    0.000000  7.996002e-02  0.000000e+00
  0.746039  -498.376478  -315.913680    0.000000  8.017560e-02  0.000000e+00
  0.746199  -498.277807  -315.814386    0.000000  8.033957e-02  0.000000e+00
  0.746359  -498.177997  -315.716181    0.000000  8.045178e-02  0.000000e+00
  0.746519  -498.077052  -315.619072    0.000000  8.051219e-02  0.000000e+00
  0.746679  -497.974974  -315.523067    0.000000  8.052090e-02  0.000000e+00
  0.746839  -497.871768  -315.428172    0.000000  8.047817e-02  0.000000e+00
  0.747000  -497.767438  -315.334396    0.000000  8.038438e-02  0.000000e+00
  0.747160  -497.661991  -315.241743    0.000000  8.024003e-02  0.000000e+00
  0.747320  -497.555432  -315.150220    0.000000  8.004577e-02  0.000000e+00
  0.747480  -497.447768  -315.059833    0.000000  7.980235e-02  0.000000e+00
  0.747640  -497.339008  -314.970586    0.000000  7.951067e-02  0.000000e+00
  0.747800  -497.229159  -314.882486    0.000000  7.917171e-02  0.000000e+00
  0.747960  -497.118233  -314.795535    0.000000  7.878656e-02  0.000000e+00
  0.748120  -497.006238  -314.709739    0.000000  7.835643e-02  0.000000e+00
  0.748280  -496.893186  -314.625100    0.000000  7.788257e-02  0.000000e+00
  0.748440  -496.779089  -314.541622    0.000000  7.736674e-02  0.000000e+00
  0.748600  -496.663960  -314.459308    0.000000  7.681194e-02  0.000000e+00
  0.748760  -496.547812  -314.378161    0.000000  7.622140e-02  0.000000e+00
  0.748920  -496.430661  -314.298181    0.000000  7.559829e-02  0.000000e+00
  0.749080  -496.312520  -314.219371    0.000000  7.494571e-02  0.000000e+00
  0.749240  -496.193407  -314.141733    0.000000  7.426669e-02  0.000000e+00
  0.749400  -496.073336  -314.065266    0.000000  7.356414e-02  0.000000e+00
  0.749560  -495.952327  -313.989971    0.000000  7.284090e-02  0.000000e+00
  0.749720  -495.830396  -313.915849    0.000000  7.209970e-02  0.000000e+00
  0.749880  -495.707562  -313.842899    0.000000  7.134316e-02  0.000000e+00
  0.750040  -495.583844  -313.771120    0.000000  7.057380e-02  0.000000e+00
  0.750200  -495.459262  -313.700512    0.000000  6.979400e-02  0.000000e+00
  0.750360  -495.333835  -313.631073    0.000000  6.900606e-02  0.000000e+00
  0.750520  -495.207584  -313.562802    0.000000  6.821213e-02  0.000000e+00
  0.750680  -495.080529  -313.495696    0.000000  6.741426e-02  0.000000e+00
  0.750840  -494.952693  -313.429754    0.000000  6.661439e-02  0.000000e+00
  0.751000  -494.824096  -313.364973    0.000000  6.581432e-02  0.000000e+00
  0.751160  -494.694761  -313.301350    0.000000  6.501576e-02  0.000000e+00
  0.751320  -494.564709  -313.238883    0.000000  6.422030e-02  0.000000e+00
  0.751480  -494.433963  -313.177567    0.000000  6.342942e-02  0.000000e+00
  0.751640  -494.302547  -313.117399    0.000000  6.264449e-02  0.000000e+00
  0.751800  -494.170481  -313.058375    0.000000  6.186678e-02  0.000000e+00
  0.751960  -494.037791  -313.000492    0.000000  6.109746e-02  0.000000e+00
  0.752120  -493.904498  -312.943744    0.000000  6.033762e-02  0.000000e+00
  0.752280  -493.770627  -312.888128    0.000000  5.958823e-02  0.000000e+00
  0.752440  -493.636199  -312.833637    0.000000  5.885019e-02  0.000000e+00
  0.752600  -493.501240  -312.780269    0.000000  5.812431e-02  0.000000e+00
  0.752760  -493.365771  -312.728016    0.000000  5.741133e-02  0.000000e+00
  0.752920  -493.229817  -312.676874    0.000000  5.671190e-02  0.000000e+00
  0.753080  -493.093399  -312.626837    0.000000  5.602659e-02  0.000000e+00
  0.753241  -492.956543  -312.577899    0.000000  5.535593e-02  0.000000e+00
  0.753401  -492.819270  -312.530055    0.000000  5.470037e-02  0.000000e+00
  0.753561  -492.681602  -312.483298    0.000000  5.406028e-02  0.000000e+00
  0.753721  -492.543564  -312.437622    0.000000  5.343600e-02  0.000000e+00
  0.753881  -492.405176  -312.393020    0.000000  5.282780e-02  0.000000e+00
  0.754041  -492.266462  -312.349486    0.000000  5.223590e-02  0.000000e+00
  0.754201  -492.127442  -312.307013    0.000000  5.166046e-02  0.000000e+00
  0.754361  -491.988139  -312.265594    0.000000  5.110161e-02  0.000000e+00
  0.754521  -491.848572  -312.225223    0.000000  5.055942e-02  0.000000e+00
  0.754681  -491.708764  -312.185892    0.000000  5.003393e-02  0.000000e+00
  0.754841  -491.568733  -312.147595    0.000000  4.952511e-02  0.000000e+00
  0.755001  -491.428500  -312.110323    0.000000  4.903294e-02  0.000000e+00
  0.755161  -491.288084  -312.074070    0.000000  4.855731e-02  0.000000e+00
  0.755321  -491.147503  -312.038829    0.000000  4.809809e-02  0.000000e+00
  0.755481  -491.006775  -312.004591    0.000000  4.765513e-02  0.000000e+00
  0.755641  -490.865919  -311.971349    0.000000  4.722822e-02  0.000000e+00
  0.755801  -490.724951  -311.939096    0.000000  4.681713e-02  0.000000e+00
  0.755961  -490.583886  -311.907824    0.000000  4.642159e-02  0.000000e+00
  0.756121  -490.442741  -311.877526    0.000000  4.604128e-02  0.000000e+00
  0.756281  -490.301530  -311.848194    0.000000  4.567587e-02  0.000000e+00
  0.756441  -490.160268  -311.819820    0.000000  4.532498e-02  0.000000e+00
  0.756601  -490.018967  -311.792396    0.000000  4.498818e-02  0.000000e+00
  0.756761  -489.877639  -311.765916    0.000000  4.466503e-02  0.000000e+00
  0.756921  -489.736297  -311.740370    0.000000  4.435504e-02  0.000000e+00
  0.757081  -489.594950  -311.715752    0.000000  4.405767e-02  0.000000e+00
  0.757241  -489.453608  -311.692054    0.000000  4.377236e-02  0.000000e+00
  0.757401  -489.312281  -311.669269    0.000000  4.349850e-02  0.000000e+00
  0.757561  -489.170975  -311.647388    0.000000  4.323543e-02  0.000000e+00
  0.757721  -489.029697  -311.626405    0.000000  4.298246e-02  0.000000e+00
  0.757881  -488.888453  -311.606312    0.000000  4.273885e-02  0.000000e+00
  0.758041  -488.747247  -311.587101    0.000000  4.250381e-02  0.000000e+00
  0.758201  -488.606083  -311.568766    0.000000  4.227652e-02  0.000000e+00
  0.758361  -488.464962  -311.551299    0.000000  4.205610e-02  0.000000e+00
  0.758521  -488.323886  -311.534693    0.000000  4.184163e-02  0.000000e+00
  0.758681  -488.182855  -311.518941    0.000000  4.163213e-02  0.000000e+00
  0.758841  -488.041866  -311.504036    0.000000  4.142660e-02  0.000000e+00
  0.759001  -487.900917  -311.489971    0.000000  4.122413e-02  0.000000e+00
  0.759161  -487.760004  -311.476741    0.000000  4.102399e-02  0.000000e+00
  0.759321  -487.619122  -311.464338    0.000000  4.082563e-02  0.000000e+00
  0.759482  -487.478264  -311.452756    0.000000  4.062866e-02  0.000000e+00
  0.759642  -487.337424  -311.441988    0.000000  4.043288e-02  0.000000e+00
  0.759802  -487.196593  -311.432030    0.000000  4.023823e-02  0.000000e+00
  0.759962  -487.055763  -311.422876    0.000000  4.004484e-02  0.000000e+00
  0.760122  -486.914924  -311.414520    0.000000  3.985299e-02  0.000000e+00
  0.760282  -486.774066  -311.406958    0.000000  3.966312e-02  0.000000e+00
  0.760442  -486.633179  -311.400184    0.000000  3.947584e-02  0.000000e+00
  0.760602  -486.492251  -311.394194    0.000000  3.929187e-02  0.000000e+00
  0.760762  -486.351272  -311.388985    0.000000  3.911212e-02  0.000000e+00
  0.760922  -486.210230  -311.384553    0.000000  3.893761e-02  0.000000e+00
  0.761082  -486.069113  -311.380895    0.000000  3.876950e-02  0.000000e+00
  0.761242  -485.927911  -311.378007    0.000000  3.860908e-02  0.000000e+00
  0.761402  -485.786611  -311.375889    0.000000  3.845775e-02  0.000000e+00
  0.761562  -485.645203  -311.374538    0.000000  3.831702e-02  0.000000e+00
  0.761722  -485.503674  -311.373954    0.000000  3.818854e-02  0.000000e+00
  0.761882  -485.362016  -311.374134    0.000000  3.807402e-02  0.000000e+00
  0.762042  -485.220217  -311.375081    0.000000  3.797529e-02  0.000000e+00
  0.762202  -485.078268  -311.376793    0.000000  3.789426e-02  0.000000e+00
  0.762362  -484.936159  -311.379272    0.000000  3.783293e-02  0.000000e+00
  0.762522  -484.793883  -311.382520    0.000000  3.779339e-02  0.000000e+00
  0.762682  -484.651432  -311.386539    0.000000  3.777778e-02  0.000000e+00
  0.762842  -484.508799  -311.391332    0.000000  3.778834e-02  0.000000e+00
  0.763002  -484.365978  -311.396904    0.000000  3.782738e-02  0.000000e+00
  0.763162  -484.222966  -311.403258    0.000000  3.789729e-02  0.000000e+00
  0.763322  -484.079759  -311.410400    0.000000  3.800054e-02  0.000000e+00
  0.763482  -483.936355  -311.418337    0.000000  3.813966e-02  0.000000e+00
  0.763642  -483.792753  -311.427074    0.000000  3.831729e-02  0.000000e+00
  0.763802  -483.648955  -311.436620    0.000000  3.853616e-02  0.000000e+00
  0.763962  -483.504962  -311.446983    0.000000  3.879909e-02  0.000000e+00
  0.764122  -483.360778  -311.458173    0.000000  3.910902e-02  0.000000e+00
  0.764282  -483.216410  -311.470200    0.000000  3.946903e-02  0.000000e+00
  0.764442  -483.071865  -311.483075    0.000000  3.988232e-02  0.000000e+00
  0.764602  -482.927153  -311.496810    0.000000  4.035227e-02  0.000000e+00
  0.764762  -482.782284  -311.511419    0.000000  4.088242e-02  0.000000e+00
  0.764922  -482.637274  -311.526916    0.000000  4.147654e-02  0.000000e+00
  0.765082  -482.492138  -311.543315    0.000000  4.213858e-02  0.000000e+00
  0.765242  -482.346894  -311.560633    0.000000  4.287087e-02  0.000000e+00
  0.765402  -482.201563  -311.578887    0.000000  4.367267e-02  0.000000e+00
  0.765562  -482.056167  -311.598096    0.000000  4.454295e-02  0.000000e+00
  0.765723  -481.910732  -311.618278    0.000000  4.548070e-02  0.000000e+00
  0.765883  -481.765284  -311.639454    0.000000  4.648498e-02  0.000000e+00
  0.766043  -481.619853  -311.661643    0.000000  4.755484e-02  0.000000e+00
  0.766203  -481.474468  -311.684868    0.000000  4.868938e-02  0.000000e+00
  0.766363  -481.329161  -311.709150    0.000000  4.988769e-02  0.000000e+00
  0.766523  -481.183967  -311.734512    0.000000  5.114887e-02  0.000000e+00
  0.766683  -481.038921  -311.760977    0.000000  5.247201e-02  0.000000e+00
  0.766843  -480.894059  -311.788568    0.000000  5.385615e-02  0.000000e+00
  0.767003  -480.749418  -311.817310    0.000000  5.530027e-02  0.000000e+00
  0.767163  -480.605037  -311.847225    0.000000  5.680329e-02  0.000000e+00
  0.767323  -480.460956  -311.878340    0.000000  5.836398e-02  0.000000e+00
  0.767483  -480.317215  -311.910677    0.000000  5.998101e-02  0.000000e+00
  0.767643  -480.173856  -311.944262    0.000000  6.165283e-02  0.000000e+00
  0.767803  -480.030920  -311.979119    0.000000  6.337771e-02  0.000000e+00
  0.767963  -479.888449  -312.015273    0.000000  6.515365e-02  0.000000e+00
  0.768123  -479.746485  -312.052747    0.000000  6.697839e-02  0.000000e+00
  0.768283  -479.605073  -312.091568    0.000000  6.884930e-02  0.000000e+00
  0.768443  -479.464254  -312.131757    0.000000  7.076340e-02  0.000000e+00
  0.768603  -479.324072  -312.173339    0.000000  7.271729e-02  0.000000e+00
  0.768763  -479.184570  -312.216337    0.000000  7.470707e-02  0.000000e+00
  0.768923  -479.045790  -312.260774    0.000000  7.672838e-02  0.000000e+00
  0.769083  -478.907774  -312.306673    0.000000  7.877625e-02  0.000000e+00
  0.769243  -478.770566  -312.354054    0.000000  8.084514e-02  0.000000e+00
  0.769403  -478.634205  -312.402938    0.000000  8.292886e-02  0.000000e+00
  0.769563  -478.498733  -312.453347    0.000000  8.502054e-02  0.000000e+00
  0.769723  -478.364190  -312.505299    0.000000  8.711258e-02  0.000000e+00
  0.769883  -478.230614  -312.558813    0.000000  8.919665e-02  0.000000e+00
  0.770043  -478.098044  -312.613907    0.000000  9.126367e-02  0.000000e+00
  0.770203  -477.966517  -312.670597    0.000000  9.330377e-02  0.000000e+00
  0.770363  -477.836068  -312.728900    0.000000  9.530632e-02  0.000000e+00
  0.770523  -477.706731  -312.788828    0.000000  9.725993e-02  0.000000e+00
  0.770683  -477.578539  -312.850396    0.000000  9.915246e-02  0.000000e+00
  0.770843  -477.451524  -312.913616    0.000000  1.009711e-01  0.000000e+00
  0.771003  -477.325715  -312.978498    0.000000  1.027025e-01  0.000000e+00
  0.771163  -477.201138  -313.045051    0.000000  1.043325e-01  0.000000e+00
  0.771323  -477.077821  -313.113284    0.000000  1.058467e-01  0.000000e+00
  0.771483  -476.955787  -313.183201    0.000000  1.072303e-01  0.000000e+00
  0.771643  -476.835056  -313.254809    0.000000  1.084682e-01  0.000000e+00
  0.771803  -476.715649  -313.328109    0.000000  1.095452e-01  0.000000e+00
  0.771964  -476.597582  -313.403104    0.000000  1.104464e-01  0.000000e+00
  0.772124  -476.480869  -313.479791    0.000000  1.111567e-01  0.000000e+00
  0.772284  -476.365521  -313.558170    0.000000  1.116617e-01  0.000000e+00
  0.772444  -476.251548  -313.638234    0.000000  1.119474e-01  0.000000e+00
  0.772604  -476.138956  -313.719978    0.000000  1.120006e-01  0.000000e+00
  0.772764  -476.027747  -313.803393    0.000000  1.118091e-01  0.000000e+00
  0.772924  -475.917921  -313.888469    0.000000  1.113615e-01  0.000000e+00
  0.773084  -475.809475  -313.975191    0.000000  1.106476e-01  0.000000e+00
  0.773244  -475.702402  -314.063546    0.000000  1.096619e-01  0.000000e+00
  0.773404  -475.596692  -314.153514    0.000000  1.084089e-01  0.000000e+00
  0.773564  -475.492332  -314.245078    0.000000  1.068967e-01  0.000000e+00
  0.773724  -475.389304  -314.338213    0.000000  1.051350e-01  0.000000e+00
  0.773884  -475.287591  -314.432897    0.000000  1.031350e-01  0.000000e+00
  0.774044  -475.187168  -314.529102    0.000000  1.009091e-01  0.000000e+00
  0.774204  -475.088011  -314.626801    0.000000  9.847107e-02  0.000000e+00
  0.774364  -474.990092  -314.725963    0.000000  9.583525e-02  0.000000e+00
  0.774524  -474.893379  -314.826556    0.000000  9.301679e-02  0.000000e+00
  0.774684  -474.797842  -314.928546    0.000000  9.003126e-02  0.000000e+00
  0.774844  -474.703443  -315.031898    0.000000  8.689442e-02  0.000000e+00
  0.775004  -474.610147  -315.136574    0.000000  8.362209e-02  0.000000e+00
  0.775164  -474.517913  -315.242535    0.000000  8.022988e-02  0.000000e+00
  0.775324  -474.426700  -315.349741    0.000000  7.673311e-02  0.000000e+00
  0.775484  -474.336466  -315.458150    0.000000  7.314660e-02  0.000000e+00
  0.775644  -474.247166  -315.567719    0.000000  6.948457e-02  0.000000e+00
  0.775804  -474.158753  -315.678404    0.000000  6.576056e-02  0.000000e+00
  0.775964  -474.071181  -315.790157    0.000000  6.198734e-02  0.000000e+00
  0.776124  -473.984401  -315.902933    0.000000  5.817686e-02  0.000000e+00
  0.776284  -473.898362  -316.016684    0.000000  5.434022e-02  0.000000e+00
  0.776444  -473.813014  -316.131359    0.000000  5.048764e-02  0.000000e+00
  0.776604  -473.728305  -316.246909    0.000000  4.662850e-02  0.000000e+00
  0.776764  -473.644183  -316.363284    0.000000  4.277132e-02  0.000000e+00
  0.776924  -473.560595  -316.480430    0.000000  3.892383e-02  0.000000e+00
  0.777084  -473.477486  -316.598295    0.000000  3.509297e-02  0.000000e+00
  0.777244  -473.394804  -316.716827    0.000000  3.128497e-02  0.000000e+00
  0.777404  -473.312495  -316.835971    0.000000  2.750537e-02  0.000000e+00
  0.777564  -473.230503  -316.955672    0.000000  2.375914e-02  0.000000e+00
  0.777724  -473.148775  -317.075875    0.000000  2.005066e-02  0.000000e+00
  0.777884  -473.067257  -317.196526    0.000000  1.638387e-02  0.000000e+00
  0.778044  -472.985895  -317.317568    0.000000  1.276226e-02  0.000000e+00
  0.778205  -472.904635  -317.438944    0.000000  9.188973e-03  0.000000e+00
  0.778365  -472.823426  -317.560599    0.000000  5.666868e-03  0.000000e+00
  0.778525  -472.742214  -317.682477    0.000000  2.198558e-03  0.000000e+00
  0.778685  -472.660949  -317.804520    0.000000  1.213518e-03  0.000000e+00
  0.778845  -472.579581  -317.926671    0.000000  4.567047e-03  0.000000e+00
  0.779005  -472.498059  -318.048875    0.000000  7.859793e-03  0.000000e+00
  0.779165  -472.416336  -318.171075    0.000000  1.108955e-02  0.000000e+00
  0.779325  -472.334364  -318.293215    0.000000  1.425409e-02  0.000000e+00
  0.779485  -472.252100  -318.415238    0.000000  1.735116e-02  0.000000e+00
  0.779645  -472.169497  -318.537090    0.000000  2.037873e-02  0.000000e+00
  0.779805  -472.086516  -318.658714    0.000000  2.333861e-02  0.000000e+00
  0.779965  -472.003115  -318.780056    0.000000  2.623489e-02  0.000000e+00
  0.780125  -471.919254  -318.901061    0.000000  2.907150e-02  0.000000e+00
  0.780285  -471.834899  -319.021677    0.000000  3.185211e-02  0.000000e+00
  0.780445  -471.750012  -319.141848    0.000000  3.458016e-02  0.000000e+00
  0.780605  -471.664560  -319.261524    0.000000  3.725879e-02  0.000000e+00
  0.780765  -471.578510  -319.380651    0.000000  3.989088e-02  0.000000e+00
  0.780925  -471.491833  -319.499178    0.000000  4.247899e-02  0.000000e+00
  0.781085  -471.404498  -319.617054    0.000000  4.502540e-02  0.000000e+00
  0.781245  -471.316478  -319.734231    0.000000  4.753205e-02  0.000000e+00
  0.781405  -471.227747  -319.850657    0.000000  5.000057e-02  0.000000e+00
  0.781565  -471.138279  -319.966286    0.000000  5.243227e-02  0.000000e+00
  0.781725  -471.048052  -320.081068    0.000000  5.482809e-02  0.000000e+00
  0.781885  -470.957043  -320.194959    0.000000  5.718866e-02  0.000000e+00
  0.782045  -470.865231  -320.307912    0.000000  5.951424e-02  0.000000e+00
  0.782205  -470.772597  -320.419882    0.000000  6.180474e-02  0.000000e+00
  0.782365  -470.679123  -320.530825    0.000000  6.405969e-02  0.000000e+00
  0.782525  -470.584792  -320.640699    0.000000  6.627830e-02  0.000000e+00
  0.782685  -470.489588  -320.749462    0.000000  6.845937e-02  0.000000e+00
  0.782845  -470.393496  -320.857074    0.000000  7.060136e-02  0.000000e+00
  0.783005  -470.296504  -320.963495    0.000000  7.270234e-02  0.000000e+00
  0.783165  -470.198599  -321.068687    0.000000  7.476003e-02  0.000000e+00
  0.783325  -470.099770  -321.172612    0.000000  7.677179e-02  0.000000e+00
  0.783485  -470.000006  -321.275236    0.000000  7.873463e-02  0.000000e+00
  0.783645  -469.899299  -321.376523    0.000000  8.064519e-02  0.000000e+00
  0.783805  -469.797642  -321.476441    0.000000  8.249981e-02  0.000000e+00
  0.783965  -469.695026  -321.574957    0.000000  8.429450e-02  0.000000e+00
  0.784125  -469.591446  -321.672042    0.000000  8.602497e-02  0.000000e+00
  0.784285  -469.486896  -321.767667    0.000000  8.768664e-02  0.000000e+00
  0.784446  -469.381374  -321.861803    0.000000  8.927471e-02  0.000000e+00
  0.784606  -469.274874  -321.954426    0.000000  9.078415e-02  0.000000e+00
  0.784766  -469.167395  -322.045510    0.000000  9.220972e-02  0.000000e+00
  0.784926  -469.058936  -322.135033    0.000000  9.354606e-02  0.000000e+00
  0.785086  -468.949494  -322.222974    0.000000  9.478768e-02  0.000000e+00
  0.785246  -468.839070  -322.309313    0.000000  9.592904e-02  0.000000e+00
  0.785406  -468.727665  -322.394033    0.000000  9.696456e-02  0.000000e+00
  0.785566  -468.615280  -322.477117    0.000000  9.788869e-02  0.000000e+00
  0.785726  -468.501917  -322.558552    0.000000  9.869599e-02  0.000000e+00
  0.785886  -468.387578  -322.638324    0.000000  9.938111e-02  0.000000e+00
  0.786046  -468.272266  -322.716423    0.000000  9.993891e-02  0.000000e+00
  0.786206  -468.155987  -322.792840    0.000000  1.003645e-01  0.000000e+00
  0.786366  -468.038742  -322.867570    0.000000  1.006532e-01  0.000000e+00
  0.786526  -467.920539  -322.940605    0.000000  1.008007e-01  0.000000e+00
  0.786686  -467.801381  -323.011945    0.000000  1.008032e-01  0.000000e+00
  0.786846  -467.681275  -323.081588    0.000000  1.006581e-01  0.000000e+00
  0.787006  -467.560227  -323.149535    0.000000  1.003645e-01  0.000000e+00
  0.787166  -467.438243  -323.215790    0.000000  9.992238e-02  0.000000e+00
  0.787326  -467.315332  -323.280357    0.000000  9.933240e-02  0.000000e+00
  0.787486  -467.191500  -323.343244    0.000000  9.859596e-02  0.000000e+00
  0.787646  -467.066756  -323.404460    0.000000  9.771523e-02  0.000000e+00
  0.787806  -466.941108  -323.464017    0.000000  9.669306e-02  0.000000e+00
  0.787966  -466.814565  -323.521926    0.000000  9.553297e-02  0.000000e+00
  0.788126  -466.687138  -323.578202    0.000000  9.423907e-02  0.000000e+00
  0.788286  -466.558836  -323.632863    0.000000  9.281605e-02  0.000000e+00
  0.788446  -466.429671  -323.685925    0.000000  9.126907e-02  0.000000e+00
  0.788606  -466.299652  -323.737411    0.000000  8.960371e-02  0.000000e+00
  0.788766  -466.168794  -323.787340    0.000000  8.782590e-02  0.000000e+00
  0.788926  -466.037107  -323.835737    0.000000  8.594184e-02  0.000000e+00
  0.789086  -465.904604  -323.882626    0.000000  8.395796e-02  0.000000e+00
  0.789246  -465.771300  -323.928035    0.000000  8.188078e-02  0.000000e+00
  0.789406  -465.637208  -323.971991    0.000000  7.971691e-02  0.000000e+00
  0.789566  -465.502343  -324.014526    0.000000  7.747292e-02  0.000000e+00
  0.789726  -465.366721  -324.055669    0.000000  7.515532e-02  0.000000e+00
  0.789886  -465.230358  -324.095455    0.000000  7.277049e-02  0.000000e+00
  0.790046  -465.093269  -324.133917    0.000000  7.032461e-02  0.000000e+00
  0.790206  -464.955473  -324.171092    0.000000  6.782362e-02  0.000000e+00
  0.790366  -464.816987  -324.207017    0.000000  6.527318e-02  0.000000e+00
  0.790526  -464.677830  -324.241731    0.000000  6.267863e-02  0.000000e+00
  0.790687  -464.538021  -324.275274    0.000000  6.004497e-02  0.000000e+00
  0.790847  -464.397580  -324.307688    0.000000  5.737679e-02  0.000000e+00
  0.791007  -464.256528  -324.339014    0.000000  5.467832e-02  0.000000e+00
  0.791167  -464.114885  -324.369299    0.000000  5.195333e-02  0.000000e+00
  0.791327  -463.972674  -324.398586    0.000000  4.920521e-02  0.000000e+00
  0.791487  -463.829917  -324.426923    0.000000  4.643688e-02  0.000000e+00
  0.791647  -463.686639  -324.454357    0.000000  4.365084e-02  0.000000e+00
  0.791807  -463.542862  -324.480938    0.000000  4.084914e-02  0.000000e+00
  0.791967  -463.398612  -324.506715    0.000000  3.803342e-02  0.000000e+00
  0.792127  -463.253915  -324.531740    0.000000  3.520486e-02  0.000000e+00
  0.792287  -463.108796  -324.556065    0.000000  3.236422e-02  0.000000e+00
  0.792447  -462.963284  -324.579743    0.000000  2.951187e-02  0.000000e+00
  0.792607  -462.817405  -324.602830    0.000000  2.664774e-02  0.000000e+00
  0.792767  -462.671189  -324.625380    0.000000  2.377138e-02  0.000000e+00
  0.792927  -462.524665  -324.647450    0.000000  2.088195e-02  0.000000e+00
  0.793087  -462.377864  -324.669097    0.000000  1.797821e-02  0.000000e+00
  0.793247  -462.230816  -324.690379    0.000000  1.505859e-02  0.000000e+00
  0.793407  -462.083554  -324.711356    0.000000  1.212112e-02  0.000000e+00
  0.793567  -461.936110  -324.732088    0.000000  9.163516e-03  0.000000e+00
  0.793727  -461.788519  -324.752635    0.000000  6.183120e-03  0.000000e+00
  0.793887  -461.640813  -324.773059    0.000000  3.177002e-03  0.000000e+00
  0.794047  -461.493030  -324.793423    0.000000  1.434622e-04  0.000000e+00
  0.794207  -461.345204  -324.813790    0.000000  2.917569e-03  0.000000e+00
  0.794367  -461.197374  -324.834222    0.000000  6.006322e-03  0.000000e+00
  0.794527  -461.049575  -324.854786    0.000000  9.123252e-03  0.000000e+00
  0.794687  -460.901848  -324.875544    0.000000  1.226898e-02  0.000000e+00
  0.794847  -460.754230  -324.896563    0.000000  1.544425e-02  0.000000e+00
  0.795007  -460.606761  -324.917907    0.000000  1.864986e-02  0.000000e+00
  0.795167  -460.459480  -324.939642    0.000000  2.188660e-02  0.000000e+00
  0.795327  -460.312427  -324.961833    0.000000  2.515519e-02  0.000000e+00
  0.795487  -460.165643  -324.984545    0.000000  2.845623e-02  0.000000e+00
  0.795647  -460.019167  -325.007842    0.000000  3.179013e-02  0.000000e+00
  0.795807  -459.873041  -325.031791    0.000000  3.515703e-02  0.000000e+00
  0.795967  -459.727305  -325.056455    0.000000  3.855674e-02  0.000000e+00
  0.796127  -459.581999  -325.081898    0.000000  4.198866e-02  0.000000e+00
  0.796287  -459.437163  -325.108184    0.000000  4.545174e-02  0.000000e+00
  0.796447  -459.292838  -325.135374    0.000000  4.894433e-02  0.000000e+00
  0.796607  -459.149063  -325.163530    0.000000  5.246417e-02  0.000000e+00
  0.796767  -459.005879  -325.192715    0.000000  5.600829e-02  0.000000e+00
  0.796928  -458.863323  -325.222986    0.000000  5.957293e-02  0.000000e+00
  0.797088  -458.721434  -325.254404    0.000000  6.315344e-02  0.000000e+00
  0.797248  -458.580252  -325.287026    0.000000  6.674427e-02  0.000000e+00
  0.797408  -458.439812  -325.320908    0.000000  7.033881e-02  0.000000e+00
  0.797568  -458.300152  -325.356105    0.000000  7.392942e-02  0.000000e+00
  0.797728  -458.161307  -325.392670    0.000000  7.750731e-02  0.000000e+00
  0.797888  -458.023312  -325.430656    0.000000  8.106253e-02  0.000000e+00
  0.798048  -457.886202  -325.470113    0.000000  8.458394e-02  0.000000e+00
  0.798208  -457.750010  -325.511089    0.000000  8.805920e-02  0.000000e+00
  0.798368  -457.614767  -325.553630    0.000000  9.147479e-02  0.000000e+00
  0.798528  -457.480504  -325.597780    0.000000  9.481602e-02  0.000000e+00
  0.798688  -457.347251  -325.643584    0.000000  9.806712e-02  0.000000e+00
  0.798848  -457.215037  -325.691080    0.000000  1.012113e-01  0.000000e+00
  0.799008  -457.083887  -325.740306    0.000000  1.042310e-01  0.000000e+00
  0.799168  -456.953828  -325.791298    0.000000  1.071078e-01  0.000000e+00
  0.799328  -456.824883  -325.844090    0.000000  1.098227e-01  0.000000e+00
  0.799488  -456.697075  -325.898711    0.000000  1.123566e-01  0.000000e+00
  0.799648  -456.570424  -325.955189    0.000000  1.146901e-01  0.000000e+00
  0.799808  -456.444949  -326.013550    0.000000  1.168041e-01  0.000000e+00
  0.799968  -456.320668  -326.073815    0.000000  1.186798e-01  0.000000e+00
  0.800128  -456.197595  -326.136004    0.000000  1.202994e-01  0.000000e+00
  0.800288  -456.075744  -326.200132    0.000000  1.216458e-01  0.000000e+00
  0.800448  -455.955125  -326.266212    0.000000  1.227034e-01  0.000000e+00
  0.800608  -455.835749  -326.334254    0.000000  1.234583e-01  0.000000e+00
  0.800768  -455.717621  -326.404265    0.000000  1.238982e-01  0.000000e+00
  0.800928  -455.600746  -326.476245    0.000000  1.240129e-01  0.000000e+00
  0.801088  -455.485127  -326.550196    0.000000  1.237946e-01  0.000000e+00
  0.801248  -455.370763  -326.626111    0.000000  1.232374e-01  0.000000e+00
  0.801408  -455.257652  -326.703983    0.000000  1.223435e-01  0.000000e+00
  0.801568  -455.145788  -326.783800    0.000000  1.211261e-01  0.000000e+00
  0.801728  -455.035165  -326.865545    0.000000  1.196012e-01  0.000000e+00
  0.801888  -454.925771  -326.949199    0.000000  1.177868e-01  0.000000e+00
  0.802048  -454.817595  -327.034739    0.000000  1.157023e-01  0.000000e+00
  0.802208  -454.710623  -327.122139    0.000000  1.133679e-01  0.000000e+00
  0.802368  -454.604838  -327.211370    0.000000  1.108048e-01  0.000000e+00
  0.802528  -454.500221  -327.302399    0.000000  1.080346e-01  0.000000e+00
  0.802688  -454.396753  -327.395192    0.000000  1.050789e-01  0.000000e+00
  0.802848  -454.294411  -327.489711    0.000000  1.019590e-01  0.000000e+00
  0.803008  -454.193171  -327.585915    0.000000  9.869605e-02  0.000000e+00
  0.803169  -454.093008  -327.683761    0.000000  9.531027e-02  0.000000e+00
  0.803329  -453.993895  -327.783205    0.000000  9.182108e-02  0.000000e+00
  0.803489  -453.895802  -327.884198    0.000000  8.824687e-02  0.000000e+00
  0.803649  -453.798701  -327.986692    0.000000  8.460488e-02  0.000000e+00
  0.803809  -453.702559  -328.090636    0.000000  8.091109e-02  0.000000e+00
  0.803969  -453.607345  -328.195976    0.000000  7.718022e-02  0.000000e+00
  0.804129  -453.513024  -328.302658    0.000000  7.342569e-02  0.000000e+00
  0.804289  -453.419562  -328.410625    0.000000  6.965961e-02  0.000000e+00
  0.804449  -453.326923  -328.519821    0.000000  6.589283e-02  0.000000e+00
  0.804609  -453.235071  -328.630187    0.000000  6.213497e-02  0.000000e+00
  0.804769  -453.143968  -328.741663    0.000000  5.839451e-02  0.000000e+00
  0.804929  -453.053576  -328.854189    0.000000  5.467884e-02  0.000000e+00
  0.805089  -452.963857  -328.967703    0.000000  5.099435e-02  0.000000e+00
  0.805249  -452.874771  -329.082143    0.000000  4.734654e-02  0.000000e+00
  0.805409  -452.786279  -329.197447    0.000000  4.374007e-02  0.000000e+00
  0.805569  -452.698341  -329.313552    0.000000  4.017892e-02  0.000000e+00
  0.805729  -452.610917  -329.430395    0.000000  3.666643e-02  0.000000e+00
  0.805889  -452.523966  -329.547912    0.000000  3.320544e-02  0.000000e+00
  0.806049  -452.437447  -329.666041    0.000000  2.979836e-02  0.000000e+00
  0.806209  -452.351320  -329.784718    0.000000  2.644727e-02  0.000000e+00
  0.806369  -452.265544  -329.903881    0.000000  2.315399e-02  0.000000e+00
  0.806529  -452.180080  -330.023468    0.000000  1.992021e-02  0.000000e+00
  0.806689  -452.094887  -330.143417    0.000000  1.674753e-02  0.000000e+00
  0.806849  -452.009925  -330.263668    0.000000  1.363756e-02  0.000000e+00
  0.807009  -451.925155  -330.384159    0.000000  1.059198e-02  0.000000e+00
  0.807169  -451.840538  -330.504833    0.000000  7.612625e-03  0.000000e+00
  0.807329  -451.756036  -330.625632    0.000000  4.701536e-03  0.000000e+00
  0.807489  -451.671611  -330.746499    0.000000  1.861035e-03  0.000000e+00
  0.807649  -451.587227  -330.867379    0.000000  9.062298e-04  0.000000e+00
  0.807809  -451.502847  -330.988218    0.000000  3.597224e-03  0.000000e+00
  0.807969  -451.418436  -331.108965    0.000000  6.208481e-03  0.000000e+00
  0.808129  -451.333961  -331.229569    0.000000  8.736699e-03  0.000000e+00
  0.808289  -451.249388  -331.349983    0.000000  1.118345e-02  0.000000e+00
  0.808449  -451.164686  -331.470161    0.000000  1.355254e-02  0.000000e+00
  0.808609  -451.079824  -331.590059    0.000000  1.584739e-02  0.000000e+00
  0.808769  -450.994772  -331.709634    0.000000  1.807105e-02  0.000000e+00
  0.808929  -450.909502  -331.828846    0.000000  2.022620e-02  0.000000e+00
  0.809089  -450.823985  -331.947656    0.000000  2.231519e-02  0.000000e+00
  0.809249  -450.738197  -332.066028    0.000000  2.434007e-02  0.000000e+00
  0.809410  -450.652110  -332.183927    0.000000  2.630261e-02  0.000000e+00
  0.809570  -450.565701  -332.301319    0.000000  2.820431e-02  0.000000e+00
  0.809730  -450.478946  -332.418174    0.000000  3.004643e-02  0.000000e+00
  0.809890  -450.391823  -332.534460    0.000000  3.183002e-02  0.000000e+00
  0.810050  -450.304308  -332.650149    0.000000  3.355593e-02  0.000000e+00
  0.810210  -450.216383  -332.765214    0.000000  3.522484e-02  0.000000e+00
  0.810370  -450.128027  -332.879631    0.000000  3.683726e-02  0.000000e+00
  0.810530  -450.039220  -332.993374    0.000000  3.839358e-02  0.000000e+00
  0.810690  -449.949945  -333.106422    0.000000  3.989409e-02  0.000000e+00
  0.810850  -449.860184  -333.218753    0.000000  4.133895e-02  0.000000e+00
  0.811010  -449.769922  -333.330347    0.000000  4.272828e-02  0.000000e+00
  0.811170  -449.679141  -333.441185    0.000000  4.406212e-02  0.000000e+00
  0.811330  -449.587828  -333.551251    0.000000  4.534048e-02  0.000000e+00
  0.811490  -449.495968  -333.660527    0.000000  4.656336e-02  0.000000e+00
  0.811650  -449.403547  -333.769000    0.000000  4.773074e-02  0.000000e+00
  0.811810  -449.310553  -333.876654    0.000000  4.884263e-02  0.000000e+00
  0.811970  -449.216975  -333.983478    0.000000  4.989904e-02  0.000000e+00
  0.812130  -449.122800  -334.089459    0.000000  5.090007e-02  0.000000e+00
  0.812290  -449.028018  -334.194587    0.000000  5.184583e-02  0.000000e+00
  0.812450  -448.932619  -334.298852    0.000000  5.273653e-02  0.000000e+00
  0.812610  -448.836593  -334.402245    0.000000  5.357245e-02  0.000000e+00
  0.812770  -448.739933  -334.504757    0.000000  5.435398e-02  0.000000e+00
  0.812930  -448.642630  -334.606382    0.000000  5.508160e-02  0.000000e+00
  0.813090  -448.544676  -334.707114    0.000000  5.575589e-02  0.000000e+00
  0.813250  -448.446065  -334.806945    0.000000  5.637758e-02  0.000000e+00
  0.813410  -448.346789  -334.905873    0.000000  5.694750e-02  0.000000e+00
  0.813570  -448.246844  -335.003892    0.000000  5.746662e-02  0.000000e+00
  0.813730  -448.146224  -335.100998    0.000000  5.793603e-02  0.000000e+00
  0.813890  -448.044923  -335.197189    0.000000  5.835698e-02  0.000000e+00
  0.814050  -447.942937  -335.292462    0.000000  5.873082e-02  0.000000e+00
  0.814210  -447.840263  -335.386815    0.000000  5.905907e-02  0.000000e+00
  0.814370  -447.736897  -335.480246    0.000000  5.934336e-02  0.000000e+00
  0.814530  -447.632836  -335.572754    0.000000  5.958545e-02  0.000000e+00
  0.814690  -447.528077  -335.664339    0.000000  5.978724e-02  0.000000e+00
  0.814850  -447.422617  -335.755000    0.000000  5.995074e-02  0.000000e+00
  0.815010  -447.316455  -335.844737    0.000000  6.007808e-02  0.000000e+00
  0.815170  -447.209589  -335.933550    0.000000  6.017150e-02  0.000000e+00
  0.815330  -447.102018  -336.021438    0.000000  6.023302e-02  0.000000e+00
  0.815490  -446.993740  -336.108404    0.000000  6.026350e-02  0.000000e+00
  0.815651  -446.884756  -336.194447    0.000000  6.026351e-02  0.000000e+00
  0.815811  -446.775064  -336.279569    0.000000  6.023369e-02  0.000000e+00
  0.815971  -446.664664  -336.363770    0.000000  6.017472e-02  0.000000e+00
  0.816131  -446.553557  -336.447051    0.000000  6.008733e-02  0.000000e+00
  0.816291  -446.441744  -336.529415    0.000000  5.997231e-02  0.000000e+00
  0.816451  -446.329224  -336.610861    0.000000  5.983048e-02  0.000000e+00
  0.816611  -446.215999  -336.691392    0.000000  5.966271e-02  0.000000e+00
  0.816771  -446.102070  -336.771010    0.000000  5.946989e-02  0.000000e+00
  0.816931  -445.987439  -336.849716    0.000000  5.925296e-02  0.000000e+00
  0.817091  -445.872107  -336.927512    0.000000  5.901288e-02  0.000000e+00
  0.817251  -445.756077  -337.004401    0.000000  5.875065e-02  0.000000e+00
  0.817411  -445.639352  -337.080384    0.000000  5.846727e-02  0.000000e+00
  0.817571  -445.521933  -337.155463    0.000000  5.816378e-02  0.000000e+00
  0.817731  -445.403823  -337.229642    0.000000  5.784122e-02  0.000000e+00
  0.817891  -445.285026  -337.302922    0.000000  5.750066e-02  0.000000e+00
  0.818051  -445.165545  -337.375307    0.000000  5.714316e-02  0.000000e+00
  0.818211  -445.045384  -337.446798    0.000000  5.676980e-02  0.000000e+00
  0.818371  -444.924547  -337.517398    0.000000  5.638166e-02  0.000000e+00
  0.818531  -444.803037  -337.587110    0.000000  5.597981e-02  0.000000e+00
  0.818691  -444.680859  -337.655938    0.000000  5.556532e-02  0.000000e+00
  0.818851  -444.558017  -337.723883    0.000000  5.513927e-02  0.000000e+00
  0.819011  -444.434516  -337.790948    0.000000  5.470271e-02  0.000000e+00
  0.819171  -444.310362  -337.857137    0.000000  5.425669e-02  0.000000e+00
  0.819331  -444.185559  -337.922453    0.000000  5.380225e-02  0.000000e+00
  0.819491  -444.060113  -337.986898    0.000000  5.334041e-02  0.000000e+00
  0.819651  -443.934029  -338.050476    0.000000  5.287218e-02  0.000000e+00
  0.819811  -443.807314  -338.113189    0.000000  5.239853e-02  0.000000e+00
  0.819971  -443.679973  -338.175042    0.000000  5.192044e-02  0.000000e+00
  0.820131  -443.552012  -338.236036    0.000000  5.143885e-02  0.000000e+00
  0.820291  -443.423438  -338.296175    0.000000  5.095469e-02  0.000000e+00
  0.820451  -443.294257  -338.355462    0.000000  5.046885e-02  0.000000e+00
  0.820611  -443.164477  -338.413900    0.000000  4.998222e-02  0.000000e+00
  0.820771  -443.034104  -338.471492    0.000000  4.949563e-02  0.000000e+00
  0.820931  -442.903145  -338.528242    0.000000  4.900993e-02  0.000000e+00
  0.821091  -442.771608  -338.584152    0.000000  4.852592e-02  0.000000e+00
  0.821251  -442.639500  -338.639225    0.000000  4.804436e-02  0.000000e+00
  0.821411  -442.506829  -338.693464    0.000000  4.756602e-02  0.000000e+00
  0.821571  -442.373602  -338.746873    0.000000  4.709162e-02  0.000000e+00
  0.821731  -442.239828  -338.799454    0.000000  4.662186e-02  0.000000e+00
  0.821892  -442.105515  -338.851209    0.000000  4.615741e-02  0.000000e+00
  0.822052  -441.970670  -338.902142    0.000000  4.569893e-02  0.000000e+00
  0.822212  -441.835303  -338.952255    0.000000  4.524705e-02  0.000000e+00
  0.822372  -441.699422  -339.001551    0.000000  4.480237e-02  0.000000e+00
  0.822532  -441.563035  -339.050033    0.000000  4.436548e-02  0.000000e+00
  0.822692  -441.426152  -339.097703    0.000000  4.393693e-02  0.000000e+00
  0.822852  -441.288781  -339.144563    0.000000  4.351726e-02  0.000000e+00
  0.823012  -441.150932  -339.190615    0.000000  4.310700e-02  0.000000e+00
  0.823172  -441.012613  -339.235863    0.000000  4.270664e-02  0.000000e+00
  0.823332  -440.873834  -339.280307    0.000000  4.231665e-02  0.000000e+00
  0.823492  -440.734605  -339.323951    0.000000  4.193751e-02  0.000000e+00
  0.823652  -440.594935  -339.366795    0.000000  4.156966e-02  0.000000e+00
  0.823812  -440.454834  -339.408841    0.000000  4.121352e-02  0.000000e+00
  0.823972  -440.314311  -339.450092    0.000000  4.086952e-02  0.000000e+00
  0.824132  -440.173377  -339.490548    0.000000  4.053804e-02  0.000000e+00
  0.824292  -440.032041  -339.530211    0.000000  4.021948e-02  0.000000e+00
  0.824452  -439.890313  -339.569083    0.000000  3.991422e-02  0.000000e+00
  0.824612  -439.748204  -339.607163    0.000000  3.962260e-02  0.000000e+00
  0.824772  -439.605724  -339.644454    0.000000  3.934500e-02  0.000000e+00
  0.824932  -439.462883  -339.680956    0.000000  3.908174e-02  0.000000e+00
  0.825092  -439.319692  -339.716669    0.000000  3.883317e-02  0.000000e+00
  0.825252  -439.176161  -339.751594    0.000000  3.859962e-02  0.000000e+00
  0.825412  -439.032300  -339.785731    0.000000  3.838140e-02  0.000000e+00
  0.825572  -438.888121  -339.819080    0.000000  3.817883e-02  0.000000e+00
  0.825732  -438.743634  -339.851641    0.000000  3.799222e-02  0.000000e+00
  0.825892  -438.598849  -339.883413    0.000000  3.782187e-02  0.000000e+00
  0.826052  -438.453778  -339.914397    0.000000  3.766809e-02  0.000000e+00
  0.826212  -438.308431  -339.944591    0.000000  3.753118e-02  0.000000e+00
  0.826372  -438.162819  -339.973995    0.000000  3.741143e-02  0.000000e+00
  0.826532  -438.016954  -340.002606    0.000000  3.730914e-02  0.000000e+00
  0.826692  -437.870846  -340.030424    0.000000  3.722461e-02  0.000000e+00
  0.826852  -437.724506  -340.057448    0.000000  3.715814e-02  0.000000e+00
  0.827012  -437.577945  -340.083675    0.000000  3.711001e-02  0.000000e+00
  0.827172  -437.431175  -340.109103    0.000000  3.708054e-02  0.000000e+00
  0.827332  -437.284206  -340.133730    0.000000  3.707000e-02  0.000000e+00
  0.827492  -437.137049  -340.157553    0.000000  3.707872e-02  0.000000e+00
  0.827652  -436.989717  -340.180569    0.000000  3.710699e-02  0.000000e+00
  0.827812  -436.842219  -340.202776    0.000000  3.715511e-02  0.000000e+00
  0.827972  -436.694567  -340.224170    0.000000  3.722340e-02  0.000000e+00
  0.828133  -436.546773  -340.244747    0.000000  3.731216e-02  0.000000e+00
  0.828293  -436.398847  -340.264503    0.000000  3.742171e-02  0.000000e+00
  0.828453  -436.250800  -340.283434    0.000000  3.755238e-02  0.000000e+00
  0.828613  -436.102645  -340.301536    0.000000  3.770447e-02  0.000000e+00
  0.828773  -435.954391  -340.318804    0.000000  3.787832e-02  0.000000e+00
  0.828933  -435.806050  -340.335232    0.000000  3.807425e-02  0.000000e+00
  0.829093  -435.657634  -340.350815    0.000000  3.829259e-02  0.000000e+00
  0.829253  -435.509153  -340.365548    0.000000  3.853367e-02  0.000000e+00
  0.829413  -435.360618  -340.379424    0.000000  3.879783e-02  0.000000e+00
  0.829573  -435.212041  -340.392437    0.000000  3.908540e-02  0.000000e+00
  0.829733  -435.063432  -340.404581    0.000000  3.939671e-02  0.000000e+00
  0.829893  -434.914803  -340.415848    0.000000  3.973210e-02  0.000000e+00
  0.830053  -434.766165  -340.426231    0.000000  4.009189e-02  0.000000e+00
  0.830213  -434.617528  -340.435722    0.000000  4.047611e-02  0.000000e+00
  0.830373  -434.468903  -340.444313    0.000000  4.088416e-02  0.000000e+00
  0.830533  -434.320301  -340.451995    0.000000  4.131541e-02  0.000000e+00
  0.830693  -434.171733  -340.458761    0.000000  4.176924e-02  0.000000e+00
  0.830853  -434.023210  -340.464600    0.000000  4.224498e-02  0.000000e+00
  0.831013  -433.874742  -340.469504    0.000000  4.274200e-02  0.000000e+00
  0.831173  -433.726341  -340.473463    0.000000  4.325965e-02  0.000000e+00
  0.831333  -433.578016  -340.476468    0.000000  4.379726e-02  0.000000e+00
  0.831493  -433.429778  -340.478507    0.000000  4.435417e-02  0.000000e+00
  0.831653  -433.281639  -340.479571    0.000000  4.492970e-02  0.000000e+00
  0.831813  -433.133608  -340.479649    0.000000  4.552316e-02  0.000000e+00
  0.831973  -432.985697  -340.478731    0.000000  4.613385e-02  0.000000e+00
  0.832133  -432.837915  -340.476805    0.000000  4.676104e-02  0.000000e+00
  0.832293  -432.690273  -340.473861    0.000000  4.740402e-02  0.000000e+00
  0.832453  -432.542783  -340.469888    0.000000  4.806203e-02  0.000000e+00
  0.832613  -432.395454  -340.464873    0.000000  4.873430e-02  0.000000e+00
  0.832773  -432.248297  -340.458806    0.000000  4.942005e-02  0.000000e+00
  0.832933  -432.101323  -340.451676    0.000000  5.011849e-02  0.000000e+00
  0.833093  -431.954542  -340.443469    0.000000  5.082878e-02  0.000000e+00
  0.833253  -431.807965  -340.434176    0.000000  5.155008e-02  0.000000e+00
  0.833413  -431.661602  -340.423783    0.000000  5.228154e-02  0.000000e+00
  0.833573  -431.515465  -340.412279    0.000000  5.302225e-02  0.000000e+00
  0.833733  -431.369563  -340.399653    0.000000  5.377132e-02  0.000000e+00
  0.833893  -431.223907  -340.385892    0.000000  5.452781e-02  0.000000e+00
  0.834053  -431.078509  -340.370985    0.000000  5.529077e-02  0.000000e+00
  0.834213  -430.933378  -340.354920    0.000000  5.605922e-02  0.000000e+00
  0.834373  -430.788526  -340.337685    0.000000  5.683218e-02  0.000000e+00
  0.834534  -430.643963  -340.319268    0.000000  5.760862e-02  0.000000e+00
  0.834694  -430.499700  -340.299658    0.000000  5.838751e-02  0.000000e+00
  0.834854  -430.355749  -340.278843    0.000000  5.916780e-02  0.000000e+00
  0.835014  -430.212119  -340.256811    0.000000  5.994841e-02  0.000000e+00
  0.835174  -430.068822  -340.233552    0.000000  6.072825e-02  0.000000e+00
  0.835334  -429.925869  -340.209054    0.000000  6.150623e-02  0.000000e+00
  0.835494  -429.783270  -340.183306    0.000000  6.228123e-02  0.000000e+00
  0.835654  -429.641038  -340.156297    0.000000  6.305212e-02  0.000000e+00
  0.835814  -429.499183  -340.128016    0.000000  6.381777e-02  0.000000e+00
  0.835974  -429.357717  -340.098453    0.000000  6.457705e-02  0.000000e+00
  0.836134  -429.216650  -340.067597    0.000000  6.532881e-02  0.000000e+00
  0.836294  -429.075994  -340.035438    0.000000  6.607193e-02  0.000000e+00
  0.836454  -428.935761  -340.001967    0.000000  6.680525e-02  0.000000e+00
  0.836614  -428.795962  -339.967174    0.000000  6.752767e-02  0.000000e+00
  0.836774  -428.656609  -339.931048    0.000000  6.823807e-02  0.000000e+00
  0.836934  -428.517713  -339.893582    0.000000  6.893534e-02  0.000000e+00
  0.837094  -428.379286  -339.854766    0.000000  6.961842e-02  0.000000e+00
  0.837254  -428.241340  -339.814592    0.000000  7.028624e-02  0.000000e+00
  0.837414  -428.103887  -339.773052    0.000000  7.093777e-02  0.000000e+00
  0.837574  -427.966939  -339.730138    0.000000  7.157203e-02  0.000000e+00
  0.837734  -427.830508  -339.685842    0.000000  7.218806e-02  0.000000e+00
  0.837894  -427.694606  -339.640158    0.000000  7.278493e-02  0.000000e+00
  0.838054  -427.559246  -339.593078    0.000000  7.336177e-02  0.000000e+00
  0.838214  -427.424440  -339.544597    0.000000  7.391777e-02  0.000000e+00
  0.838374  -427.290201  -339.494708    0.000000  7.445215e-02  0.000000e+00
  0.838534  -427.156541  -339.443406    0.000000  7.496420e-02  0.000000e+00
  0.838694  -427.023473  -339.390687    0.000000  7.545328e-02  0.000000e+00
  0.838854  -426.891010  -339.336545    0.000000  7.591880e-02  0.000000e+00
  0.839014  -426.759165  -339.280976    0.000000  7.636024e-02  0.000000e+00
  0.839174  -426.627950  -339.223978    0.000000  7.677716e-02  0.000000e+00
  0.839334  -426.497381  -339.165546    0.000000  7.716920e-02  0.000000e+00
  0.839494  -426.367469  -339.105679    0.000000  7.753607e-02  0.000000e+00
  0.839654  -426.238228  -339.044375    0.000000  7.787757e-02  0.000000e+00
  0.839814  -426.109672  -338.981632    0.000000  7.819355e-02  0.000000e+00
  0.839974  -425.981815  -338.917449    0.000000  7.848400e-02  0.000000e+00
  0.840134  -425.854670  -338.851826    0.000000  7.874895e-02  0.000000e+00
  0.840294  -425.728252  -338.784764    0.000000  7.898854e-02  0.000000e+00
  0.840454  -425.602575  -338.716263    0.000000  7.920298e-02  0.000000e+00
  0.840614  -425.477654  -338.646325    0.000000  7.939260e-02  0.000000e+00
  0.840775  -425.353502  -338.574953    0.000000  7.955778e-02  0.000000e+00
  0.840935  -425.230135  -338.502149    0.000000  7.969901e-02  0.000000e+00
  0.841095  -425.107568  -338.427917    0.000000  7.981687e-02  0.000000e+00
  0.841255  -424.985815  -338.352262    0.000000  7.991202e-02  0.000000e+00
  0.841415  -424.864892  -338.275188    0.000000  7.998519e-02  0.000000e+00
  0.841575  -424.744813  -338.196701    0.000000  8.003722e-02  0.000000e+00
  0.841735  -424.625596  -338.116807    0.000000  8.006901e-02  0.000000e+00
  0.841895  -424.507254  -338.035515    0.000000  8.008156e-02  0.000000e+00
  0.842055  -424.389805  -337.952831    0.000000  8.007593e-02  0.000000e+00
  0.842215  -424.273264  -337.868766    0.000000  8.005340e-02  0.000000e+00
  0.842375  -424.157648  -337.783328    0.000000  8.001560e-02  0.000000e+00
  0.842535  -424.042973  -337.696527    0.000000  7.996407e-02  0.000000e+00
  0.842695  -423.929255  -337.608376    0.000000  7.990024e-02  0.000000e+00
  0.842855  -423.816510  -337.518885    0.000000  7.982542e-02  0.000000e+00
  0.843015  -423.704757  -337.428068    0.000000  7.974083e-02  0.000000e+00
  0.843175  -423.594011  -337.335938    0.000000  7.964752e-02  0.000000e+00
  0.843335  -423.484288  -337.242507    0.000000  7.954648e-02  0.000000e+00
  0.843495  -423.375606  -337.147792    0.000000  7.943853e-02  0.000000e+00
  0.843655  -423.267981  -337.051807    0.000000  7.932440e-02  0.000000e+00
  0.843815  -423.161428  -336.954568    0.000000  7.920470e-02  0.000000e+00
  0.843975  -423.055965  -336.856090    0.000000  7.907989e-02  0.000000e+00
  0.844135  -422.951608  -336.756391    0.000000  7.895036e-02  0.000000e+00
  0.844295  -422.848371  -336.655488    0.000000  7.881635e-02  0.000000e+00
  0.844455  -422.746270  -336.553398    0.000000  7.867799e-02  0.000000e+00
  0.844615  -422.645321  -336.450139    0.000000  7.853529e-02  0.000000e+00
  0.844775  -422.545539  -336.345731    0.000000  7.838816e-02  0.000000e+00
  0.844935  -422.446937  -336.240192    0.000000  7.823640e-02  0.000000e+00
  0.845095  -422.349530  -336.133540    0.000000  7.807966e-02  0.000000e+00
  0.845255  -422.253331  -336.025797    0.000000  7.791753e-02  0.000000e+00
  0.845415  -422.158354  -335.916980    0.000000  7.774945e-02  0.000000e+00
  0.845575  -422.064612  -335.807112    0.000000  7.757478e-02  0.000000e+00
  0.845735  -421.972116  -335.696212    0.000000  7.739274e-02  0.000000e+00
  0.845895  -421.880877  -335.584301    0.000000  7.720248e-02  0.000000e+00
  0.846055  -421.790908  -335.471400    0.000000  7.700303e-02  0.000000e+00
  0.846215  -421.702217  -335.357530    0.000000  7.679330e-02  0.000000e+00
  0.846375  -421.614816  -335.242712    0.000000  7.657213e-02  0.000000e+00
  0.846535  -421.528712  -335.126967    0.000000  7.633823e-02  0.000000e+00
  0.846695  -421.443913  -335.010318    0.000000  7.609024e-02  0.000000e+00
  0.846855  -421.360428  -334.892785    0.000000  7.582668e-02  0.000000e+00
  0.847016  -421.278263  -334.774390    0.000000  7.554600e-02  0.000000e+00
  0.847176  -421.197423  -334.655154    0.000000  7.524653e-02  0.000000e+00
  0.847336  -421.117914  -334.535101    0.000000  7.492654e-02  0.000000e+00
  0.847496  -421.039739  -334.414250    0.000000  7.458419e-02  0.000000e+00
  0.847656  -420.962901  -334.292624    0.000000  7.421757e-02  0.000000e+00
  0.847816  -420.887402  -334.170244    0.000000  7.382469e-02  0.000000e+00
  0.847976  -420.813243  -334.047131    0.000000  7.340349e-02  0.000000e+00
  0.848136  -420.740425  -333.923308    0.000000  7.295181e-02  0.000000e+00
  0.848296  -420.668946  -333.798794    0.000000  7.246747e-02  0.000000e+00
  0.848456  -420.598804  -333.673611    0.000000  7.194817e-02  0.000000e+00
  0.848616  -420.529995  -333.547780    0.000000  7.139160e-02  0.000000e+00
  0.848776  -420.462515  -333.421321    0.000000  7.079538e-02  0.000000e+00
  0.848936  -420.396358  -333.294254    0.000000  7.015708e-02  0.000000e+00
  0.849096  -420.331516  -333.166600    0.000000  6.947422e-02  0.000000e+00
  0.849256  -420.267983  -333.038378    0.000000  6.874431e-02  0.000000e+00
  0.849416  -420.205747  -332.909608    0.000000  6.796481e-02  0.000000e+00
  0.849576  -420.144798  -332.780308    0.000000  6.713317e-02  0.000000e+00
  0.849736  -420.085123  -332.650497    0.000000  6.624683e-02  0.000000e+00
  0.849896  -420.026709  -332.520194    0.000000  6.530345e-02  0.000000e+00
  0.850056  -419.969541  -332.389416    0.000000  6.430240e-02  0.000000e+00
  0.850216  -419.913601  -332.258181    0.000000  6.324397e-02  0.000000e+00
  0.850376  -419.858871  -332.126505    0.000000  6.212864e-02  0.000000e+00
  0.850536  -419.805332  -331.994406    0.000000  6.095705e-02  0.000000e+00
  0.850696  -419.752964  -331.861899    0.000000  5.973003e-02  0.000000e+00
  0.850856  -419.701743  -331.729000    0.000000  5.844855e-02  0.000000e+00
  0.851016  -419.651648  -331.595725    0.000000  5.711374e-02  0.000000e+00
  0.851176  -419.602653  -331.462088    0.000000  5.572685e-02  0.000000e+00
  0.851336  -419.554732  -331.328105    0.000000  5.428928e-02  0.000000e+00
  0.851496  -419.507860  -331.193789    0.000000  5.280254e-02  0.000000e+00
  0.851656  -419.462008  -331.059156    0.000000  5.126824e-02  0.000000e+00
  0.851816  -419.417147  -330.924217    0.000000  4.968808e-02  0.000000e+00
  0.851976  -419.373249  -330.788988    0.000000  4.806384e-02  0.000000e+00
  0.852136  -419.330281  -330.653481    0.000000  4.639740e-02  0.000000e+00
  0.852296  -419.288212  -330.517708    0.000000  4.469065e-02  0.000000e+00
  0.852456  -419.247010  -330.381683    0.000000  4.294559e-02  0.000000e+00
  0.852616  -419.206642  -330.245418    0.000000  4.116420e-02  0.000000e+00
  0.852776  -419.167073  -330.108924    0.000000  3.934854e-02  0.000000e+00
  0.852936  -419.128269  -329.972214    0.000000  3.750066e-02  0.000000e+00
  0.853096  -419.090193  -329.835299    0.000000  3.562265e-02  0.000000e+00
  0.853257  -419.052811  -329.698190    0.000000  3.371658e-02  0.000000e+00
  0.853417  -419.016084  -329.560899    0.000000  3.178456e-02  0.000000e+00
  0.853577  -418.979977  -329.423436    0.000000  2.982865e-02  0.000000e+00
  0.853737  -418.944450  -329.285813    0.000000  2.785094e-02  0.000000e+00
  0.853897  -418.909465  -329.148039    0.000000  2.585349e-02  0.000000e+00
  0.854057  -418.874984  -329.010125    0.000000  2.383835e-02  0.000000e+00
  0.854217  -418.840967  -328.872082    0.000000  2.180754e-02  0.000000e+00
  0.854377  -418.807375  -328.733919    0.000000  1.976309e-02  0.000000e+00
  0.854537  -418.774167  -328.595647    0.000000  1.770698e-02  0.000000e+00
  0.854697  -418.741303  -328.457275    0.000000  1.564118e-02  0.000000e+00
  0.854857  -418.708744  -328.318813    0.000000  1.356765e-02  0.000000e+00
  0.855017  -418.676447  -328.180270    0.000000  1.148833e-02  0.000000e+00
  0.855177  -418.644373  -328.041657    0.000000  9.405134e-03  0.000000e+00
  0.855337  -418.612480  -327.902982    0.000000  7.319960e-03  0.000000e+00
  0.855497  -418.580727  -327.764255    0.000000  5.234701e-03  0.000000e+00
  0.855657  -418.549073  -327.625485    0.000000  3.151234e-03  0.000000e+00
  0.855817  -418.517477  -327.486681    0.000000  1.071430e-03  0.000000e+00
  0.855977  -418.485898  -327.347853    0.000000  1.002849e-03  0.000000e+00
  0.856137  -418.454294  -327.209010    0.000000  3.069743e-03  0.000000e+00
  0.856297  -418.422625  -327.070161    0.000000  5.127393e-03  0.000000e+00
  0.856457  -418.390851  -326.931316    0.000000  7.173940e-03  0.000000e+00
  0.856617  -418.358929  -326.792482    0.000000  9.207523e-03  0.000000e+00
  0.856777  -418.326821  -326.653670    0.000000  1.122627e-02  0.000000e+00
  0.856937  -418.294486  -326.514889    0.000000  1.322832e-02  0.000000e+00
  0.857097  -418.261885  -326.376147    0.000000  1.521179e-02  0.000000e+00
  0.857257  -418.228978  -326.237455    0.000000  1.717478e-02  0.000000e+00
  0.857417  -418.195726  -326.098822    0.000000  1.911541e-02  0.000000e+00
  0.857577  -418.162090  -325.960256    0.000000  2.103177e-02  0.000000e+00
  0.857737  -418.128034  -325.821768    0.000000  2.292196e-02  0.000000e+00
  0.857897  -418.093518  -325.683367    0.000000  2.478407e-02  0.000000e+00
  0.858057  -418.058507  -325.545063    0.000000  2.661619e-02  0.000000e+00
  0.858217  -418.022964  -325.406866    0.000000  2.841641e-02  0.000000e+00
  0.858377  -417.986853  -325.268785    0.000000  3.018282e-02  0.000000e+00
  0.858537  -417.950140  -325.130830    0.000000  3.191354e-02  0.000000e+00
  0.858697  -417.912790  -324.993013    0.000000  3.360669e-02  0.000000e+00
  0.858857  -417.874770  -324.855342    0.000000  3.526041e-02  0.000000e+00
  0.859017  -417.836047  -324.717829    0.000000  3.687288e-02  0.000000e+00
  0.859177  -417.796589  -324.580485    0.000000  3.844231e-02  0.000000e+00
  0.859337  -417.756366  -324.443319    0.000000  3.996694e-02  0.000000e+00
  0.859498  -417.715347  -324.306344    0.000000  4.144509e-02  0.000000e+00
  0.859658  -417.673504  -324.169571    0.000000  4.287511e-02  0.000000e+00
  0.859818  -417.630808  -324.033011    0.000000  4.425543e-02  0.000000e+00
  0.859978  -417.587233  -323.896675    0.000000  4.558455e-02  0.000000e+00
  0.860138  -417.542753  -323.760577    0.000000  4.686106e-02  0.000000e+00
  0.860298  -417.497343  -323.624727    0.000000  4.808418e-02  0.000000e+00
  0.860458  -417.450980  -323.489139    0.000000  4.925475e-02  0.000000e+00
  0.860618  -417.403641  -323.353825    0.000000  5.037390e-02  0.000000e+00
  0.860778  -417.355305  -323.218799    0.000000  5.144281e-02  0.000000e+00
  0.860938  -417.305952  -323.084073    0.000000  5.246265e-02  0.000000e+00
  0.861098  -417.255563  -322.949661    0.000000  5.343460e-02  0.000000e+00
  0.861258  -417.204121  -322.815576    0.000000  5.435986e-02  0.000000e+00
  0.861418  -417.151608  -322.681833    0.000000  5.523966e-02  0.000000e+00
  0.861578  -417.098008  -322.548446    0.000000  5.607522e-02  0.000000e+00
  0.861738  -417.043307  -322.415428    0.000000  5.686776e-02  0.000000e+00
  0.861898  -416.987492  -322.282794    0.000000  5.761853e-02  0.000000e+00
  0.862058  -416.930549  -322.150559    0.000000  5.832878e-02  0.000000e+00
  0.862218  -416.872466  -322.018737    0.000000  5.899977e-02  0.000000e+00
  0.862378  -416.813233  -321.887343    0.000000  5.963275e-02  0.000000e+00
  0.862538  -416.752840  -321.756393    0.000000  6.022898e-02  0.000000e+00
  0.862698  -416.691279  -321.625901    0.000000  6.078973e-02  0.000000e+00
  0.862858  -416.628540  -321.495883    0.000000  6.131626e-02  0.000000e+00
  0.863018  -416.564617  -321.366353    0.000000  6.180984e-02  0.000000e+00
  0.863178  -416.499505  -321.237328    0.000000  6.227171e-02  0.000000e+00
  0.863338  -416.433196  -321.108823    0.000000  6.270314e-02  0.000000e+00
  0.863498  -416.365687  -320.980854    0.000000  6.310536e-02  0.000000e+00
  0.863658  -416.296974  -320.853436    0.000000  6.347962e-02  0.000000e+00
  0.863818  -416.227055  -320.726584    0.000000  6.382713e-02  0.000000e+00
  0.863978  -416.155926  -320.600316    0.000000  6.414912e-02  0.000000e+00
  0.864138  -416.083587  -320.474646    0.000000  6.444677e-02  0.000000e+00
  0.864298  -416.010037  -320.349591    0.000000  6.472129e-02  0.000000e+00
  0.864458  -415.935276  -320.225166    0.000000  6.497382e-02  0.000000e+00
  0.864618  -415.859305  -320.101387    0.000000  6.520552e-02  0.000000e+00
  0.864778  -415.782126  -319.978270    0.000000  6.541752e-02  0.000000e+00
  0.864938  -415.703740  -319.855831    0.000000  6.561091e-02  0.000000e+00
  0.865098  -415.624150  -319.734087    0.000000  6.578679e-02  0.000000e+00
  0.865258  -415.543361  -319.613052    0.000000  6.594620e-02  0.000000e+00
  0.865418  -415.461376  -319.492742    0.000000  6.609018e-02  0.000000e+00
  0.865578  -415.378200  -319.373174    0.000000  6.621972e-02  0.000000e+00
  0.865739  -415.293838  -319.254363    0.000000  6.633580e-02  0.000000e+00
  0.865899  -415.208296  -319.136325    0.000000  6.643936e-02  0.000000e+00
  0.866059  -415.121581  -319.019075    0.000000  6.653132e-02  0.000000e+00
  0.866219  -415.033699  -318.902628    0.000000  6.661255e-02  0.000000e+00
  0.866379  -414.944659  -318.787001    0.000000  6.668390e-02  0.000000e+00
  0.866539  -414.854467  -318.672208    0.000000  6.674618e-02  0.000000e+00
  0.866699  -414.763134  -318.558264    0.000000  6.680017e-02  0.000000e+00
  0.866859  -414.670667  -318.445185    0.000000  6.684661e-02  0.000000e+00
  0.867019  -414.577076  -318.332986    0.000000  6.688621e-02  0.000000e+00
  0.867179  -414.482370  -318.221681    0.000000  6.691964e-02  0.000000e+00
  0.867339  -414.386562  -318.111284    0.000000  6.694753e-02  0.000000e+00
  0.867499  -414.289660  -318.001812    0.000000  6.697047e-02  0.000000e+00
  0.867659  -414.191675  -317.893276    0.000000  6.698903e-02  0.000000e+00
  0.867819  -414.092620  -317.785693    0.000000  6.700371e-02  0.000000e+00
  0.867979  -413.992507  -317.679075    0.000000  6.701499e-02  0.000000e+00
  0.868139  -413.891346  -317.573437    0.000000  6.702332e-02  0.000000e+00
  0.868299  -413.789151  -317.468791    0.000000  6.702908e-02  0.000000e+00
  0.868459  -413.685934  -317.365152    0.000000  6.703265e-02  0.000000e+00
  0.868619  -413.581708  -317.262531    0.000000  6.703433e-02  0.000000e+00
  0.868779  -413.476486  -317.160943    0.000000  6.703439e-02  0.000000e+00
  0.868939  -413.370282  -317.060400    0.000000  6.703308e-02  0.000000e+00
  0.869099  -413.263110  -316.960913    0.000000  6.703058e-02  0.000000e+00
  0.869259  -413.154982  -316.862496    0.000000  6.702704e-02  0.000000e+00
  0.869419  -413.045915  -316.765159    0.000000  6.702258e-02  0.000000e+00
  0.869579  -412.935920  -316.668915    0.000000  6.701725e-02  0.000000e+00
  0.869739  -412.825014  -316.573774    0.000000  6.701108e-02  0.000000e+00
  0.869899  -412.713209  -316.479748    0.000000  6.700404e-02  0.000000e+00
  0.870059  -412.600522  -316.386846    0.000000  6.699607e-02  0.000000e+00
  0.870219  -412.486967  -316.295080    0.000000  6.698706e-02  0.000000e+00
  0.870379  -412.372558  -316.204459    0.000000  6.697685e-02  0.000000e+00
  0.870539  -412.257310  -316.114992    0.000000  6.696526e-02  0.000000e+00
  0.870699  -412.141238  -316.026690    0.000000  6.695203e-02  0.000000e+00
  0.870859  -412.024357  -315.939560    0.000000  6.693687e-02  0.000000e+00
  0.871019  -411.906683  -315.853611    0.000000  6.691946e-02  0.000000e+00
  0.871179  -411.788229  -315.768852    0.000000  6.689942e-02  0.000000e+00
  0.871339  -411.669011  -315.685290    0.000000  6.687632e-02  0.000000e+00
  0.871499  -411.549044  -315.602933    0.000000  6.684970e-02  0.000000e+00
  0.871659  -411.428341  -315.521787    0.000000  6.681904e-02  0.000000e+00
  0.871819  -411.306919  -315.441858    0.000000  6.678378e-02  0.000000e+00
  0.871980  -411.184792  -315.363154    0.000000  6.674333e-02  0.000000e+00
  0.872140  -411.061973  -315.285679    0.000000  6.669702e-02  0.000000e+00
  0.872300  -410.938478  -315.209438    0.000000  6.664425e-02  0.000000e+00
  0.872460  -410.814321  -315.134437    0.000000  6.658455e-02  0.000000e+00
  0.872620  -410.689515  -315.060680    0.000000  6.651755e-02  0.000000e+00
  0.872780  -410.564075  -314.988170    0.000000  6.644287e-02  0.000000e+00
  0.872940  -410.438014  -314.916911    0.000000  6.636019e-02  0.000000e+00
  0.873100  -410.311346  -314.846906    0.000000  6.626919e-02  0.000000e+00
  0.873260  -410.184084  -314.778157    0.000000  6.616961e-02  0.000000e+00
  0.873420  -410.056242  -314.710667    0.000000  6.606120e-02  0.000000e+00
  0.873580  -409.927832  -314.644438    0.000000  6.594374e-02  0.000000e+00
  0.873740  -409.798869  -314.579470    0.000000  6.581704e-02  0.000000e+00
  0.873900  -409.669364  -314.515765    0.000000  6.568095e-02  0.000000e+00
  0.874060  -409.539331  -314.453323    0.000000  6.553533e-02  0.000000e+00
  0.874220  -409.408782  -314.392145    0.000000  6.538009e-02  0.000000e+00
  0.874380  -409.277729  -314.332231    0.000000  6.521514e-02  0.000000e+00
  0.874540  -409.146186  -314.273580    0.000000  6.504045e-02  0.000000e+00
  0.874700  -409.014163  -314.216192    0.000000  6.485601e-02  0.000000e+00
  0.874860  -408.881674  -314.160066    0.000000  6.466181e-02  0.000000e+00
  0.875020  -408.748731  -314.105199    0.000000  6.445790e-02  0.000000e+00
  0.875180  -408.615344  -314.051591    0.000000  6.424435e-02  0.000000e+00
  0.875340  -408.481526  -313.999240    0.000000  6.402124e-02  0.000000e+00
  0.875500  -408.347288  -313.948143    0.000000  6.378869e-02  0.000000e+00
  0.875660  -408.212642  -313.898298    0.000000  6.354685e-02  0.000000e+00
  0.875820  -408.077599  -313.849702    0.000000  6.329587e-02  0.000000e+00
  0.875980  -407.942170  -313.802352    0.000000  6.303595e-02  0.000000e+00
  0.876140  -407.806367  -313.756245    0.000000  6.276730e-02  0.000000e+00
  0.876300  -407.670200  -313.711376    0.000000  6.249014e-02  0.000000e+00
  0.876460  -407.533680  -313.667744    0.000000  6.220474e-02  0.000000e+00
  0.876620  -407.396818  -313.625343    0.000000  6.191137e-02  0.000000e+00
  0.876780  -407.259624  -313.584169    0.000000  6.161031e-02  0.000000e+00
  0.876940  -407.122109  -313.544218    0.000000  6.130189e-02  0.000000e+00
  0.877100  -406.984284  -313.505485    0.000000  6.098642e-02  0.000000e+00
  0.877260  -406.846158  -313.467965    0.000000  6.066426e-02  0.000000e+00
  0.877420  -406.707741  -313.431655    0.000000  6.033576e-02  0.000000e+00
  0.877580  -406.569044  -313.396547    0.000000  6.000129e-02  0.000000e+00
  0.877740  -406.430077  -313.362638    0.000000  5.966125e-02  0.000000e+00
  0.877900  -406.290849  -313.329921    0.000000  5.931603e-02  0.000000e+00
  0.878060  -406.151370  -313.298391    0.000000  5.896605e-02  0.000000e+00
  0.878221  -406.011649  -313.268043    0.000000  5.861172e-02  0.000000e+00
  0.878381  -405.871697  -313.238870    0.000000  5.825348e-02  0.000000e+00
  0.878541  -405.731521  -313.210867    0.000000  5.789176e-02  0.000000e+00
  0.878701  -405.591133  -313.184027    0.000000  5.752702e-02  0.000000e+00
  0.878861  -405.450540  -313.158344    0.000000  5.715970e-02  0.000000e+00
  0.879021  -405.309753  -313.133813    0.000000  5.679027e-02  0.000000e+00
  0.879181  -405.168779  -313.110426    0.000000  5.641919e-02  0.000000e+00
  0.879341  -405.027627  -313.088178    0.000000  5.604693e-02  0.000000e+00
  0.879501  -404.886307  -313.067061    0.000000  5.567396e-02  0.000000e+00
  0.879661  -404.744828  -313.047070    0.000000  5.530077e-02  0.000000e+00
  0.879821  -404.603196  -313.028198    0.000000  5.492782e-02  0.000000e+00
  0.879981  -404.461422  -313.010438    0.000000  5.455560e-02  0.000000e+00
  0.880141  -404.319513  -312.993783    0.000000  5.418458e-02  0.000000e+00
  0.880301  -404.177479  -312.978228    0.000000  5.381525e-02  0.000000e+00
  0.880461  -404.035325  -312.963765    0.000000  5.344808e-02  0.000000e+00
  0.880621  -403.893062  -312.950388    0.000000  5.308356e-02  0.000000e+00
  0.880781  -403.750697  -312.938089    0.000000  5.272208e-02  0.000000e+00
  0.880941  -403.608238  -312.926864    0.000000  5.236364e-02  0.000000e+00
  0.881101  -403.465693  -312.916704    0.000000  5.200813e-02  0.000000e+00
  0.881261  -403.323069  -312.907603    0.000000  5.165541e-02  0.000000e+00
  0.881421  -403.180374  -312.899555    0.000000  5.130536e-02  0.000000e+00
  0.881581  -403.037616  -312.892553    0.000000  5.095783e-02  0.000000e+00
  0.881741  -402.894802  -312.886591    0.000000  5.061268e-02  0.000000e+00
  0.881901  -402.751939  -312.881662    0.000000  5.026976e-02  0.000000e+00
  0.882061  -402.609035  -312.877760    0.000000  4.992889e-02  0.000000e+00
  0.882221  -402.466097  -312.874877    0.000000  4.958992e-02  0.000000e+00
  0.882381  -402.323132  -312.873008    0.000000  4.925266e-02  0.000000e+00
  0.882541  -402.180147  -312.872145    0.000000  4.891695e-02  0.000000e+00
  0.882701  -402.037148  -312.872283    0.000000  4.858259e-02  0.000000e+00
  0.882861  -401.894143  -312.873414    0.000000  4.824940e-02  0.000000e+00
  0.883021  -401.751138  -312.875533    0.000000  4.791719e-02  0.000000e+00
  0.883181  -401.608140  -312.878631    0.000000  4.758575e-02  0.000000e+00
  0.883341  -401.465155  -312.882703    0.000000  4.725489e-02  0.000000e+00
  0.883501  -401.322188  -312.887742    0.000000  4.692441e-02  0.000000e+00
  0.883661  -401.179248  -312.893741    0.000000  4.659409e-02  0.000000e+00
  0.883821  -401.036339  -312.900693    0.000000  4.626373e-02  0.000000e+00
  0.883981  -400.893468  -312.908592    0.000000  4.593310e-02  0.000000e+00
  0.884141  -400.750640  -312.917431    0.000000  4.560201e-02  0.000000e+00
  0.884301  -400.607861  -312.927202    0.000000  4.527023e-02  0.000000e+00
  0.884462  -400.465137  -312.937898    0.000000  4.493753e-02  0.000000e+00
  0.884622  -400.322473  -312.949514    0.000000  4.460371e-02  0.000000e+00
  0.884782  -400.179875  -312.962041    0.000000  4.426853e-02  0.000000e+00
  0.884942  -400.037347  -312.975473    0.000000  4.393177e-02  0.000000e+00
  0.885102  -399.894896  -312.989802    0.000000  4.359321e-02  0.000000e+00
  0.885262  -399.752526  -313.005020    0.000000  4.325262e-02  0.000000e+00
  0.885422  -399.610241  -313.021122    0.000000  4.290977e-02  0.000000e+00
  0.885582  -399.468047  -313.038099    0.000000  4.256444e-02  0.000000e+00
  0.885742  -399.325948  -313.055944    0.000000  4.221639e-02  0.000000e+00
  0.885902  -399.183949  -313.074649    0.000000  4.186540e-02  0.000000e+00
  0.886062  -399.042053  -313.094206    0.000000  4.151124e-02  0.000000e+00
  0.886222  -398.900266  -313.114609    0.000000  4.115367e-02  0.000000e+00
  0.886382  -398.758591  -313.135848    0.000000  4.079248e-02  0.000000e+00
  0.886542  -398.617033  -313.157917    0.000000  4.042743e-02  0.000000e+00
  0.886702  -398.475594  -313.180807    0.000000  4.005830e-02  0.000000e+00
  0.886862  -398.334279  -313.204510    0.000000  3.968484e-02  0.000000e+00
  0.887022  -398.193091  -313.229019    0.000000  3.930685e-02  0.000000e+00
  0.887182  -398.052033  -313.254323    0.000000  3.892408e-02  0.000000e+00
  0.887342  -397.911109  -313.280416    0.000000  3.853631e-02  0.000000e+00
  0.887502  -397.770322  -313.307289    0.000000  3.814332e-02  0.000000e+00
  0.887662  -397.629675  -313.334933    0.000000  3.774488e-02  0.000000e+00
  0.887822  -397.489170  -313.363339    0.000000  3.734076e-02  0.000000e+00
  0.887982  -397.348810  -313.392499    0.000000  3.693074e-02  0.000000e+00
  0.888142  -397.208598  -313.422404    0.000000  3.651460e-02  0.000000e+00
  0.888302  -397.068535  -313.453043    0.000000  3.609211e-02  0.000000e+00
  0.888462  -396.928625  -313.484410    0.000000  3.566306e-02  0.000000e+00
  0.888622  -396.788868  -313.516493    0.000000  3.522721e-02  0.000000e+00
  0.888782  -396.649268  -313.549283    0.000000  3.478435e-02  0.000000e+00
  0.888942  -396.509825  -313.582771    0.000000  3.433427e-02  0.000000e+00
  0.889102  -396.370542  -313.616948    0.000000  3.387673e-02  0.000000e+00
  0.889262  -396.231418  -313.651802    0.000000  3.341153e-02  0.000000e+00
  0.889422  -396.092457  -313.687324    0.000000  3.293844e-02  0.000000e+00
  0.889582  -395.953658  -313.723505    0.000000  3.245726e-02  0.000000e+00
  0.889742  -395.815023  -313.760332    0.000000  3.196775e-02  0.000000e+00
  0.889902  -395.676553  -313.797797    0.000000  3.146971e-02  0.000000e+00
  0.890062  -395.538247  -313.835888    0.000000  3.096292e-02  0.000000e+00
  0.890222  -395.400107  -313.874594    0.000000  3.044716e-02  0.000000e+00
  0.890382  -395.262132  -313.913905    0.000000  2.992222e-02  0.000000e+00
  0.890542  -395.124322  -313.953809    0.000000  2.938789e-02  0.000000e+00
  0.890703  -394.986678  -313.994295    0.000000  2.884394e-02  0.000000e+00
  0.890863  -394.849199  -314.035351    0.000000  2.829017e-02  0.000000e+00
  0.891023  -394.711884  -314.076966    0.000000  2.772636e-02  0.000000e+00
  0.891183  -394.574734  -314.119128    0.000000  2.715230e-02  0.000000e+00
  0.891343  -394.437746  -314.161824    0.000000  2.656776e-02  0.000000e+00
  0.891503  -394.300920  -314.205043    0.000000  2.597253e-02  0.000000e+00
  0.891663  -394.164255  -314.248772    0.000000  2.536640e-02  0.000000e+00
  0.891823  -394.027749  -314.292998    0.000000  2.474929e-02  0.000000e+00
  0.891983  -393.891401  -314.337709    0.000000  2.412140e-02  0.000000e+00
  0.892143  -393.755209  -314.382891    0.000000  2.348299e-02  0.000000e+00
  0.892303  -393.619171  -314.428532    0.000000  2.283429e-02  0.000000e+00
  0.892463  -393.483285  -314.474617    0.000000  2.217555e-02  0.000000e+00
  0.892623  -393.347548  -314.521134    0.000000  2.150702e-02  0.000000e+00
  0.892783  -393.211959  -314.568069    0.000000  2.082896e-02  0.000000e+00
  0.892943  -393.076514  -314.615407    0.000000  2.014160e-02  0.000000e+00
  0.893103  -392.941212  -314.663135    0.000000  1.944519e-02  0.000000e+00
  0.893263  -392.806048  -314.711238    0.000000  1.873999e-02  0.000000e+00
  0.893423  -392.671020  -314.759702    0.000000  1.802624e-02  0.000000e+00
  0.893583  -392.536124  -314.808513    0.000000  1.730418e-02  0.000000e+00
  0.893743  -392.401358  -314.857655    0.000000  1.657407e-02  0.000000e+00
  0.893903  -392.266718  -314.907115    0.000000  1.583615e-02  0.000000e+00
  0.894063  -392.132201  -314.956876    0.000000  1.509065e-02  0.000000e+00
  0.894223  -391.997802  -315.006925    0.000000  1.433782e-02  0.000000e+00
  0.894383  -391.863518  -315.057246    0.000000  1.357790e-02  0.000000e+00
  0.894543  -391.729345  -315.107823    0.000000  1.281113e-02  0.000000e+00
  0.894703  -391.595279  -315.158641    0.000000  1.203774e-02  0.000000e+00
  0.894863  -391.461315  -315.209685    0.000000  1.125796e-02  0.000000e+00
  0.895023  -391.327451  -315.260938    0.000000  1.047203e-02  0.000000e+00
  0.895183  -391.193680  -315.312386    0.000000  9.680186e-03  0.000000e+00
  0.895343  -391.060000  -315.364013    0.000000  8.882646e-03  0.000000e+00
  0.895503  -390.926405  -315.415801    0.000000  8.079641e-03  0.000000e+00
  0.895663  -390.792891  -315.467737    0.000000  7.271399e-03  0.000000e+00
  0.895823  -390.659453  -315.519803    0.000000  6.458145e-03  0.000000e+00
  0.895983  -390.526087  -315.571983    0.000000  5.640103e-03  0.000000e+00
  0.896143  -390.392787  -315.624261    0.000000  4.817497e-03  0.000000e+00
  0.896303  -390.259549  -315.676621    0.000000  3.990549e-03  0.000000e+00
  0.896463  -390.126369  -315.729046    0.000000  3.159483e-03  0.000000e+00
  0.896623  -389.993240  -315.781521    0.000000  2.324521e-03  0.000000e+00
  0.896783  -389.860158  -315.834028    0.000000  1.485887e-03  0.000000e+00
  0.896944  -389.727119  -315.886551    0.000000  6.438034e-04  0.000000e+00
  0.897104  -389.594116  -315.939073    0.000000  2.015048e-04  0.000000e+00
  0.897264  -389.461146  -315.991579    0.000000  1.049812e-03  0.000000e+00
  0.897424  -389.328202  -316.044051    0.000000  1.900891e-03  0.000000e+00
  0.897584  -389.195279  -316.096473    0.000000  2.754513e-03  0.000000e+00
  0.897744  -389.062374  -316.148827    0.000000  3.610447e-03  0.000000e+00
  0.897904  -388.929479  -316.201099    0.000000  4.468460e-03  0.000000e+00
  0.898064  -388.796590  -316.253270    0.000000  5.328313e-03  0.000000e+00
  0.898224  -388.663703  -316.305324    0.000000  6.189769e-03  0.000000e+00
  0.898384  -388.530810  -316.357244    0.000000  7.052582e-03  0.000000e+00
  0.898544  -388.397909  -316.409014    0.000000  7.916507e-03  0.000000e+00
  0.898704  -388.264992  -316.460617    0.000000  8.781290e-03  0.000000e+00
  0.898864  -388.132056  -316.512036    0.000000  9.646677e-03  0.000000e+00
  0.899024  -387.999095  -316.563255    0.000000  1.051241e-02  0.000000e+00
  0.899184  -387.866103  -316.614258    0.000000  1.137821e-02  0.000000e+00
  0.899344  -387.733076  -316.665026    0.000000  1.224381e-02  0.000000e+00
  0.899504  -387.600008  -316.715545    0.000000  1.310895e-02  0.000000e+00
  0.899664  -387.466895  -316.765797    0.000000  1.397332e-02  0.000000e+00
  0.899824  -387.333732  -316.815765    0.000000  1.483664e-02  0.000000e+00
  0.899984  -387.200513  -316.865434    0.000000  1.569862e-02  0.000000e+00
  0.900144  -387.067233  -316.914788    0.000000  1.655894e-02  0.000000e+00
  0.900304  -386.933889  -316.963809    0.000000  1.741731e-02  0.000000e+00
  0.900464  -386.800474  -317.012481    0.000000  1.827339e-02  0.000000e+00
  0.900624  -386.666984  -317.060788    0.000000  1.912687e-02  0.000000e+00
  0.900784  -386.533415  -317.108715    0.000000  1.997742e-02  0.000000e+00
  0.900944  -386.399762  -317.156245    0.000000  2.082469e-02  0.000000e+00
  0.901104  -386.266021  -317.203361    0.000000  2.166834e-02  0.000000e+00
  0.901264  -386.132186  -317.250049    0.000000  2.250801e-02  0.000000e+00
  0.901424  -385.998254  -317.296292    0.000000  2.334334e-02  0.000000e+00
  0.901584  -385.864220  -317.342075    0.000000  2.417397e-02  0.000000e+00
  0.901744  -385.730081  -317.387381    0.000000  2.499952e-02  0.000000e+00
  0.901904  -385.595831  -317.432197    0.000000  2.581960e-02  0.000000e+00
  0.902064  -385.461468  -317.476505    0.000000  2.663384e-02  0.000000e+00
  0.902224  -385.326987  -317.520291    0.000000  2.744183e-02  0.000000e+00
  0.902384  -385.192384  -317.563539    0.000000  2.824318e-02  0.000000e+00
  0.902544  -385.057656  -317.606235    0.000000  2.903748e-02  0.000000e+00
  0.902704  -384.922800  -317.648364    0.000000  2.982433e-02  0.000000e+00
  0.902864  -384.787812  -317.689911    0.000000  3.060330e-02  0.000000e+00
  0.903024  -384.652688  -317.730861    0.000000  3.137400e-02  0.000000e+00
  0.903185  -384.517426  -317.771199    0.000000  3.213599e-02  0.000000e+00
  0.903345  -384.382023  -317.810912    0.000000  3.288885e-02  0.000000e+00
  0.903505  -384.246475  -317.849985    0.000000  3.363217e-02  0.000000e+00
  0.903665  -384.110781  -317.888405    0.000000  3.436551e-02  0.000000e+00
  0.903825  -383.974938  -317.926156    0.000000  3.508846e-02  0.000000e+00
  0.903985  -383.838942  -317.963226    0.000000  3.580060e-02  0.000000e+00
  0.904145  -383.702793  -317.999601    0.000000  3.650150e-02  0.000000e+00
  0.904305  -383.566488  -318.035267    0.000000  3.719075e-02  0.000000e+00
  0.904465  -383.430025  -318.070212    0.000000  3.786794e-02  0.000000e+00
  0.904625  -383.293403  -318.104422    0.000000  3.853266e-02  0.000000e+00
  0.904785  -383.156619  -318.137885    0.000000  3.918451e-02  0.000000e+00
  0.904945  -383.019673  -318.170588    0.000000  3.982309e-02  0.000000e+00
  0.905105  -382.882564  -318.202518    0.000000  4.044803e-02  0.000000e+00
  0.905265  -382.745291  -318.233664    0.000000  4.105895e-02  0.000000e+00
  0.905425  -382.607852  -318.264013    0.000000  4.165548e-02  0.000000e+00
  0.905585  -382.470248  -318.293554    0.000000  4.223728e-02  0.000000e+00
  0.905745  -382.332478  -318.322275    0.000000  4.280400e-02  0.000000e+00
  0.905905  -382.194542  -318.350164    0.000000  4.335529e-02  0.000000e+00
  0.906065  -382.056440  -318.377212    0.000000  4.389082e-02  0.000000e+00
  0.906225  -381.918173  -318.403405    0.000000  4.441023e-02  0.000000e+00
  0.906385  -381.779740  -318.428735    0.000000  4.491318e-02  0.000000e+00
  0.906545  -381.641143  -318.453191    0.000000  4.539931e-02  0.000000e+00
  0.906705  -381.502383  -318.476762    0.000000  4.586828e-02  0.000000e+00
  0.906865  -381.363459  -318.499440    0.000000  4.631973e-02  0.000000e+00
  0.907025  -381.224375  -318.521213    0.000000  4.675332e-02  0.000000e+00
  0.907185  -381.085130  -318.542074    0.000000  4.716870e-02  0.000000e+00
  0.907345  -380.945728  -318.562012    0.000000  4.756553e-02  0.000000e+00
  0.907505  -380.806168  -318.581020    0.000000  4.794345e-02  0.000000e+00
  0.907665  -380.666454  -318.599089    0.000000  4.830215e-02  0.000000e+00
  0.907825  -380.526587  -318.616211    0.000000  4.864127e-02  0.000000e+00
  0.907985  -380.386569  -318.632377    0.000000  4.896051e-02  0.000000e+00
  0.908145  -380.246403  -318.647582    0.000000  4.925953e-02  0.000000e+00
  0.908305  -380.106091  -318.661816    0.000000  4.953802e-02  0.000000e+00
  0.908465  -379.965636  -318.675075    0.000000  4.979568e-02  0.000000e+00
  0.908625  -379.825040  -318.687351    0.000000  5.003221e-02  0.000000e+00
  0.908785  -379.684306  -318.698638    0.000000  5.024733e-02  0.000000e+00
  0.908945  -379.543438  -318.708930    0.000000  5.044077e-02  0.000000e+00
  0.909105  -379.402438  -318.718222    0.000000  5.061224e-02  0.000000e+00
  0.909265  -379.261309  -318.726510    0.000000  5.076152e-02  0.000000e+00
  0.909426  -379.120056  -318.733788    0.000000  5.088834e-02  0.000000e+00
  0.909586  -378.978680  -318.740052    0.000000  5.099249e-02  0.000000e+00
  0.909746  -378.837186  -318.745298    0.000000  5.107376e-02  0.000000e+00
  0.909906  -378.695577  -318.749523    0.000000  5.113194e-02  0.000000e+00
  0.910066  -378.553857  -318.752723    0.000000  5.116685e-02  0.000000e+00
  0.910226  -378.412029  -318.754897    0.000000  5.117832e-02  0.000000e+00
  0.910386  -378.270098  -318.756042    0.000000  5.116620e-02  0.000000e+00
  0.910546  -378.128068  -318.756155    0.000000  5.113034e-02  0.000000e+00
  0.910706  -377.985941  -318.755236    0.000000  5.107063e-02  0.000000e+00
  0.910866  -377.843723  -318.753284    0.000000  5.098697e-02  0.000000e+00
  0.911026  -377.701417  -318.750298    0.000000  5.087924e-02  0.000000e+00
  0.911186  -377.559028  -318.746278    0.000000  5.074740e-02  0.000000e+00
  0.911346  -377.416560  -318.741225    0.000000  5.059136e-02  0.000000e+00
  0.911506  -377.274016  -318.735139    0.000000  5.041109e-02  0.000000e+00
  0.911666  -377.131402  -318.728021    0.000000  5.020656e-02  0.000000e+00
  0.911826  -376.988721  -318.719874    0.000000  4.997775e-02  0.000000e+00
  0.911986  -376.845978  -318.710700    0.000000  4.972467e-02  0.000000e+00
  0.912146  -376.703177  -318.700501    0.000000  4.944731e-02  0.000000e+00
  0.912306  -376.560324  -318.689281    0.000000  4.914571e-02  0.000000e+00
  0.912466  -376.417421  -318.677044    0.000000  4.881990e-02  0.000000e+00
  0.912626  -376.274473  -318.663794    0.000000  4.846993e-02  0.000000e+00
  0.912786  -376.131486  -318.649535    0.000000  4.809586e-02  0.000000e+00
  0.912946  -375.988463  -318.634273    0.000000  4.769774e-02  0.000000e+00
  0.913106  -375.845409  -318.618014    0.000000  4.727565e-02  0.000000e+00
  0.913266  -375.702328  -318.600765    0.000000  4.682966e-02  0.000000e+00
  0.913426  -375.559225  -318.582531    0.000000  4.635987e-02  0.000000e+00
  0.913586  -375.416105  -318.563322    0.000000  4.586635e-02  0.000000e+00
  0.913746  -375.272970  -318.543144    0.000000  4.534920e-02  0.000000e+00
  0.913906  -375.129827  -318.522006    0.000000  4.480850e-02  0.000000e+00
  0.914066  -374.986679  -318.499919    0.000000  4.424434e-02  0.000000e+00
  0.914226  -374.843530  -318.476890    0.000000  4.365680e-02  0.000000e+00
  0.914386  -374.700385  -318.452931    0.000000  4.304596e-02  0.000000e+00
  0.914546  -374.557248  -318.428053    0.000000  4.241190e-02  0.000000e+00
  0.914706  -374.414124  -318.402267    0.000000  4.175468e-02  0.000000e+00
  0.914866  -374.271016  -318.375585    0.000000  4.107436e-02  0.000000e+00
  0.915026  -374.127928  -318.348021    0.000000  4.037098e-02  0.000000e+00
  0.915186  -373.984865  -318.319587    0.000000  3.964456e-02  0.000000e+00
  0.915346  -373.841831  -318.290297    0.000000  3.889512e-02  0.000000e+00
  0.915506  -373.698828  -318.260167    0.000000  3.812266e-02  0.000000e+00
  0.915667  -373.555862  -318.229211    0.000000  3.732716e-02  0.000000e+00
  0.915827  -373.412936  -318.197445    0.000000  3.650855e-02  0.000000e+00
  0.915987  -373.270053  -318.164887    0.000000  3.566678e-02  0.000000e+00
  0.916147  -373.127218  -318.131552    0.000000  3.480175e-02  0.000000e+00
  0.916307  -372.984432  -318.097460    0.000000  3.391333e-02  0.000000e+00
  0.916467  -372.841701  -318.062628    0.000000  3.300136e-02  0.000000e+00
  0.916627  -372.699027  -318.027076    0.000000  3.206566e-02  0.000000e+00
  0.916787  -372.556414  -317.990823    0.000000  3.110601e-02  0.000000e+00
  0.916947  -372.413864  -317.953892    0.000000  3.012214e-02  0.000000e+00
  0.917107  -372.271380  -317.916302    0.000000  2.911375e-02  0.000000e+00
  0.917267  -372.128965  -317.878076    0.000000  2.808051e-02  0.000000e+00
  0.917427  -371.986623  -317.839236    0.000000  2.702203e-02  0.000000e+00
  0.917587  -371.844354  -317.799807    0.000000  2.593788e-02  0.000000e+00
  0.917747  -371.702163  -317.759812    0.000000  2.482758e-02  0.000000e+00
  0.917907  -371.560051  -317.719276    0.000000  2.369061e-02  0.000000e+00
  0.918067  -371.418020  -317.678225    0.000000  2.252638e-02  0.000000e+00
  0.918227  -371.276072  -317.636685    0.000000  2.133427e-02  0.000000e+00
  0.918387  -371.134210  -317.594683    0.000000  2.011357e-02  0.000000e+00
  0.918547  -370.992434  -317.552249    0.000000  1.886354e-02  0.000000e+00
  0.918707  -370.850747  -317.509409    0.000000  1.758337e-02  0.000000e+00
  0.918867  -370.709150  -317.466194    0.000000  1.627219e-02  0.000000e+00
  0.919027  -370.567643  -317.422634    0.000000  1.492905e-02  0.000000e+00
  0.919187  -370.426229  -317.378759    0.000000  1.355296e-02  0.000000e+00
  0.919347  -370.284907  -317.334603    0.000000  1.214283e-02  0.000000e+00
  0.919507  -370.143679  -317.290197    0.000000  1.069753e-02  0.000000e+00
  0.919667  -370.002544  -317.245574    0.000000  9.215842e-03  0.000000e+00
  0.919827  -369.861504  -317.200770    0.000000  7.696480e-03  0.000000e+00
  0.919987  -369.720558  -317.155820    0.000000  6.138083e-03  0.000000e+00
  0.920147  -369.579707  -317.110758    0.000000  4.539218e-03  0.000000e+00
  0.920307  -369.438949  -317.065622    0.000000  2.898376e-03  0.000000e+00
  0.920467  -369.298284  -317.020450    0.000000  1.213976e-03  0.000000e+00
  0.920627  -369.157712  -316.975280    0.000000  5.156389e-04  0.000000e+00
  0.920787  -369.017231  -316.930151    0.000000  2.291770e-03  0.000000e+00
  0.920947  -368.876840  -316.885103    0.000000  4.113457e-03  0.000000e+00
  0.921107  -368.736539  -316.840178    0.000000  5.978993e-03  0.000000e+00
  0.921267  -368.596324  -316.795417    0.000000  7.886694e-03  0.000000e+00
  0.921427  -368.456195  -316.750862    0.000000  9.834885e-03  0.000000e+00
  0.921587  -368.316149  -316.706557    0.000000  1.182189e-02  0.000000e+00
  0.921747  -368.176185  -316.662544    0.000000  1.384600e-02  0.000000e+00
  0.921908  -368.036299  -316.618869    0.000000  1.590549e-02  0.000000e+00
  0.922068  -367.896489  -316.575574    0.000000  1.799855e-02  0.000000e+00
  0.922228  -367.756753  -316.532705    0.000000  2.012332e-02  0.000000e+00
  0.922388  -367.617088  -316.490306    0.000000  2.227784e-02  0.000000e+00
  0.922548  -367.477490  -316.448423    0.000000  2.446002e-02  0.000000e+00
  0.922708  -367.337957  -316.407100    0.000000  2.666765e-02  0.000000e+00
  0.922868  -367.198486  -316.366384    0.000000  2.889838e-02  0.000000e+00
  0.923028  -367.059073  -316.326318    0.000000  3.114965e-02  0.000000e+00
  0.923188  -366.919715  -316.286948    0.000000  3.341873e-02  0.000000e+00
  0.923348  -366.780409  -316.248319    0.000000  3.570266e-02  0.000000e+00
  0.923508  -366.641150  -316.210476    0.000000  3.799827e-02  0.000000e+00
  0.923668  -366.501936  -316.173463    0.000000  4.030212e-02  0.000000e+00
  0.923828  -366.362763  -316.137323    0.000000  4.261049e-02  0.000000e+00
  0.923988  -366.223626  -316.102101    0.000000  4.491941e-02  0.000000e+00
  0.924148  -366.084523  -316.067839    0.000000  4.722457e-02  0.000000e+00
  0.924308  -365.945450  -316.034580    0.000000  4.952139e-02  0.000000e+00
  0.924468  -365.806403  -316.002365    0.000000  5.180497e-02  0.000000e+00
  0.924628  -365.667378  -315.971236    0.000000  5.407008e-02  0.000000e+00
  0.924788  -365.528372  -315.941232    0.000000  5.631119e-02  0.000000e+00
  0.924948  -365.389381  -315.912393    0.000000  5.852245e-02  0.000000e+00
  0.925108  -365.250401  -315.884758    0.000000  6.069771e-02  0.000000e+00
  0.925268  -365.111428  -315.858363    0.000000  6.283054e-02  0.000000e+00
  0.925428  -364.972459  -315.833246    0.000000  6.491423e-02  0.000000e+00
  0.925588  -364.833491  -315.809441    0.000000  6.694187e-02  0.000000e+00
  0.925748  -364.694520  -315.786982    0.000000  6.890629e-02  0.000000e+00
  0.925908  -364.555543  -315.765903    0.000000  7.080019e-02  0.000000e+00
  0.926068  -364.416556  -315.746233    0.000000  7.261614e-02  0.000000e+00
  0.926228  -364.277556  -315.728005    0.000000  7.434661e-02  0.000000e+00
  0.926388  -364.138540  -315.711244    0.000000  7.598408e-02  0.000000e+00
  0.926548  -363.999506  -315.695980    0.000000  7.752105e-02  0.000000e+00
  0.926708  -363.860449  -315.682236    0.000000  7.895012e-02  0.000000e+00
  0.926868  -363.721369  -315.670037    0.000000  8.026406e-02  0.000000e+00
  0.927028  -363.582261  -315.659404    0.000000  8.145586e-02  0.000000e+00
  0.927188  -363.443124  -315.650357    0.000000  8.251882e-02  0.000000e+00
  0.927348  -363.303956  -315.642914    0.000000  8.344660e-02  0.000000e+00
  0.927508  -363.164754  -315.637092    0.000000  8.423329e-02  0.000000e+00
  0.927668  -363.025517  -315.632904    0.000000  8.487344e-02  0.000000e+00
  0.927828  -362.886242  -315.630363    0.000000  8.536219e-02  0.000000e+00
  0.927988  -362.746929  -315.629477    0.000000  8.569522e-02  0.000000e+00
  0.928149  -362.607577  -315.630255    0.000000  8.586889e-02  0.000000e+00
  0.928309  -362.468183  -315.632701    0.000000  8.588095e-02  0.000000e+00
  0.928469  -362.328748  -315.636819    0.000000  8.573383e-02  0.000000e+00
  0.928629  -362.189271  -315.642608    0.000000  8.543176e-02  0.000000e+00
  0.928789  -362.049751  -315.650068    0.000000  8.497952e-02  0.000000e+00
  0.928949  -361.910189  -315.659193    0.000000  8.438237e-02  0.000000e+00
  0.929109  -361.770584  -315.669978    0.000000  8.364601e-02  0.000000e+00
  0.929269  -361.630938  -315.682413    0.000000  8.277650e-02  0.000000e+00
  0.929429  -361.491249  -315.696489    0.000000  8.178026e-02  0.000000e+00
  0.929589  -361.351520  -315.712193    0.000000  8.066392e-02  0.000000e+00
  0.929749  -361.211751  -315.729510    0.000000  7.943434e-02  0.000000e+00
  0.929909  -361.071944  -315.748423    0.000000  7.809849e-02  0.000000e+00
  0.930069  -360.932098  -315.768914    0.000000  7.666341e-02  0.000000e+00
  0.930229  -360.792217  -315.790962    0.000000  7.513615e-02  0.000000e+00
  0.930389  -360.652302  -315.814546    0.000000  7.352372e-02  0.000000e+00
  0.930549  -360.512353  -315.839640    0.000000  7.183301e-02  0.000000e+00
  0.930709  -360.372375  -315.866220    0.000000  7.007078e-02  0.000000e+00
  0.930869  -360.232367  -315.894257    0.000000  6.824358e-02  0.000000e+00
  0.931029  -360.092334  -315.923724    0.000000  6.635773e-02  0.000000e+00
  0.931189  -359.952277  -315.954588    0.000000  6.441927e-02  0.000000e+00
  0.931349  -359.812198  -315.986818    0.000000  6.243398e-02  0.000000e+00
  0.931509  -359.672101  -316.020381    0.000000  6.040729e-02  0.000000e+00
  0.931669  -359.531988  -316.055241    0.000000  5.834430e-02  0.000000e+00
  0.931829  -359.391863  -316.091361    0.000000  5.624977e-02  0.000000e+00
  0.931989  -359.251727  -316.128704    0.000000  5.412807e-02  0.000000e+00
  0.932149  -359.111585  -316.167231    0.000000  5.198326e-02  0.000000e+00
  0.932309  -358.971440  -316.206901    0.000000  4.981898e-02  0.000000e+00
  0.932469  -358.831295  -316.247673    0.000000  4.763854e-02  0.000000e+00
  0.932629  -358.691153  -316.289504    0.000000  4.544489e-02  0.000000e+00
  0.932789  -358.551019  -316.332351    0.000000  4.324061e-02  0.000000e+00
  0.932949  -358.410895  -316.376167    0.000000  4.102797e-02  0.000000e+00
  0.933109  -358.270786  -316.420908    0.000000  3.880889e-02  0.000000e+00
  0.933269  -358.130695  -316.466527    0.000000  3.658498e-02  0.000000e+00
  0.933429  -357.990625  -316.512976    0.000000  3.435755e-02  0.000000e+00
  0.933589  -357.850582  -316.560207    0.000000  3.212763e-02  0.000000e+00
  0.933749  -357.710569  -316.608169    0.000000  2.989598e-02  0.000000e+00
  0.933909  -357.570590  -316.656813    0.000000  2.766308e-02  0.000000e+00
  0.934069  -357.430648  -316.706088    0.000000  2.542922e-02  0.000000e+00
  0.934229  -357.290749  -316.755943    0.000000  2.319442e-02  0.000000e+00
  0.934390  -357.150896  -316.806325    0.000000  2.095854e-02  0.000000e+00
  0.934550  -357.011094  -316.857182    0.000000  1.872122e-02  0.000000e+00
  0.934710  -356.871346  -316.908460    0.000000  1.648195e-02  0.000000e+00
  0.934870  -356.731657  -316.960106    0.000000  1.424004e-02  0.000000e+00
  0.935030  -356.592031  -317.012066    0.000000  1.199468e-02  0.000000e+00
  0.935190  -356.452472  -317.064284    0.000000  9.744927e-03  0.000000e+00
  0.935350  -356.312985  -317.116707    0.000000  7.489740e-03  0.000000e+00
  0.935510  -356.173573  -317.169279    0.000000  5.227973e-03  0.000000e+00
  0.935670  -356.034242  -317.221945    0.000000  2.958407e-03  0.000000e+00
  0.935830  -355.894994  -317.274650    0.000000  6.797601e-04  0.000000e+00
  0.935990  -355.755835  -317.327337    0.000000  1.609297e-03  0.000000e+00
  0.936150  -355.616768  -317.379950    0.000000  3.910124e-03  0.000000e+00
  0.936310  -355.477797  -317.432436    0.000000  6.224098e-03  0.000000e+00
  0.936470  -355.338927  -317.484736    0.000000  8.552592e-03  0.000000e+00
  0.936630  -355.200162  -317.536796    0.000000  1.089696e-02  0.000000e+00
  0.936790  -355.061505  -317.588561    0.000000  1.325854e-02  0.000000e+00
  0.936950  -354.922961  -317.639974    0.000000  1.563858e-02  0.000000e+00
  0.937110  -354.784533  -317.690980    0.000000  1.803828e-02  0.000000e+00
  0.937270  -354.646225  -317.741525    0.000000  2.045875e-02  0.000000e+00
  0.937430  -354.508041  -317.791554    0.000000  2.290097e-02  0.000000e+00
  0.937590  -354.369984  -317.841012    0.000000  2.536580e-02  0.000000e+00
  0.937750  -354.232059  -317.889846    0.000000  2.785393e-02  0.000000e+00
  0.937910  -354.094268  -317.938002    0.000000  3.036587e-02  0.000000e+00
  0.938070  -353.956615  -317.985427    0.000000  3.290193e-02  0.000000e+00
  0.938230  -353.819104  -318.032069    0.000000  3.546216e-02  0.000000e+00
  0.938390  -353.681737  -318.077875    0.000000  3.804637e-02  0.000000e+00
  0.938550  -353.544517  -318.122795    0.000000  4.065406e-02  0.000000e+00
  0.938710  -353.407448  -318.166777    0.000000  4.328441e-02  0.000000e+00
  0.938870  -353.270532  -318.209773    0.000000  4.593626e-02  0.000000e+00
  0.939030  -353.133772  -318.251734    0.000000  4.860805e-02  0.000000e+00
  0.939190  -352.997170  -318.292610    0.000000  5.129780e-02  0.000000e+00
  0.939350  -352.860730  -318.332354    0.000000  5.400309e-02  0.000000e+00
  0.939510  -352.724453  -318.370921    0.000000  5.672102e-02  0.000000e+00
  0.939670  -352.588341  -318.408265    0.000000  5.944818e-02  0.000000e+00
  0.939830  -352.452397  -318.444342    0.000000  6.218064e-02  0.000000e+00
  0.939990  -352.316623  -318.479107    0.000000  6.491388e-02  0.000000e+00
  0.940150  -352.181019  -318.512520    0.000000  6.764284e-02  0.000000e+00
  0.940310  -352.045587  -318.544538    0.000000  7.036184e-02  0.000000e+00
  0.940470  -351.910330  -318.575123    0.000000  7.306461e-02  0.000000e+00
  0.940631  -351.775247  -318.604236    0.000000  7.574425e-02  0.000000e+00
  0.940791  -351.640340  -318.631838    0.000000  7.839328e-02  0.000000e+00
  0.940951  -351.505610  -318.657896    0.000000  8.100361e-02  0.000000e+00
  0.941111  -351.371057  -318.682373    0.000000  8.356658e-02  0.000000e+00
  0.941271  -351.236682  -318.705238    0.000000  8.607297e-02  0.000000e+00
  0.941431  -351.102485  -318.726458    0.000000  8.851310e-02  0.000000e+00
  0.941591  -350.968465  -318.746004    0.000000  9.087679e-02  0.000000e+00
  0.941751  -350.834623  -318.763847    0.000000  9.315352e-02  0.000000e+00
  0.941911  -350.700957  -318.779961    0.000000  9.533243e-02  0.000000e+00
  0.942071  -350.567468  -318.794320    0.000000  9.740246e-02  0.000000e+00
  0.942231  -350.434154  -318.806902    0.000000  9.935242e-02  0.000000e+00
  0.942391  -350.301013  -318.817686    0.000000  1.011711e-01  0.000000e+00
  0.942551  -350.168046  -318.826650    0.000000  1.028474e-01  0.000000e+00
  0.942711  -350.035249  -318.833779    0.000000  1.043705e-01  0.000000e+00
  0.942871  -349.902621  -318.839055    0.000000  1.057298e-01  0.000000e+00
  0.943031  -349.770159  -318.842466    0.000000  1.069152e-01  0.000000e+00
  0.943191  -349.637862  -318.843999    0.000000  1.079177e-01  0.000000e+00
  0.943351  -349.505726  -318.843645    0.000000  1.087316e-01  0.000000e+00
  0.943511  -349.373748  -318.841396    0.000000  1.093539e-01  0.000000e+00
  0.943671  -349.241925  -318.837247    0.000000  1.097829e-01  0.000000e+00
  0.943831  -349.110254  -318.831195    0.000000  1.100175e-01  0.000000e+00
  0.943991  -348.978729  -318.823237    0.000000  1.100582e-01  0.000000e+00
  0.944151  -348.847349  -318.813374    0.000000  1.099062e-01  0.000000e+00
  0.944311  -348.716107  -318.801608    0.000000  1.095639e-01  0.000000e+00
  0.944471  -348.585001  -318.787943    0.000000  1.090347e-01  0.000000e+00
  0.944631  -348.454024  -318.772386    0.000000  1.083232e-01  0.000000e+00
  0.944791  -348.323172  -318.754944    0.000000  1.074346e-01  0.000000e+00
  0.944951  -348.192440  -318.735627    0.000000  1.063754e-01  0.000000e+00
  0.945111  -348.061823  -318.714445    0.000000  1.051525e-01  0.000000e+00
  0.945271  -347.931314  -318.691411    0.000000  1.037737e-01  0.000000e+00
  0.945431  -347.800909  -318.666541    0.000000  1.022474e-01  0.000000e+00
  0.945591  -347.670602  -318.639849    0.000000  1.005823e-01  0.000000e+00
  0.945751  -347.540386  -318.611354    0.000000  9.878786e-02  0.000000e+00
  0.945911  -347.410255  -318.581075    0.000000  9.687344e-02  0.000000e+00
  0.946071  -347.280204  -318.549033    0.000000  9.484878e-02  0.000000e+00
  0.946231  -347.150225  -318.515249    0.000000  9.272364e-02  0.000000e+00
  0.946391  -347.020312  -318.479747    0.000000  9.050775e-02  0.000000e+00
  0.946551  -346.890459  -318.442552    0.000000  8.821076e-02  0.000000e+00
  0.946711  -346.760658  -318.403691    0.000000  8.584211e-02  0.000000e+00
  0.946871  -346.630902  -318.363190    0.000000  8.341099e-02  0.000000e+00
  0.947032  -346.501186  -318.321079    0.000000  8.092627e-02  0.000000e+00
  0.947192  -346.371501  -318.277388    0.000000  7.839643e-02  0.000000e+00
  0.947352  -346.241841  -318.232148    0.000000  7.582956e-02  0.000000e+00
  0.947512  -346.112198  -318.185392    0.000000  7.323326e-02  0.000000e+00
  0.947672  -345.982565  -318.137152    0.000000  7.061470e-02  0.000000e+00
  0.947832  -345.852935  -318.087464    0.000000  6.798050e-02  0.000000e+00
  0.947992  -345.723300  -318.036363    0.000000  6.533681e-02  0.000000e+00
  0.948152  -345.593653  -317.983887    0.000000  6.268927e-02  0.000000e+00
  0.948312  -345.463986  -317.930072    0.000000  6.004299e-02  0.000000e+00
  0.948472  -345.334292  -317.874957    0.000000  5.740260e-02  0.000000e+00
  0.948632  -345.204564  -317.818582    0.000000  5.477224e-02  0.000000e+00
  0.948792  -345.074794  -317.760988    0.000000  5.215557e-02  0.000000e+00
  0.948952  -344.944974  -317.702214    0.000000  4.955581e-02  0.000000e+00
  0.949112  -344.815098  -317.642305    0.000000  4.697575e-02  0.000000e+00
  0.949272  -344.685157  -317.581301    0.000000  4.441776e-02  0.000000e+00
  0.949432  -344.555144  -317.519248    0.000000  4.188383e-02  0.000000e+00
  0.949592  -344.425052  -317.456188    0.000000  3.937562e-02  0.000000e+00
  0.949752  -344.294874  -317.392167    0.000000  3.689443e-02  0.000000e+00
  0.949912  -344.164602  -317.327230    0.000000  3.444125e-02  0.000000e+00
  0.950072  -344.034229  -317.261423    0.000000  3.201682e-02  0.000000e+00
  0.950232  -343.903747  -317.194794    0.000000  2.962161e-02  0.000000e+00
  0.950392  -343.773150  -317.127388    0.000000  2.725585e-02  0.000000e+00
  0.950552  -343.642431  -317.059253    0.000000  2.491958e-02  0.000000e+00
  0.950712  -343.511583  -316.990438    0.000000  2.261265e-02  0.000000e+00
  0.950872  -343.380598  -316.920990    0.000000  2.033473e-02  0.000000e+00
  0.951032  -343.249471  -316.850959    0.000000  1.808539e-02  0.000000e+00
  0.951192  -343.118195  -316.780393    0.000000  1.586403e-02  0.000000e+00
  0.951352  -342.986762  -316.709341    0.000000  1.366997e-02  0.000000e+00
  0.951512  -342.855168  -316.637854    0.000000  1.150245e-02  0.000000e+00
  0.951672  -342.723405  -316.565981    0.000000  9.360619e-03  0.000000e+00
  0.951832  -342.591468  -316.493772    0.000000  7.243584e-03  0.000000e+00
  0.951992  -342.459350  -316.421277    0.000000  5.150403e-03  0.000000e+00
  0.952152  -342.327047  -316.348545    0.000000  3.080110e-03  0.000000e+00
  0.952312  -342.194551  -316.275629    0.000000  1.031719e-03  0.000000e+00
  0.952472  -342.061859  -316.202576    0.000000  9.957577e-04  0.000000e+00
  0.952632  -341.928965  -316.129439    0.000000  3.003301e-03  0.000000e+00
  0.952792  -341.795864  -316.056267    0.000000  4.991876e-03  0.000000e+00
  0.952952  -341.662551  -315.983109    0.000000  6.962420e-03  0.000000e+00
  0.953112  -341.529021  -315.910017    0.000000  8.915834e-03  0.000000e+00
  0.953273  -341.395270  -315.837040    0.000000  1.085297e-02  0.000000e+00
  0.953433  -341.261295  -315.764227    0.000000  1.277464e-02  0.000000e+00
  0.953593  -341.127091  -315.691629    0.000000  1.468158e-02  0.000000e+00
  0.953753  -340.992654  -315.619293    0.000000  1.657446e-02  0.000000e+00
  0.953913  -340.857981  -315.547270    0.000000  1.845387e-02  0.000000e+00
  0.954073  -340.723070  -315.475607    0.000000  2.032032e-02  0.000000e+00
  0.954233  -340.587916  -315.404353    0.000000  2.217425e-02  0.000000e+00
  0.954393  -340.452518  -315.333554    0.000000  2.401596e-02  0.000000e+00
  0.954553  -340.316874  -315.263260    0.000000  2.584567e-02  0.000000e+00
  0.954713  -340.180980  -315.193516    0.000000  2.766350e-02  0.000000e+00
  0.954873  -340.044837  -315.124368    0.000000  2.946943e-02  0.000000e+00
  0.955033  -339.908441  -315.055862    0.000000  3.126334e-02  0.000000e+00
  0.955193  -339.771793  -314.988044    0.000000  3.304498e-02  0.000000e+00
  0.955353  -339.634891  -314.920958    0.000000  3.481394e-02  0.000000e+00
  0.955513  -339.497735  -314.854647    0.000000  3.656972e-02  0.000000e+00
  0.955673  -339.360324  -314.789156    0.000000  3.831165e-02  0.000000e+00
  0.955833  -339.222660  -314.724525    0.000000  4.003892e-02  0.000000e+00
  0.955993  -339.084743  -314.660796    0.000000  4.175057e-02  0.000000e+00
  0.956153  -338.946574  -314.598011    0.000000  4.344551e-02  0.000000e+00
  0.956313  -338.808154  -314.536209    0.000000  4.512248e-02  0.000000e+00
  0.956473  -338.669485  -314.475430    0.000000  4.678007e-02  0.000000e+00
  0.956633  -338.530569  -314.415710    0.000000  4.841674e-02  0.000000e+00
  0.956793  -338.391408  -314.357088    0.000000  5.003080e-02  0.000000e+00
  0.956953  -338.252006  -314.299600    0.000000  5.162128e-02  0.000000e+00
  0.957113  -338.112367  -314.243280    0.000000  5.318824e-02  0.000000e+00
  0.957273  -337.972492  -314.188163    0.000000  5.473168e-02  0.000000e+00
  0.957433  -337.832388  -314.134282    0.000000  5.625150e-02  0.000000e+00
  0.957593  -337.692058  -314.081668    0.000000  5.774751e-02  0.000000e+00
  0.957753  -337.551508  -314.030354    0.000000  5.921946e-02  0.000000e+00
  0.957913  -337.410742  -313.980369    0.000000  6.066696e-02  0.000000e+00
  0.958073  -337.269767  -313.931742    0.000000  6.208960e-02  0.000000e+00
  0.958233  -337.128588  -313.884502    0.000000  6.348686e-02  0.000000e+00
  0.958393  -336.987212  -313.838676    0.000000  6.485817e-02  0.000000e+00
  0.958553  -336.845646  -313.794289    0.000000  6.620290e-02  0.000000e+00
  0.958713  -336.703896  -313.751369    0.000000  6.752036e-02  0.000000e+00
  0.958873  -336.561970  -313.709939    0.000000  6.880983e-02  0.000000e+00
  0.959033  -336.419876  -313.670022    0.000000  7.007052e-02  0.000000e+00
  0.959193  -336.277623  -313.631642    0.000000  7.130166e-02  0.000000e+00
  0.959353  -336.135217  -313.594820    0.000000  7.250239e-02  0.000000e+00
  0.959514  -335.992669  -313.559577    0.000000  7.367188e-02  0.000000e+00
  0.959674  -335.849987  -313.525933    0.000000  7.480926e-02  0.000000e+00
  0.959834  -335.707181  -313.493907    0.000000  7.591369e-02  0.000000e+00
  0.959994  -335.564259  -313.463518    0.000000  7.698428e-02  0.000000e+00
  0.960154  -335.421233  -313.434783    0.000000  7.802021e-02  0.000000e+00
  0.960314  -335.278113  -313.407718    0.000000  7.902063e-02  0.000000e+00
  0.960474  -335.134908  -313.382340    0.000000  7.998474e-02  0.000000e+00
  0.960634  -334.991630  -313.358663    0.000000  8.091176e-02  0.000000e+00
  0.960794  -334.848289  -313.336701    0.000000  8.180095e-02  0.000000e+00
  0.960954  -334.704897  -313.316468    0.000000  8.265163e-02  0.000000e+00
  0.961114  -334.561466  -313.297976    0.000000  8.346314e-02  0.000000e+00
  0.961274  -334.418007  -313.281237    0.000000  8.423490e-02  0.000000e+00
  0.961434  -334.274533  -313.266263    0.000000  8.496639e-02  0.000000e+00
  0.961594  -334.131054  -313.253062    0.000000  8.565715e-02  0.000000e+00
  0.961754  -333.987585  -313.241644    0.000000  8.630679e-02  0.000000e+00
  0.961914  -333.844138  -313.232019    0.000000  8.691500e-02  0.000000e+00
  0.962074  -333.700725  -313.224194    0.000000  8.748154e-02  0.000000e+00
  0.962234  -333.557360  -313.218176    0.000000  8.800628e-02  0.000000e+00
  0.962394  -333.414056  -313.213972    0.000000  8.848914e-02  0.000000e+00
  0.962554  -333.270827  -313.211587    0.000000  8.893015e-02  0.000000e+00
  0.962714  -333.127685  -313.211027    0.000000  8.932942e-02  0.000000e+00
  0.962874  -332.984647  -313.212295    0.000000  8.968713e-02  0.000000e+00
  0.963034  -332.841724  -313.215396    0.000000  9.000359e-02  0.000000e+00
  0.963194  -332.698932  -313.220332    0.000000  9.027916e-02  0.000000e+00
  0.963354  -332.556285  -313.227106    0.000000  9.051431e-02  0.000000e+00
  0.963514  -332.413797  -313.235719    0.000000  9.070958e-02  0.000000e+00
  0.963674  -332.271483  -313.246172    0.000000  9.086560e-02  0.000000e+00
  0.963834  -332.129359  -313.258466    0.000000  9.098308e-02  0.000000e+00
  0.963994  -331.987438  -313.272599    0.000000  9.106280e-02  0.000000e+00
  0.964154  -331.845737  -313.288572    0.000000  9.110564e-02  0.000000e+00
  0.964314  -331.704270  -313.306382    0.000000  9.111252e-02  0.000000e+00
  0.964474  -331.563053  -313.326028    0.000000  9.108444e-02  0.000000e+00
  0.964634  -331.422101  -313.347505    0.000000  9.102245e-02  0.000000e+00
  0.964794  -331.281430  -313.370812    0.000000  9.092768e-02  0.000000e+00
  0.964954  -331.141056  -313.395944    0.000000  9.080127e-02  0.000000e+00
  0.965114  -331.000994  -313.422897    0.000000  9.064445e-02  0.000000e+00
  0.965274  -330.861260  -313.451664    0.000000  9.045846e-02  0.000000e+00
  0.965434  -330.721870  -313.482242    0.000000  9.024459e-02  0.000000e+00
  0.965594  -330.582841  -313.514622    0.000000  9.000415e-02  0.000000e+00
  0.965755  -330.444188  -313.548799    0.000000  8.973850e-02  0.000000e+00
  0.965915  -330.305927  -313.584765    0.000000  8.944897e-02  0.000000e+00
  0.966075  -330.168075  -313.622512    0.000000  8.913695e-02  0.000000e+00
  0.966235  -330.030648  -313.662033    0.000000  8.880383e-02  0.000000e+00
  0.966395  -329.893663  -313.703317    0.000000  8.845102e-02  0.000000e+00
  0.966555  -329.757135  -313.746356    0.000000  8.808002e-02  0.000000e+00
  0.966715  -329.621081  -313.791139    0.000000  8.769231e-02  0.000000e+00
  0.966875  -329.485518  -313.837657    0.000000  8.728936e-02  0.000000e+00
  0.967035  -329.350462  -313.885898    0.000000  8.687259e-02  0.000000e+00
  0.967195  -329.215929  -313.935851    0.000000  8.644341e-02  0.000000e+00
  0.967355  -329.081936  -313.987505    0.000000  8.600320e-02  0.000000e+00
  0.967515  -328.948498  -314.040847    0.000000  8.555328e-02  0.000000e+00
  0.967675  -328.815634  -314.095865    0.000000  8.509495e-02  0.000000e+00
  0.967835  -328.683358  -314.152545    0.000000  8.462946e-02  0.000000e+00
  0.967995  -328.551688  -314.210875    0.000000  8.415803e-02  0.000000e+00
  0.968155  -328.420639  -314.270841    0.000000  8.368181e-02  0.000000e+00
  0.968315  -328.290227  -314.332429    0.000000  8.320194e-02  0.000000e+00
  0.968475  -328.160470  -314.395623    0.000000  8.271946e-02  0.000000e+00
  0.968635  -328.031382  -314.460410    0.000000  8.223542e-02  0.000000e+00
  0.968795  -327.902981  -314.526775    0.000000  8.175076e-02  0.000000e+00
  0.968955  -327.775281  -314.594701    0.000000  8.126643e-02  0.000000e+00
  0.969115  -327.648299  -314.664173    0.000000  8.078327e-02  0.000000e+00
  0.969275  -327.522050  -314.735175    0.000000  8.030212e-02  0.000000e+00
  0.969435  -327.396550  -314.807691    0.000000  7.982373e-02  0.000000e+00
  0.969595  -327.271814  -314.881704    0.000000  7.934883e-02  0.000000e+00
  0.969755  -327.147858  -314.957197    0.000000  7.887808e-02  0.000000e+00
  0.969915  -327.024696  -315.034153    0.000000  7.841210e-02  0.000000e+00
  0.970075  -326.902345  -315.112556    0.000000  7.795144e-02  0.000000e+00
  0.970235  -326.780818  -315.192386    0.000000  7.749664e-02  0.000000e+00
  0.970395  -326.660131  -315.273627    0.000000  7.704816e-02  0.000000e+00
  0.970555  -326.540298  -315.356261    0.000000  7.660642e-02  0.000000e+00
  0.970715  -326.421332  -315.440268    0.000000  7.617180e-02  0.000000e+00
  0.970875  -326.303250  -315.525632    0.000000  7.574464e-02  0.000000e+00
  0.971035  -326.186064  -315.612334    0.000000  7.532521e-02  0.000000e+00
  0.971195  -326.069788  -315.700355    0.000000  7.491375e-02  0.000000e+00
  0.971355  -325.954435  -315.789675    0.000000  7.451048e-02  0.000000e+00
  0.971515  -325.840020  -315.880277    0.000000  7.411554e-02  0.000000e+00
  0.971675  -325.726555  -315.972142    0.000000  7.372905e-02  0.000000e+00
  0.971835  -325.614052  -316.065249    0.000000  7.335109e-02  0.000000e+00
  0.971996  -325.502525  -316.159581    0.000000  7.298170e-02  0.000000e+00
  0.972156  -325.391986  -316.255117    0.000000  7.262086e-02  0.000000e+00
  0.972316  -325.282447  -316.351839    0.000000  7.226853e-02  0.000000e+00
  0.972476  -325.173919  -316.449727    0.000000  7.192465e-02  0.000000e+00
  0.972636  -325.066414  -316.548761    0.000000  7.158908e-02  0.000000e+00
  0.972796  -324.959943  -316.648922    0.000000  7.126169e-02  0.000000e+00
  0.972956  -324.854517  -316.750191    0.000000  7.094228e-02  0.000000e+00
  0.973116  -324.750147  -316.852548    0.000000  7.063062e-02  0.000000e+00
  0.973276  -324.646843  -316.955974    0.000000  7.032647e-02  0.000000e+00
  0.973436  -324.544614  -317.060449    0.000000  7.002951e-02  0.000000e+00
  0.973596  -324.443471  -317.165954    0.000000  6.973944e-02  0.000000e+00
  0.973756  -324.343423  -317.272469    0.000000  6.945589e-02  0.000000e+00
  0.973916  -324.244478  -317.379976    0.000000  6.917846e-02  0.000000e+00
  0.974076  -324.146645  -317.488454    0.000000  6.890672e-02  0.000000e+00
  0.974236  -324.049932  -317.597885    0.000000  6.864022e-02  0.000000e+00
  0.974396  -323.954347  -317.708250    0.000000  6.837847e-02  0.000000e+00
  0.974556  -323.859897  -317.819529    0.000000  6.812093e-02  0.000000e+00
  0.974716  -323.766590  -317.931704    0.000000  6.786706e-02  0.000000e+00
  0.974876  -323.674431  -318.044756    0.000000  6.761626e-02  0.000000e+00
  0.975036  -323.583427  -318.158666    0.000000  6.736791e-02  0.000000e+00
  0.975196  -323.493584  -318.273416    0.000000  6.712135e-02  0.000000e+00
  0.975356  -323.404907  -318.388988    0.000000  6.687591e-02  0.000000e+00
  0.975516  -323.317401  -318.505364    0.000000  6.663087e-02  0.000000e+00
  0.975676  -323.231070  -318.622525    0.000000  6.638549e-02  0.000000e+00
  0.975836  -323.145918  -318.740455    0.000000  6.613899e-02  0.000000e+00
  0.975996  -323.061950  -318.859134    0.000000  6.589056e-02  0.000000e+00
  0.976156  -322.979167  -318.978547    0.000000  6.563937e-02  0.000000e+00
  0.976316  -322.897572  -319.098677    0.000000  6.538456e-02  0.000000e+00
  0.976476  -322.817167  -319.219505    0.000000  6.512524e-02  0.000000e+00
  0.976636  -322.737955  -319.341017    0.000000  6.486059e-02  0.000000e+00
  0.976796  -322.659935  -319.463195    0.000000  6.459001e-02  0.000000e+00
  0.976956  -322.583109  -319.586023    0.000000  6.431300e-02  0.000000e+00
  0.977116  -322.507477  -319.709487    0.000000  6.402906e-02  0.000000e+00
  0.977276  -322.433038  -319.833570    0.000000  6.373775e-02  0.000000e+00
  0.977436  -322.359791  -319.958257    0.000000  6.343864e-02  0.000000e+00
  0.977596  -322.287735  -320.083534    0.000000  6.313137e-02  0.000000e+00
  0.977756  -322.216868  -320.209385    0.000000  6.281557e-02  0.000000e+00
  0.977916  -322.147188  -320.335796    0.000000  6.249095e-02  0.000000e+00
  0.978076  -322.078693  -320.462753    0.000000  6.215720e-02  0.000000e+00
  0.978237  -322.011379  -320.590242    0.000000  6.181411e-02  0.000000e+00
  0.978397  -321.945243  -320.718250    0.000000  6.146144e-02  0.000000e+00
  0.978557  -321.880280  -320.846762    0.000000  6.109901e-02  0.000000e+00
  0.978717  -321.816488  -320.975767    0.000000  6.072669e-02  0.000000e+00
  0.978877  -321.753861  -321.105250    0.000000  6.034436e-02  0.000000e+00
  0.979037  -321.692393  -321.235199    0.000000  5.995192e-02  0.000000e+00
  0.979197  -321.632081  -321.365601    0.000000  5.954933e-02  0.000000e+00
  0.979357  -321.572918  -321.496445    0.000000  5.913656e-02  0.000000e+00
  0.979517  -321.514898  -321.627718    0.000000  5.871363e-02  0.000000e+00
  0.979677  -321.458015  -321.759408    0.000000  5.828056e-02  0.000000e+00
  0.979837  -321.402261  -321.891505    0.000000  5.783742e-02  0.000000e+00
  0.979997  -321.347631  -322.023996    0.000000  5.738430e-02  0.000000e+00
  0.980157  -321.294117  -322.156870    0.000000  5.692132e-02  0.000000e+00
  0.980317  -321.241711  -322.290117    0.000000  5.644862e-02  0.000000e+00
  0.980477  -321.190406  -322.423725    0.000000  5.596637e-02  0.000000e+00
  0.980637  -321.140193  -322.557685    0.000000  5.547477e-02  0.000000e+00
  0.980797  -321.091063  -322.691986    0.000000  5.497403e-02  0.000000e+00
  0.980957  -321.043009  -322.826618    0.000000  5.446438e-02  0.000000e+00
  0.981117  -320.996022  -322.961570    0.000000  5.394610e-02  0.000000e+00
  0.981277  -320.950092  -323.096835    0.000000  5.341945e-02  0.000000e+00
  0.981437  -320.905210  -323.232401    0.000000  5.288473e-02  0.000000e+00
  0.981597  -320.861367  -323.368259    0.000000  5.234227e-02  0.000000e+00
  0.981757  -320.818552  -323.504402    0.000000  5.179239e-02  0.000000e+00
  0.981917  -320.776757  -323.640819    0.000000  5.123545e-02  0.000000e+00
  0.982077  -320.735970  -323.777502    0.000000  5.067181e-02  0.000000e+00
  0.982237  -320.696182  -323.914443    0.000000  5.010185e-02  0.000000e+00
  0.982397  -320.657382  -324.051633    0.000000  4.952597e-02  0.000000e+00
  0.982557  -320.619560  -324.189065    0.000000  4.894455e-02  0.000000e+00
  0.982717  -320.582704  -324.326729    0.000000  4.835803e-02  0.000000e+00
  0.982877  -320.546805  -324.464619    0.000000  4.776683e-02  0.000000e+00
  0.983037  -320.511851  -324.602727    0.000000  4.717138e-02  0.000000e+00
  0.983197  -320.477831  -324.741045    0.000000  4.657213e-02  0.000000e+00
  0.983357  -320.444734  -324.879566    0.000000  4.596952e-02  0.000000e+00
  0.983517  -320.412548  -325.018284    0.000000  4.536401e-02  0.000000e+00
  0.983677  -320.381263  -325.157191    0.000000  4.475607e-02  0.000000e+00
  0.983837  -320.350866  -325.296280    0.000000  4.414617e-02  0.000000e+00
  0.983997  -320.321347  -325.435545    0.000000  4.353477e-02  0.000000e+00
  0.984157  -320.292694  -325.574980    0.000000  4.292236e-02  0.000000e+00
  0.984317  -320.264895  -325.714578    0.000000  4.230941e-02  0.000000e+00
  0.984478  -320.237939  -325.854333    0.000000  4.169641e-02  0.000000e+00
  0.984638  -320.211813  -325.994240    0.000000  4.108385e-02  0.000000e+00
  0.984798  -320.186508  -326.134292    0.000000  4.047220e-02  0.000000e+00
  0.984958  -320.162009  -326.274483    0.000000  3.986195e-02  0.000000e+00
  0.985118  -320.138307  -326.414809    0.000000  3.925337e-02  0.000000e+00
  0.985278  -320.115390  -326.555264    0.000000  3.864657e-02  0.000000e+00
  0.985438  -320.093245  -326.695842    0.000000  3.804166e-02  0.000000e+00
  0.985598  -320.071862  -326.836540    0.000000  3.743874e-02  0.000000e+00
  0.985758  -320.051228  -326.977350    0.000000  3.683792e-02  0.000000e+00
  0.985918  -320.031333  -327.118270    0.000000  3.623929e-02  0.000000e+00
  0.986078  -320.012164  -327.259294    0.000000  3.564296e-02  0.000000e+00
  0.986238  -319.993710  -327.400417    0.000000  3.504903e-02  0.000000e+00
  0.986398  -319.975959  -327.541636    0.000000  3.445758e-02  0.000000e+00
  0.986558  -319.958901  -327.682945    0.000000  3.386871e-02  0.000000e+00
  0.986718  -319.942524  -327.824341    0.000000  3.328253e-02  0.000000e+00
  0.986878  -319.926816  -327.965820    0.000000  3.269911e-02  0.000000e+00
  0.987038  -319.911766  -328.107377    0.000000  3.211856e-02  0.000000e+00
  0.987198  -319.897362  -328.249010    0.000000  3.154095e-02  0.000000e+00
  0.987358  -319.883594  -328.390713    0.000000  3.096638e-02  0.000000e+00
  0.987518  -319.870450  -328.532484    0.000000  3.039493e-02  0.000000e+00
  0.987678  -319.857919  -328.674319    0.000000  2.982670e-02  0.000000e+00
  0.987838  -319.845990  -328.816215    0.000000  2.926177e-02  0.000000e+00
  0.987998  -319.834651  -328.958168    0.000000  2.870022e-02  0.000000e+00
  0.988158  -319.823892  -329.100175    0.000000  2.814213e-02  0.000000e+00
  0.988318  -319.813701  -329.242234    0.000000  2.758759e-02  0.000000e+00
  0.988478  -319.804069  -329.384340    0.000000  2.703668e-02  0.000000e+00
  0.988638  -319.794983  -329.526492    0.000000  2.648949e-02  0.000000e+00
  0.988798  -319.786432  -329.668685    0.000000  2.594609e-02  0.000000e+00
  0.988958  -319.778407  -329.810919    0.000000  2.540656e-02  0.000000e+00
  0.989118  -319.770897  -329.953189    0.000000  2.487099e-02  0.000000e+00
  0.989278  -319.763890  -330.095494    0.000000  2.433945e-02  0.000000e+00
  0.989438  -319.757376  -330.237831    0.000000  2.381202e-02  0.000000e+00
  0.989598  -319.751345  -330.380197    0.000000  2.328879e-02  0.000000e+00
  0.989758  -319.745786  -330.522591    0.000000  2.276983e-02  0.000000e+00
  0.989918  -319.740689  -330.665010    0.000000  2.225521e-02  0.000000e+00
  0.990078  -319.736044  -330.807451    0.000000  2.174503e-02  0.000000e+00
  0.990238  -319.731839  -330.949913    0.000000  2.123935e-02  0.000000e+00
  0.990398  -319.728066  -331.092394    0.000000  2.073826e-02  0.000000e+00
  0.990558  -319.724714  -331.234891    0.000000  2.024183e-02  0.000000e+00
  0.990719  -319.721773  -331.377403    0.000000  1.975014e-02  0.000000e+00
  0.990879  -319.719233  -331.519928    0.000000  1.926327e-02  0.000000e+00
  0.991039  -319.717084  -331.662464    0.000000  1.878130e-02  0.000000e+00
  0.991199  -319.715317  -331.805009    0.000000  1.830431e-02  0.000000e+00
  0.991359  -319.713922  -331.947562    0.000000  1.783237e-02  0.000000e+00
  0.991519  -319.712890  -332.090122    0.000000  1.736557e-02  0.000000e+00
  0.991679  -319.712210  -332.232685    0.000000  1.690398e-02  0.000000e+00
  0.991839  -319.711874  -332.375251    0.000000  1.644769e-02  0.000000e+00
  0.991999  -319.711872  -332.517819    0.000000  1.599677e-02  0.000000e+00
  0.992159  -319.712195  -332.660387    0.000000  1.555131e-02  0.000000e+00
  0.992319  -319.712834  -332.802953    0.000000  1.511143e-02  0.000000e+00
  0.992479  -319.713781  -332.945516    0.000000  1.467735e-02  0.000000e+00
  0.992639  -319.715026  -333.088075    0.000000  1.424933e-02  0.000000e+00
  0.992799  -319.716560  -333.230628    0.000000  1.382758e-02  0.000000e+00
  0.992959  -319.718375  -333.373175    0.000000  1.341235e-02  0.000000e+00
  0.993119  -319.720463  -333.515713    0.000000  1.300386e-02  0.000000e+00
  0.993279  -319.722815  -333.658242    0.000000  1.260236e-02  0.000000e+00
  0.993439  -319.725423  -333.800761    0.000000  1.220808e-02  0.000000e+00
  0.993599  -319.728279  -333.943267    0.000000  1.182124e-02  0.000000e+00
  0.993759  -319.731375  -334.085762    0.000000  1.144209e-02  0.000000e+00
  0.993919  -319.734703  -334.228242    0.000000  1.107085e-02  0.000000e+00
  0.994079  -319.738255  -334.370707    0.000000  1.070777e-02  0.000000e+00
  0.994239  -319.742025  -334.513157    0.000000  1.035307e-02  0.000000e+00
  0.994399  -319.746004  -334.655590    0.000000  1.000700e-02  0.000000e+00
  0.994559  -319.750186  -334.798006    0.000000  9.669784e-03  0.000000e+00
  0.994719  -319.754564  -334.940402    0.000000  9.341669e-03  0.000000e+00
  0.994879  -319.759132  -335.082780    0.000000  9.022892e-03  0.000000e+00
  0.995039  -319.763881  -335.225137    0.000000  8.713692e-03  0.000000e+00
  0.995199  -319.768807  -335.367474    0.000000  8.414311e-03  0.000000e+00
  0.995359  -319.773903  -335.509788    0.000000  8.124992e-03  0.000000e+00
  0.995519  -319.779163  -335.652081    0.000000  7.845978e-03  0.000000e+00
  0.995679  -319.784581  -335.794350    0.000000  7.577516e-03  0.000000e+00
  0.995839  -319.790152  -335.936596    0.000000  7.319852e-03  0.000000e+00
  0.995999  -319.795871  -336.078818    0.000000  7.073234e-03  0.000000e+00
  0.996159  -319.801732  -336.221016    0.000000  6.837914e-03  0.000000e+00
  0.996319  -319.807730  -336.363188    0.000000  6.614142e-03  0.000000e+00
  0.996479  -319.813862  -336.505334    0.000000  6.402172e-03  0.000000e+00
  0.996639  -319.820122  -336.647455    0.000000  6.202258e-03  0.000000e+00
  0.996799  -319.826506  -336.789549    0.000000  6.014657e-03  0.000000e+00
  0.996960  -319.833012  -336.931617    0.000000  5.839625e-03  0.000000e+00
  0.997120  -319.839634  -337.073657    0.000000  5.677422e-03  0.000000e+00
  0.997280  -319.846370  -337.215671    0.000000  5.528308e-03  0.000000e+00
  0.997440  -319.853216  -337.357657    0.000000  5.392544e-03  0.000000e+00
  0.997600  -319.860170  -337.499616    0.000000  5.270394e-03  0.000000e+00
  0.997760  -319.867229  -337.641547    0.000000  5.162120e-03  0.000000e+00
  0.997920  -319.874392  -337.783450    0.000000  5.067988e-03  0.000000e+00
  0.998080  -319.881655  -337.925325    0.000000  4.988262e-03  0.000000e+00
  0.998240  -319.889018  -338.067172    0.000000  4.923210e-03  0.000000e+00
  0.998400  -319.896479  -338.208992    0.000000  4.873098e-03  0.000000e+00
  0.998560  -319.904037  -338.350784    0.000000  4.838192e-03  0.000000e+00
  0.998720  -319.911691  -338.492549    0.000000  4.818761e-03  0.000000e+00
  0.998880  -319.919440  -338.634286    0.000000  4.815072e-03  0.000000e+00
  0.999040  -319.927286  -338.775995    0.000000  4.827392e-03  0.000000e+00
  0.999200  -319.935227  -338.917678    0.000000  4.855988e-03  0.000000e+00
  0.999360  -319.943265  -339.059335    0.000000  4.901125e-03  0.000000e+00
  0.999520  -319.951400  -339.200964    0.000000  4.963071e-03  0.000000e+00
  0.999680  -319.959634  -339.342568    0.000000  5.042088e-03  0.000000e+00
  0.999840  -319.967968  -339.484147    0.000000  5.138439e-03  0.000000e+00
  1.000000  -319.976404  -339.625700    0.000000  5.252387e-03  0.000000e+00



