  …¢”µ      XC          YC          ZC      ÇúÂÊ      Á¦¾Ø
  0.000000  -186.463034   22.445857    0.000000  -4.359883e-03  0.000000e+00
  0.000258  -186.692067   22.448016    0.000000  -4.486672e-03  0.000000e+00
  0.000516  -186.921100   22.450410    0.000000  -4.602824e-03  0.000000e+00
  0.000774  -187.150134   22.453045    0.000000  -4.708538e-03  0.000000e+00
  0.001033  -187.379172   22.455927    0.000000  -4.804018e-03  0.000000e+00
  0.001291  -187.608216   22.459062    0.000000  -4.889469e-03  0.000000e+00
  0.001549  -187.837268   22.462453    0.000000  -4.965098e-03  0.000000e+00
  0.001807  -188.066331   22.466105    0.000000  -5.031115e-03  0.000000e+00
  0.002065  -188.295408   22.470022    0.000000  -5.087731e-03  0.000000e+00
  0.002323  -188.524499   22.474205    0.000000  -5.135159e-03  0.000000e+00
  0.002581  -188.753608   22.478659    0.000000  -5.173614e-03  0.000000e+00
  0.002839  -188.982737   22.483385    0.000000  -5.203313e-03  0.000000e+00
  0.003098  -189.211887   22.488384    0.000000  -5.224476e-03  0.000000e+00
  0.003356  -189.441061   22.493659    0.000000  -5.237322e-03  0.000000e+00
  0.003614  -189.670261   22.499209    0.000000  -5.242073e-03  0.000000e+00
  0.003872  -189.899489   22.505036    0.000000  -5.238953e-03  0.000000e+00
  0.004130  -190.128747   22.511139    0.000000  -5.228185e-03  0.000000e+00
  0.004388  -190.358038   22.517518    0.000000  -5.209996e-03  0.000000e+00
  0.004646  -190.587362   22.524173    0.000000  -5.184612e-03  0.000000e+00
  0.004904  -190.816721   22.531101    0.000000  -5.152261e-03  0.000000e+00
  0.005163  -191.046119   22.538302    0.000000  -5.113172e-03  0.000000e+00
  0.005421  -191.275556   22.545774    0.000000  -5.067573e-03  0.000000e+00
  0.005679  -191.505034   22.553514    0.000000  -5.015695e-03  0.000000e+00
  0.005937  -191.734555   22.561521    0.000000  -4.957767e-03  0.000000e+00
  0.006195  -191.964121   22.569791    0.000000  -4.894021e-03  0.000000e+00
  0.006453  -192.193733   22.578321    0.000000  -4.824687e-03  0.000000e+00
  0.006711  -192.423393   22.587107    0.000000  -4.749996e-03  0.000000e+00
  0.006970  -192.653102   22.596147    0.000000  -4.670180e-03  0.000000e+00
  0.007228  -192.882862   22.605436    0.000000  -4.585469e-03  0.000000e+00
  0.007486  -193.112674   22.614969    0.000000  -4.496093e-03  0.000000e+00
  0.007744  -193.342540   22.624743    0.000000  -4.402283e-03  0.000000e+00
  0.008002  -193.572462   22.634753    0.000000  -4.304270e-03  0.000000e+00
  0.008260  -193.802439   22.644993    0.000000  -4.202283e-03  0.000000e+00
  0.008518  -194.032474   22.655459    0.000000  -4.096549e-03  0.000000e+00
  0.008776  -194.262567   22.666146    0.000000  -3.987299e-03  0.000000e+00
  0.009035  -194.492720   22.677046    0.000000  -3.874759e-03  0.000000e+00
  0.009293  -194.722934   22.688156    0.000000  -3.759155e-03  0.000000e+00
  0.009551  -194.953210   22.699469    0.000000  -3.640714e-03  0.000000e+00
  0.009809  -195.183548   22.710978    0.000000  -3.519660e-03  0.000000e+00
  0.010067  -195.413949   22.722678    0.000000  -3.396216e-03  0.000000e+00
  0.010325  -195.644415   22.734563    0.000000  -3.270606e-03  0.000000e+00
  0.010583  -195.874946   22.746625    0.000000  -3.143050e-03  0.000000e+00
  0.010842  -196.105542   22.758859    0.000000  -3.013770e-03  0.000000e+00
  0.011100  -196.336204   22.771257    0.000000  -2.882983e-03  0.000000e+00
  0.011358  -196.566933   22.783813    0.000000  -2.750908e-03  0.000000e+00
  0.011616  -196.797729   22.796520    0.000000  -2.617761e-03  0.000000e+00
  0.011874  -197.028592   22.809370    0.000000  -2.483758e-03  0.000000e+00
  0.012132  -197.259523   22.822358    0.000000  -2.349112e-03  0.000000e+00
  0.012390  -197.490522   22.835475    0.000000  -2.214035e-03  0.000000e+00
  0.012648  -197.721588   22.848714    0.000000  -2.078740e-03  0.000000e+00
  0.012907  -197.952723   22.862069    0.000000  -1.943435e-03  0.000000e+00
  0.013165  -198.183925   22.875533    0.000000  -1.808329e-03  0.000000e+00
  0.013423  -198.415195   22.889098    0.000000  -1.673631e-03  0.000000e+00
  0.013681  -198.646533   22.902756    0.000000  -1.539544e-03  0.000000e+00
  0.013939  -198.877938   22.916502    0.000000  -1.406275e-03  0.000000e+00
  0.014197  -199.109410   22.930327    0.000000  -1.274026e-03  0.000000e+00
  0.014455  -199.340948   22.944225    0.000000  -1.143000e-03  0.000000e+00
  0.014713  -199.572552   22.958188    0.000000  -1.013397e-03  0.000000e+00
  0.014972  -199.804221   22.972210    0.000000  -8.854183e-04  0.000000e+00
  0.015230  -200.035955   22.986284    0.000000  -7.592612e-04  0.000000e+00
  0.015488  -200.267752   23.000402    0.000000  -6.351239e-04  0.000000e+00
  0.015746  -200.499612   23.014559    0.000000  -5.132030e-04  0.000000e+00
  0.016004  -200.731534   23.028747    0.000000  -3.936940e-04  0.000000e+00
  0.016262  -200.963516   23.042961    0.000000  -2.767918e-04  0.000000e+00
  0.016520  -201.195558   23.057193    0.000000  -1.626902e-04  0.000000e+00
  0.016779  -201.427657   23.071437    0.000000  -5.158245e-05  0.000000e+00
  0.017037  -201.659813   23.085688    0.000000  5.633916e-05  0.000000e+00
  0.017295  -201.892025   23.099939    0.000000  1.608828e-04  0.000000e+00
  0.017553  -202.124289   23.114184    0.000000  2.618572e-04  0.000000e+00
  0.017811  -202.356606   23.128419    0.000000  3.590718e-04  0.000000e+00
  0.018069  -202.588972   23.142637    0.000000  4.523360e-04  0.000000e+00
  0.018327  -202.821386   23.156833    0.000000  5.414599e-04  0.000000e+00
  0.018585  -203.053846   23.171003    0.000000  6.262537e-04  0.000000e+00
  0.018844  -203.286350   23.185141    0.000000  7.065276e-04  0.000000e+00
  0.019102  -203.518895   23.199244    0.000000  7.820920e-04  0.000000e+00
  0.019360  -203.751480   23.213307    0.000000  8.527570e-04  0.000000e+00
  0.019618  -203.984101   23.227325    0.000000  9.183328e-04  0.000000e+00
  0.019876  -204.216756   23.241295    0.000000  9.786291e-04  0.000000e+00
  0.020134  -204.449442   23.255214    0.000000  1.033455e-03  0.000000e+00
  0.020392  -204.682157   23.269079    0.000000  1.082620e-03  0.000000e+00
  0.020650  -204.914898   23.282886    0.000000  1.125931e-03  0.000000e+00
  0.020909  -205.147660   23.296633    0.000000  1.163196e-03  0.000000e+00
  0.021167  -205.380442   23.310318    0.000000  1.194221e-03  0.000000e+00
  0.021425  -205.613240   23.323939    0.000000  1.218812e-03  0.000000e+00
  0.021683  -205.846051   23.337494    0.000000  1.236773e-03  0.000000e+00
  0.021941  -206.078870   23.350983    0.000000  1.247905e-03  0.000000e+00
  0.022199  -206.311694   23.364404    0.000000  1.252011e-03  0.000000e+00
  0.022457  -206.544520   23.377756    0.000000  1.248889e-03  0.000000e+00
  0.022716  -206.777343   23.391041    0.000000  1.238337e-03  0.000000e+00
  0.022974  -207.010160   23.404258    0.000000  1.220151e-03  0.000000e+00
  0.023232  -207.242966   23.417407    0.000000  1.194122e-03  0.000000e+00
  0.023490  -207.475756   23.430491    0.000000  1.160043e-03  0.000000e+00
  0.023748  -207.708527   23.443511    0.000000  1.117810e-03  0.000000e+00
  0.024006  -207.941273   23.456468    0.000000  1.067559e-03  0.000000e+00
  0.024264  -208.173991   23.469366    0.000000  1.009452e-03  0.000000e+00
  0.024522  -208.406674   23.482207    0.000000  9.436517e-04  0.000000e+00
  0.024781  -208.639319   23.494995    0.000000  8.703164e-04  0.000000e+00
  0.025039  -208.871920   23.507733    0.000000  7.896015e-04  0.000000e+00
  0.025297  -209.104471   23.520425    0.000000  7.016602e-04  0.000000e+00
  0.025555  -209.336969   23.533077    0.000000  6.066428e-04  0.000000e+00
  0.025813  -209.569407   23.545692    0.000000  5.046974e-04  0.000000e+00
  0.026071  -209.801781   23.558276    0.000000  3.959696e-04  0.000000e+00
  0.026329  -210.034084   23.570835    0.000000  2.806028e-04  0.000000e+00
  0.026588  -210.266313   23.583375    0.000000  1.587387e-04  0.000000e+00
  0.026846  -210.498460   23.595902    0.000000  3.051663e-05  0.000000e+00
  0.027104  -210.730521   23.608423    0.000000  -1.039253e-04  0.000000e+00
  0.027362  -210.962491   23.620944    0.000000  -2.444505e-04  0.000000e+00
  0.027620  -211.194365   23.633474    0.000000  -3.909238e-04  0.000000e+00
  0.027878  -211.426136   23.646019    0.000000  -5.432108e-04  0.000000e+00
  0.028136  -211.657799   23.658588    0.000000  -7.011779e-04  0.000000e+00
  0.028394  -211.889350   23.671188    0.000000  -8.646921e-04  0.000000e+00
  0.028653  -212.120783   23.683828    0.000000  -1.033620e-03  0.000000e+00
  0.028911  -212.352094   23.696517    0.000000  -1.207830e-03  0.000000e+00
  0.029169  -212.583276   23.709265    0.000000  -1.387187e-03  0.000000e+00
  0.029427  -212.814326   23.722079    0.000000  -1.571558e-03  0.000000e+00
  0.029685  -213.045238   23.734970    0.000000  -1.760807e-03  0.000000e+00
  0.029943  -213.276008   23.747947    0.000000  -1.954798e-03  0.000000e+00
  0.030201  -213.506631   23.761020    0.000000  -2.153393e-03  0.000000e+00
  0.030459  -213.737103   23.774200    0.000000  -2.356451e-03  0.000000e+00
  0.030718  -213.967419   23.787497    0.000000  -2.563830e-03  0.000000e+00
  0.030976  -214.197575   23.800921    0.000000  -2.775383e-03  0.000000e+00
  0.031234  -214.427568   23.814483    0.000000  -2.990963e-03  0.000000e+00
  0.031492  -214.657393   23.828194    0.000000  -3.210416e-03  0.000000e+00
  0.031750  -214.887047   23.842065    0.000000  -3.433586e-03  0.000000e+00
  0.032008  -215.116527   23.856107    0.000000  -3.660313e-03  0.000000e+00
  0.032266  -215.345828   23.870333    0.000000  -3.890430e-03  0.000000e+00
  0.032525  -215.574950   23.884752    0.000000  -4.123766e-03  0.000000e+00
  0.032783  -215.803888   23.899378    0.000000  -4.360145e-03  0.000000e+00
  0.033041  -216.032640   23.914221    0.000000  -4.599383e-03  0.000000e+00
  0.033299  -216.261204   23.929295    0.000000  -4.841293e-03  0.000000e+00
  0.033557  -216.489578   23.944609    0.000000  -5.085676e-03  0.000000e+00
  0.033815  -216.717760   23.960178    0.000000  -5.332330e-03  0.000000e+00
  0.034073  -216.945749   23.976013    0.000000  -5.581043e-03  0.000000e+00
  0.034331  -217.173544   23.992126    0.000000  -5.831596e-03  0.000000e+00
  0.034590  -217.401144   24.008530    0.000000  -6.083760e-03  0.000000e+00
  0.034848  -217.628548   24.025238    0.000000  -6.337299e-03  0.000000e+00
  0.035106  -217.855757   24.042260    0.000000  -6.591966e-03  0.000000e+00
  0.035364  -218.082770   24.059611    0.000000  -6.847506e-03  0.000000e+00
  0.035622  -218.309588   24.077303    0.000000  -7.103652e-03  0.000000e+00
  0.035880  -218.536213   24.095348    0.000000  -7.360128e-03  0.000000e+00
  0.036138  -218.762644   24.113758    0.000000  -7.616649e-03  0.000000e+00
  0.036396  -218.988884   24.132548    0.000000  -7.872917e-03  0.000000e+00
  0.036655  -219.214936   24.151728    0.000000  -8.128623e-03  0.000000e+00
  0.036913  -219.440800   24.171312    0.000000  -8.383449e-03  0.000000e+00
  0.037171  -219.666481   24.191312    0.000000  -8.637064e-03  0.000000e+00
  0.037429  -219.891982   24.211740    0.000000  -8.889127e-03  0.000000e+00
  0.037687  -220.117306   24.232610    0.000000  -9.139284e-03  0.000000e+00
  0.037945  -220.342457   24.253933    0.000000  -9.387174e-03  0.000000e+00
  0.038203  -220.567441   24.275723    0.000000  -9.632419e-03  0.000000e+00
  0.038462  -220.792262   24.297990    0.000000  -9.874635e-03  0.000000e+00
  0.038720  -221.016925   24.320749    0.000000  -1.011343e-02  0.000000e+00
  0.038978  -221.241438   24.344009    0.000000  -1.034838e-02  0.000000e+00
  0.039236  -221.465806   24.367785    0.000000  -1.057911e-02  0.000000e+00
  0.039494  -221.690037   24.392087    0.000000  -1.080541e-02  0.000000e+00
  0.039752  -221.914138   24.416928    0.000000  -1.102721e-02  0.000000e+00
  0.040010  -222.138117   24.442319    0.000000  -1.124446e-02  0.000000e+00
  0.040268  -222.361983   24.468272    0.000000  -1.145712e-02  0.000000e+00
  0.040527  -222.585744   24.494799    0.000000  -1.166515e-02  0.000000e+00
  0.040785  -222.809410   24.521911    0.000000  -1.186852e-02  0.000000e+00
  0.041043  -223.032990   24.549619    0.000000  -1.206721e-02  0.000000e+00
  0.041301  -223.256494   24.577934    0.000000  -1.226123e-02  0.000000e+00
  0.041559  -223.479931   24.606869    0.000000  -1.245058e-02  0.000000e+00
  0.041817  -223.703313   24.636434    0.000000  -1.263529e-02  0.000000e+00
  0.042075  -223.926648   24.666639    0.000000  -1.281539e-02  0.000000e+00
  0.042334  -224.149948   24.697498    0.000000  -1.299094e-02  0.000000e+00
  0.042592  -224.373222   24.729019    0.000000  -1.316199e-02  0.000000e+00
  0.042850  -224.596481   24.761214    0.000000  -1.332865e-02  0.000000e+00
  0.043108  -224.819736   24.794095    0.000000  -1.349101e-02  0.000000e+00
  0.043366  -225.042997   24.827671    0.000000  -1.364918e-02  0.000000e+00
  0.043624  -225.266274   24.861953    0.000000  -1.380330e-02  0.000000e+00
  0.043882  -225.489576   24.896953    0.000000  -1.395352e-02  0.000000e+00
  0.044140  -225.712915   24.932681    0.000000  -1.410001e-02  0.000000e+00
  0.044399  -225.936300   24.969148    0.000000  -1.424295e-02  0.000000e+00
  0.044657  -226.159740   25.006363    0.000000  -1.438256e-02  0.000000e+00
  0.044915  -226.383244   25.044338    0.000000  -1.451904e-02  0.000000e+00
  0.045173  -226.606821   25.083084    0.000000  -1.465264e-02  0.000000e+00
  0.045431  -226.830480   25.122611    0.000000  -1.478360e-02  0.000000e+00
  0.045689  -227.054229   25.162929    0.000000  -1.491222e-02  0.000000e+00
  0.045947  -227.278075   25.204049    0.000000  -1.503876e-02  0.000000e+00
  0.046205  -227.502025   25.245981    0.000000  -1.516354e-02  0.000000e+00
  0.046464  -227.726086   25.288737    0.000000  -1.528688e-02  0.000000e+00
  0.046722  -227.950263   25.332326    0.000000  -1.540912e-02  0.000000e+00
  0.046980  -228.174563   25.376759    0.000000  -1.553060e-02  0.000000e+00
  0.047238  -228.398990   25.422046    0.000000  -1.565170e-02  0.000000e+00
  0.047496  -228.623548   25.468199    0.000000  -1.577281e-02  0.000000e+00
  0.047754  -228.848241   25.515227    0.000000  -1.589432e-02  0.000000e+00
  0.048012  -229.073070   25.563141    0.000000  -1.601664e-02  0.000000e+00
  0.048271  -229.298039   25.611953    0.000000  -1.614021e-02  0.000000e+00
  0.048529  -229.523146   25.661671    0.000000  -1.626548e-02  0.000000e+00
  0.048787  -229.748394   25.712308    0.000000  -1.639289e-02  0.000000e+00
  0.049045  -229.973780   25.763873    0.000000  -1.652293e-02  0.000000e+00
  0.049303  -230.199304   25.816378    0.000000  -1.665609e-02  0.000000e+00
  0.049561  -230.424961   25.869833    0.000000  -1.679287e-02  0.000000e+00
  0.049819  -230.650749   25.924250    0.000000  -1.693378e-02  0.000000e+00
  0.050077  -230.876662   25.979638    0.000000  -1.707938e-02  0.000000e+00
  0.050336  -231.102695   26.036009    0.000000  -1.723021e-02  0.000000e+00
  0.050594  -231.328839   26.093374    0.000000  -1.738684e-02  0.000000e+00
  0.050852  -231.555087   26.151744    0.000000  -1.754987e-02  0.000000e+00
  0.051110  -231.781429   26.211130    0.000000  -1.771989e-02  0.000000e+00
  0.051368  -232.007854   26.271543    0.000000  -1.789755e-02  0.000000e+00
  0.051626  -232.234351   26.332994    0.000000  -1.808349e-02  0.000000e+00
  0.051884  -232.460904   26.395495    0.000000  -1.827839e-02  0.000000e+00
  0.052142  -232.687499   26.459058    0.000000  -1.848293e-02  0.000000e+00
  0.052401  -232.914121   26.523693    0.000000  -1.869786e-02  0.000000e+00
  0.052659  -233.140750   26.589412    0.000000  -1.892392e-02  0.000000e+00
  0.052917  -233.367369   26.656227    0.000000  -1.916189e-02  0.000000e+00
  0.053175  -233.593954   26.724150    0.000000  -1.941259e-02  0.000000e+00
  0.053433  -233.820486   26.793193    0.000000  -1.967689e-02  0.000000e+00
  0.053691  -234.046938   26.863367    0.000000  -1.995566e-02  0.000000e+00
  0.053949  -234.273285   26.934684    0.000000  -2.024984e-02  0.000000e+00
  0.054208  -234.499500   27.007158    0.000000  -2.056043e-02  0.000000e+00
  0.054466  -234.725554   27.080800    0.000000  -2.088843e-02  0.000000e+00
  0.054724  -234.951415   27.155622    0.000000  -2.123495e-02  0.000000e+00
  0.054982  -235.177051   27.231637    0.000000  -2.160058e-02  0.000000e+00
  0.055240  -235.402427   27.308858    0.000000  -2.198446e-02  0.000000e+00
  0.055498  -235.627506   27.387298    0.000000  -2.238552e-02  0.000000e+00
  0.055756  -235.852251   27.466969    0.000000  -2.280264e-02  0.000000e+00
  0.056014  -236.076623   27.547884    0.000000  -2.323466e-02  0.000000e+00
  0.056273  -236.300582   27.630055    0.000000  -2.368040e-02  0.000000e+00
  0.056531  -236.524085   27.713495    0.000000  -2.413865e-02  0.000000e+00
  0.056789  -236.747092   27.798216    0.000000  -2.460810e-02  0.000000e+00
  0.057047  -236.969559   27.884230    0.000000  -2.508744e-02  0.000000e+00
  0.057305  -237.191442   27.971548    0.000000  -2.557525e-02  0.000000e+00
  0.057563  -237.412699   28.060180    0.000000  -2.607006e-02  0.000000e+00
  0.057821  -237.633285   28.150139    0.000000  -2.657029e-02  0.000000e+00
  0.058080  -237.853156   28.241432    0.000000  -2.707428e-02  0.000000e+00
  0.058338  -238.072270   28.334071    0.000000  -2.758028e-02  0.000000e+00
  0.058596  -238.290582   28.428063    0.000000  -2.808639e-02  0.000000e+00
  0.058854  -238.508049   28.523417    0.000000  -2.859062e-02  0.000000e+00
  0.059112  -238.724630   28.620139    0.000000  -2.909083e-02  0.000000e+00
  0.059370  -238.940283   28.718236    0.000000  -2.958474e-02  0.000000e+00
  0.059628  -239.154967   28.817713    0.000000  -3.006994e-02  0.000000e+00
  0.059886  -239.368644   28.918575    0.000000  -3.054383e-02  0.000000e+00
  0.060145  -239.581276   29.020825    0.000000  -3.100367e-02  0.000000e+00
  0.060403  -239.792826   29.124465    0.000000  -3.144654e-02  0.000000e+00
  0.060661  -240.003258   29.229497    0.000000  -3.186934e-02  0.000000e+00
  0.060919  -240.212542   29.335919    0.000000  -3.226880e-02  0.000000e+00
  0.061177  -240.420644   29.443732    0.000000  -3.264144e-02  0.000000e+00
  0.061435  -240.627538   29.552931    0.000000  -3.298362e-02  0.000000e+00
  0.061693  -240.833195   29.663514    0.000000  -3.329150e-02  0.000000e+00
  0.061951  -241.037592   29.775473    0.000000  -3.356107e-02  0.000000e+00
  0.062210  -241.240708   29.888803    0.000000  -3.378813e-02  0.000000e+00
  0.062468  -241.442525   30.003494    0.000000  -3.396829e-02  0.000000e+00
  0.062726  -241.643026   30.119537    0.000000  -3.409704e-02  0.000000e+00
  0.062984  -241.842199   30.236918    0.000000  -3.416967e-02  0.000000e+00
  0.063242  -242.040035   30.355624    0.000000  -3.418134e-02  0.000000e+00
  0.063500  -242.236528   30.475640    0.000000  -3.412711e-02  0.000000e+00
  0.063758  -242.431677   30.596948    0.000000  -3.400191e-02  0.000000e+00
  0.064017  -242.625483   30.719528    0.000000  -3.380057e-02  0.000000e+00
  0.064275  -242.817952   30.843359    0.000000  -3.351790e-02  0.000000e+00
  0.064533  -243.009094   30.968418    0.000000  -3.314862e-02  0.000000e+00
  0.064791  -243.198924   31.094677    0.000000  -3.268748e-02  0.000000e+00
  0.065049  -243.387459   31.222111    0.000000  -3.212924e-02  0.000000e+00
  0.065307  -243.574723   31.350688    0.000000  -3.146870e-02  0.000000e+00
  0.065565  -243.760746   31.480376    0.000000  -3.070075e-02  0.000000e+00
  0.065823  -243.945558   31.611140    0.000000  -2.982042e-02  0.000000e+00
  0.066082  -244.129200   31.742942    0.000000  -2.882287e-02  0.000000e+00
  0.066340  -244.311714   31.875744    0.000000  -2.770349e-02  0.000000e+00
  0.066598  -244.493150   32.009502    0.000000  -2.645844e-02  0.000000e+00
  0.066856  -244.673562   32.144173    0.000000  -2.508911e-02  0.000000e+00
  0.067114  -244.853010   32.279707    0.000000  -2.360004e-02  0.000000e+00
  0.067372  -245.031559   32.416055    0.000000  -2.199637e-02  0.000000e+00
  0.067630  -245.209280   32.553165    0.000000  -2.028378e-02  0.000000e+00
  0.067888  -245.386246   32.690981    0.000000  -1.846849e-02  0.000000e+00
  0.068147  -245.562535   32.829447    0.000000  -1.655714e-02  0.000000e+00
  0.068405  -245.738231   32.968503    0.000000  -1.455681e-02  0.000000e+00
  0.068663  -245.913417   33.108087    0.000000  -1.247491e-02  0.000000e+00
  0.068921  -246.088183   33.248136    0.000000  -1.031915e-02  0.000000e+00
  0.069179  -246.262619   33.388584    0.000000  -8.097470e-03  0.000000e+00
  0.069437  -246.436819   33.529363    0.000000  -5.818011e-03  0.000000e+00
  0.069695  -246.610879   33.670403    0.000000  -3.489028e-03  0.000000e+00
  0.069954  -246.784895   33.811633    0.000000  -1.118854e-03  0.000000e+00
  0.070212  -246.958965   33.952979    0.000000  1.284148e-03  0.000000e+00
  0.070470  -247.133189   34.094367    0.000000  3.711635e-03  0.000000e+00
  0.070728  -247.307667   34.235720    0.000000  6.155330e-03  0.000000e+00
  0.070986  -247.482499   34.376960    0.000000  8.607060e-03  0.000000e+00
  0.071244  -247.657785   34.518007    0.000000  1.105879e-02  0.000000e+00
  0.071502  -247.833625   34.658779    0.000000  1.350268e-02  0.000000e+00
  0.071760  -248.010117   34.799195    0.000000  1.593110e-02  0.000000e+00
  0.072019  -248.187360   34.939170    0.000000  1.833665e-02  0.000000e+00
  0.072277  -248.365449   35.078619    0.000000  2.071226e-02  0.000000e+00
  0.072535  -248.544480   35.217456    0.000000  2.305112e-02  0.000000e+00
  0.072793  -248.724545   35.355595    0.000000  2.534681e-02  0.000000e+00
  0.073051  -248.905733   35.492945    0.000000  2.759327e-02  0.000000e+00
  0.073309  -249.088133   35.629419    0.000000  2.978485e-02  0.000000e+00
  0.073567  -249.271827   35.764925    0.000000  3.191637e-02  0.000000e+00
  0.073826  -249.456897   35.899374    0.000000  3.398309e-02  0.000000e+00
  0.074084  -249.643418   36.032672    0.000000  3.598079e-02  0.000000e+00
  0.074342  -249.831464   36.164727    0.000000  3.790579e-02  0.000000e+00
  0.074600  -250.021103   36.295447    0.000000  3.975495e-02  0.000000e+00
  0.074858  -250.212397   36.424737    0.000000  4.152575e-02  0.000000e+00
  0.075116  -250.405403   36.552504    0.000000  4.321626e-02  0.000000e+00
  0.075374  -250.600175   36.678652    0.000000  4.482520e-02  0.000000e+00
  0.075632  -250.796759   36.803087    0.000000  4.635192e-02  0.000000e+00
  0.075891  -250.995194   36.925713    0.000000  4.779646e-02  0.000000e+00
  0.076149  -251.195515   37.046435    0.000000  4.915954e-02  0.000000e+00
  0.076407  -251.397747   37.165157    0.000000  5.044256e-02  0.000000e+00
  0.076665  -251.601910   37.281784    0.000000  5.164761e-02  0.000000e+00
  0.076923  -251.808015   37.396220    0.000000  5.277748e-02  0.000000e+00
  0.077181  -252.016066   37.508368    0.000000  5.383565e-02  0.000000e+00
  0.077439  -252.226058   37.618134    0.000000  5.482628e-02  0.000000e+00
  0.077697  -252.437979   37.725422    0.000000  5.575422e-02  0.000000e+00
  0.077956  -252.651805   37.830136    0.000000  5.662500e-02  0.000000e+00
  0.078214  -252.867504   37.932183    0.000000  5.744483e-02  0.000000e+00
  0.078472  -253.085036   38.031467    0.000000  5.822151e-02  0.000000e+00
  0.078730  -253.304350   38.127894    0.000000  5.896403e-02  0.000000e+00
  0.078988  -253.525385   38.221372    0.000000  5.968055e-02  0.000000e+00
  0.079246  -253.748074   38.311809    0.000000  6.037825e-02  0.000000e+00
  0.079504  -253.972340   38.399114    0.000000  6.106333e-02  0.000000e+00
  0.079763  -254.198101   38.483201    0.000000  6.174092e-02  0.000000e+00
  0.080021  -254.425268   38.563983    0.000000  6.241518e-02  0.000000e+00
  0.080279  -254.653747   38.641378    0.000000  6.308919e-02  0.000000e+00
  0.080537  -254.883439   38.715306    0.000000  6.376502e-02  0.000000e+00
  0.080795  -255.114240   38.785691    0.000000  6.444363e-02  0.000000e+00
  0.081053  -255.346044   38.852460    0.000000  6.512493e-02  0.000000e+00
  0.081311  -255.578741   38.915547    0.000000  6.580767e-02  0.000000e+00
  0.081569  -255.812221   38.974887    0.000000  6.648948e-02  0.000000e+00
  0.081828  -256.046371   39.030423    0.000000  6.716676e-02  0.000000e+00
  0.082086  -256.281077   39.082102    0.000000  6.783470e-02  0.000000e+00
  0.082344  -256.516226   39.129875    0.000000  6.848720e-02  0.000000e+00
  0.082602  -256.751708   39.173704    0.000000  6.911682e-02  0.000000e+00
  0.082860  -256.987409   39.213552    0.000000  6.971476e-02  0.000000e+00
  0.083118  -257.223223   39.249392    0.000000  7.027080e-02  0.000000e+00
  0.083376  -257.459043   39.281205    0.000000  7.077328e-02  0.000000e+00
  0.083634  -257.694768   39.308977    0.000000  7.120907e-02  0.000000e+00
  0.083893  -257.930299   39.332703    0.000000  7.156358e-02  0.000000e+00
  0.084151  -258.165545   39.352387    0.000000  7.182076e-02  0.000000e+00
  0.084409  -258.400417   39.368041    0.000000  7.196316e-02  0.000000e+00
  0.084667  -258.634836   39.379687    0.000000  7.197199e-02  0.000000e+00
  0.084925  -258.868727   39.387355    0.000000  7.182721e-02  0.000000e+00
  0.085183  -259.102026   39.391087    0.000000  7.150770e-02  0.000000e+00
  0.085441  -259.334674   39.390933    0.000000  7.099140e-02  0.000000e+00
  0.085700  -259.566624   39.386954    0.000000  7.025556e-02  0.000000e+00
  0.085958  -259.797837   39.379223    0.000000  6.927697e-02  0.000000e+00
  0.086216  -260.028287   39.367824    0.000000  6.803590e-02  0.000000e+00
  0.086474  -260.257956   39.352852    0.000000  6.652523e-02  0.000000e+00
  0.086732  -260.486837   39.334414    0.000000  6.474288e-02  0.000000e+00
  0.086990  -260.714936   39.312625    0.000000  6.268977e-02  0.000000e+00
  0.087248  -260.942265   39.287615    0.000000  6.036974e-02  0.000000e+00
  0.087506  -261.168846   39.259519    0.000000  5.778941e-02  0.000000e+00
  0.087765  -261.394709   39.228485    0.000000  5.495799e-02  0.000000e+00
  0.088023  -261.619891   39.194667    0.000000  5.188702e-02  0.000000e+00
  0.088281  -261.844436   39.158229    0.000000  4.859006e-02  0.000000e+00
  0.088539  -262.068395   39.119343    0.000000  4.508236e-02  0.000000e+00
  0.088797  -262.291824   39.078187    0.000000  4.138053e-02  0.000000e+00
  0.089055  -262.514782   39.034948    0.000000  3.750220e-02  0.000000e+00
  0.089313  -262.737337   38.989819    0.000000  3.346568e-02  0.000000e+00
  0.089572  -262.959556   38.942996    0.000000  2.928966e-02  0.000000e+00
  0.089830  -263.181511   38.894686    0.000000  2.499297e-02  0.000000e+00
  0.090088  -263.403277   38.845097    0.000000  2.059430e-02  0.000000e+00
  0.090346  -263.624931   38.794442    0.000000  1.611206e-02  0.000000e+00
  0.090604  -263.846549   38.742941    0.000000  1.156418e-02  0.000000e+00
  0.090862  -264.068209   38.690815    0.000000  6.968048e-03  0.000000e+00
  0.091120  -264.289990   38.638289    0.000000  2.340414e-03  0.000000e+00
  0.091378  -264.511970   38.585591    0.000000  -2.302659e-03  0.000000e+00
  0.091637  -264.734223   38.532951    0.000000  -6.945803e-03  0.000000e+00
  0.091895  -264.956824   38.480602    0.000000  -1.157435e-02  0.000000e+00
  0.092153  -265.179845   38.428778    0.000000  -1.617433e-02  0.000000e+00
  0.092411  -265.403354   38.377712    0.000000  -2.073242e-02  0.000000e+00
  0.092669  -265.627416   38.327639    0.000000  -2.523598e-02  0.000000e+00
  0.092927  -265.852091   38.278796    0.000000  -2.967301e-02  0.000000e+00
  0.093185  -266.077434   38.231416    0.000000  -3.403216e-02  0.000000e+00
  0.093443  -266.303495   38.185733    0.000000  -3.830274e-02  0.000000e+00
  0.093702  -266.530318   38.141979    0.000000  -4.247479e-02  0.000000e+00
  0.093960  -266.757937   38.100385    0.000000  -4.653908e-02  0.000000e+00
  0.094218  -266.986384   38.061179    0.000000  -5.048725e-02  0.000000e+00
  0.094476  -267.215677   38.024587    0.000000  -5.431183e-02  0.000000e+00
  0.094734  -267.445829   37.990831    0.000000  -5.800643e-02  0.000000e+00
  0.094992  -267.676843   37.960128    0.000000  -6.156582e-02  0.000000e+00
  0.095250  -267.908711   37.932694    0.000000  -6.498610e-02  0.000000e+00
  0.095509  -268.141415   37.908738    0.000000  -6.826482e-02  0.000000e+00
  0.095767  -268.374926   37.888465    0.000000  -7.140117e-02  0.000000e+00
  0.096025  -268.609202   37.872074    0.000000  -7.439610e-02  0.000000e+00
  0.096283  -268.844190   37.859757    0.000000  -7.725250e-02  0.000000e+00
  0.096541  -269.079822   37.851702    0.000000  -7.997534e-02  0.000000e+00
  0.096799  -269.316019   37.848088    0.000000  -8.257178e-02  0.000000e+00
  0.097057  -269.552684   37.849088    0.000000  -8.505133e-02  0.000000e+00
  0.097315  -269.789708   37.854865    0.000000  -8.742596e-02  0.000000e+00
  0.097574  -270.026965   37.865576    0.000000  -8.971019e-02  0.000000e+00
  0.097832  -270.264314   37.881367    0.000000  -9.192144e-02  0.000000e+00
  0.098090  -270.501595   37.902378    0.000000  -9.408152e-02  0.000000e+00
  0.098348  -270.738633   37.928735    0.000000  -9.621279e-02  0.000000e+00
  0.098606  -270.975240   37.960560    0.000000  -9.833570e-02  0.000000e+00
  0.098864  -271.211212   37.997959    0.000000  -1.004685e-01  0.000000e+00
  0.099122  -271.446334   38.041035    0.000000  -1.026274e-01  0.000000e+00
  0.099380  -271.680378   38.089876    0.000000  -1.048260e-01  0.000000e+00
  0.099639  -271.913109   38.144564    0.000000  -1.070755e-01  0.000000e+00
  0.099897  -272.144282   38.205169    0.000000  -1.093846e-01  0.000000e+00
  0.100155  -272.373645   38.271751    0.000000  -1.117590e-01  0.000000e+00
  0.100413  -272.600942   38.344361    0.000000  -1.142016e-01  0.000000e+00
  0.100671  -272.825909   38.423042    0.000000  -1.167120e-01  0.000000e+00
  0.100929  -273.048283   38.507822    0.000000  -1.192865e-01  0.000000e+00
  0.101187  -273.267797   38.598724    0.000000  -1.219180e-01  0.000000e+00
  0.101446  -273.484182   38.695758    0.000000  -1.245951e-01  0.000000e+00
  0.101704  -273.697172   38.798924    0.000000  -1.273029e-01  0.000000e+00
  0.101962  -273.906502   38.908214    0.000000  -1.300220e-01  0.000000e+00
  0.102220  -274.111912   39.023606    0.000000  -1.327288e-01  0.000000e+00
  0.102478  -274.313143   39.145071    0.000000  -1.353954e-01  0.000000e+00
  0.102736  -274.509947   39.272567    0.000000  -1.379897e-01  0.000000e+00
  0.102994  -274.702078   39.406044    0.000000  -1.404755e-01  0.000000e+00
  0.103252  -274.889303   39.545440    0.000000  -1.428132e-01  0.000000e+00
  0.103511  -275.071395   39.690683    0.000000  -1.449600e-01  0.000000e+00
  0.103769  -275.248142   39.841689    0.000000  -1.468711e-01  0.000000e+00
  0.104027  -275.419342   39.998365    0.000000  -1.485004e-01  0.000000e+00
  0.104285  -275.584806   40.160607    0.000000  -1.498016e-01  0.000000e+00
  0.104543  -275.744363   40.328300    0.000000  -1.507297e-01  0.000000e+00
  0.104801  -275.897856   40.501318    0.000000  -1.512424e-01  0.000000e+00
  0.105059  -276.045147   40.679523    0.000000  -1.513013e-01  0.000000e+00
  0.105318  -276.186116   40.862768    0.000000  -1.508732e-01  0.000000e+00
  0.105576  -276.320663   41.050895    0.000000  -1.499318e-01  0.000000e+00
  0.105834  -276.448711   41.243732    0.000000  -1.484773e-01  0.000000e+00
  0.106092  -276.570205   41.441101    0.000000  -1.465424e-01  0.000000e+00
  0.106350  -276.685107   41.642809    0.000000  -1.441683e-01  0.000000e+00
  0.106608  -276.793405   41.848659    0.000000  -1.414021e-01  0.000000e+00
  0.106866  -276.895101   42.058442    0.000000  -1.382948e-01  0.000000e+00
  0.107124  -276.990217   42.271945    0.000000  -1.348990e-01  0.000000e+00
  0.107383  -277.078793   42.488948    0.000000  -1.312682e-01  0.000000e+00
  0.107641  -277.160884   42.709224    0.000000  -1.274542e-01  0.000000e+00
  0.107899  -277.236560   42.932543    0.000000  -1.235067e-01  0.000000e+00
  0.108157  -277.305905   43.158673    0.000000  -1.194717e-01  0.000000e+00
  0.108415  -277.369018   43.387378    0.000000  -1.153912e-01  0.000000e+00
  0.108673  -277.426009   43.618420    0.000000  -1.113028e-01  0.000000e+00
  0.108931  -277.476998   43.851561    0.000000  -1.072391e-01  0.000000e+00
  0.109189  -277.522117   44.086563    0.000000  -1.032281e-01  0.000000e+00
  0.109448  -277.561507   44.323192    0.000000  -9.929313e-02  0.000000e+00
  0.109706  -277.595317   44.561210    0.000000  -9.545335e-02  0.000000e+00
  0.109964  -277.623704   44.800389    0.000000  -9.172387e-02  0.000000e+00
  0.110222  -277.646831   45.040500    0.000000  -8.811629e-02  0.000000e+00
  0.110480  -277.664866   45.281321    0.000000  -8.463910e-02  0.000000e+00
  0.110738  -277.677983   45.522635    0.000000  -8.129810e-02  0.000000e+00
  0.110996  -277.686357   45.764232    0.000000  -7.809683e-02  0.000000e+00
  0.111255  -277.690168   46.005910    0.000000  -7.503694e-02  0.000000e+00
  0.111513  -277.689596   46.247476    0.000000  -7.211857e-02  0.000000e+00
  0.111771  -277.684822   46.488745    0.000000  -6.934066e-02  0.000000e+00
  0.112029  -277.676027   46.729542    0.000000  -6.670123e-02  0.000000e+00
  0.112287  -277.663390   46.969707    0.000000  -6.419766e-02  0.000000e+00
  0.112545  -277.647089   47.209087    0.000000  -6.182688e-02  0.000000e+00
  0.112803  -277.627297   47.447547    0.000000  -5.958558e-02  0.000000e+00
  0.113061  -277.604184   47.684963    0.000000  -5.747033e-02  0.000000e+00
  0.113320  -277.577913   47.921226    0.000000  -5.547775e-02  0.000000e+00
  0.113578  -277.548644   48.156244    0.000000  -5.360080e-02  0.000000e+00
  0.113836  -277.516527   48.389942    0.000000  -5.182373e-02  0.000000e+00
  0.114094  -277.481706   48.622259    0.000000  -5.013115e-02  0.000000e+00
  0.114352  -277.444320   48.853150    0.000000  -4.850950e-02  0.000000e+00
  0.114610  -277.404498   49.082584    0.000000  -4.694693e-02  0.000000e+00
  0.114868  -277.362366   49.310542    0.000000  -4.543318e-02  0.000000e+00
  0.115126  -277.318041   49.537020    0.000000  -4.395951e-02  0.000000e+00
  0.115385  -277.271635   49.762025    0.000000  -4.251861e-02  0.000000e+00
  0.115643  -277.223253   49.985573    0.000000  -4.110457e-02  0.000000e+00
  0.115901  -277.172994   50.207692    0.000000  -3.971281e-02  0.000000e+00
  0.116159  -277.120951   50.428420    0.000000  -3.834003e-02  0.000000e+00
  0.116417  -277.067211   50.647803    0.000000  -3.698419e-02  0.000000e+00
  0.116675  -277.011857   50.865893    0.000000  -3.564444e-02  0.000000e+00
  0.116933  -276.954963   51.082751    0.000000  -3.432108e-02  0.000000e+00
  0.117192  -276.896601   51.298444    0.000000  -3.301548e-02  0.000000e+00
  0.117450  -276.836834   51.513044    0.000000  -3.173002e-02  0.000000e+00
  0.117708  -276.775722   51.726627    0.000000  -3.046801e-02  0.000000e+00
  0.117966  -276.713320   51.939275    0.000000  -2.923357e-02  0.000000e+00
  0.118224  -276.649676   52.151069    0.000000  -2.803156e-02  0.000000e+00
  0.118482  -276.584835   52.362096    0.000000  -2.686743e-02  0.000000e+00
  0.118740  -276.518835   52.572443    0.000000  -2.574716e-02  0.000000e+00
  0.118998  -276.451712   52.782197    0.000000  -2.467706e-02  0.000000e+00
  0.119257  -276.383495   52.991446    0.000000  -2.366372e-02  0.000000e+00
  0.119515  -276.314209   53.200277    0.000000  -2.271384e-02  0.000000e+00
  0.119773  -276.243875   53.408773    0.000000  -2.183416e-02  0.000000e+00
  0.120031  -276.172509   53.617017    0.000000  -2.103133e-02  0.000000e+00
  0.120289  -276.100124   53.825087    0.000000  -2.031184e-02  0.000000e+00
  0.120547  -276.026727   54.033058    0.000000  -1.968194e-02  0.000000e+00
  0.120805  -275.952323   54.241000    0.000000  -1.914761e-02  0.000000e+00
  0.121064  -275.876912   54.448975    0.000000  -1.871453e-02  0.000000e+00
  0.121322  -275.800491   54.657042    0.000000  -1.838670e-02  0.000000e+00
  0.121580  -275.723052   54.865250    0.000000  -1.816009e-02  0.000000e+00
  0.121838  -275.644584   55.073641    0.000000  -1.802753e-02  0.000000e+00
  0.122096  -275.565075   55.282253    0.000000  -1.798153e-02  0.000000e+00
  0.122354  -275.484507   55.491113    0.000000  -1.801442e-02  0.000000e+00
  0.122612  -275.402862   55.700245    0.000000  -1.811838e-02  0.000000e+00
  0.122870  -275.320120   55.909666    0.000000  -1.828562e-02  0.000000e+00
  0.123129  -275.236257   56.119387    0.000000  -1.850833e-02  0.000000e+00
  0.123387  -275.151249   56.329415    0.000000  -1.877885e-02  0.000000e+00
  0.123645  -275.065072   56.539749    0.000000  -1.908959e-02  0.000000e+00
  0.123903  -274.977700   56.750388    0.000000  -1.943318e-02  0.000000e+00
  0.124161  -274.889105   56.961321    0.000000  -1.980238e-02  0.000000e+00
  0.124419  -274.799262   57.172538    0.000000  -2.019016e-02  0.000000e+00
  0.124677  -274.708144   57.384021    0.000000  -2.058969e-02  0.000000e+00
  0.124935  -274.615724   57.595752    0.000000  -2.099431e-02  0.000000e+00
  0.125194  -274.521978   57.807707    0.000000  -2.139758e-02  0.000000e+00
  0.125452  -274.426881   58.019861    0.000000  -2.179320e-02  0.000000e+00
  0.125710  -274.330411   58.232185    0.000000  -2.217506e-02  0.000000e+00
  0.125968  -274.232547   58.444649    0.000000  -2.253716e-02  0.000000e+00
  0.126226  -274.133270   58.657220    0.000000  -2.287366e-02  0.000000e+00
  0.126484  -274.032564   58.869865    0.000000  -2.317882e-02  0.000000e+00
  0.126742  -273.930413   59.082548    0.000000  -2.344697e-02  0.000000e+00
  0.127001  -273.826809   59.295231    0.000000  -2.367254e-02  0.000000e+00
  0.127259  -273.721743   59.507878    0.000000  -2.384996e-02  0.000000e+00
  0.127517  -273.615212   59.720452    0.000000  -2.397373e-02  0.000000e+00
  0.127775  -273.507215   59.932913    0.000000  -2.403832e-02  0.000000e+00
  0.128033  -273.397758   60.145226    0.000000  -2.403819e-02  0.000000e+00
  0.128291  -273.286850   60.357352    0.000000  -2.396774e-02  0.000000e+00
  0.128549  -273.174504   60.569255    0.000000  -2.382131e-02  0.000000e+00
  0.128807  -273.060740   60.780900    0.000000  -2.359315e-02  0.000000e+00
  0.129066  -272.945583   60.992254    0.000000  -2.327736e-02  0.000000e+00
  0.129324  -272.829064   61.203284    0.000000  -2.286788e-02  0.000000e+00
  0.129582  -272.711219   61.413959    0.000000  -2.235849e-02  0.000000e+00
  0.129840  -272.592093   61.624254    0.000000  -2.174271e-02  0.000000e+00
  0.130098  -272.471736   61.834142    0.000000  -2.101378e-02  0.000000e+00
  0.130356  -272.350205   62.043602    0.000000  -2.016467e-02  0.000000e+00
  0.130614  -272.227565   62.252615    0.000000  -1.918793e-02  0.000000e+00
  0.130872  -272.103890   62.461165    0.000000  -1.807572e-02  0.000000e+00
  0.131131  -271.979261   62.669242    0.000000  -1.681972e-02  0.000000e+00
  0.131389  -271.853767   62.876838    0.000000  -1.541105e-02  0.000000e+00
  0.131647  -271.727506   63.083951    0.000000  -1.384022e-02  0.000000e+00
  0.131905  -271.600586   63.290583    0.000000  -1.209704e-02  0.000000e+00
  0.132163  -271.473124   63.496741    0.000000  -1.017055e-02  0.000000e+00
  0.132421  -271.345246   63.702439    0.000000  -8.048918e-03  0.000000e+00
  0.132679  -271.217089   63.907695    0.000000  -5.719396e-03  0.000000e+00
  0.132938  -271.088800   64.112532    0.000000  -3.168710e-03  0.000000e+00
  0.133196  -270.960536   64.316984    0.000000  -3.952721e-04  0.000000e+00
  0.133454  -270.832466   64.521085    0.000000  2.590080e-03  0.000000e+00
  0.133712  -270.704766   64.724880    0.000000  5.776499e-03  0.000000e+00
  0.133970  -270.577622   64.928417    0.000000  9.153557e-03  0.000000e+00
  0.134228  -270.451226   65.131748    0.000000  1.271102e-02  0.000000e+00
  0.134486  -270.325777   65.334932    0.000000  1.643859e-02  0.000000e+00
  0.134744  -270.201480   65.538029    0.000000  2.032561e-02  0.000000e+00
  0.135003  -270.078541   65.741105    0.000000  2.436070e-02  0.000000e+00
  0.135261  -269.957171   65.944228    0.000000  2.853141e-02  0.000000e+00
  0.135519  -269.837583   66.147468    0.000000  3.282383e-02  0.000000e+00
  0.135777  -269.719991   66.350896    0.000000  3.722212e-02  0.000000e+00
  0.136035  -269.604608   66.554588    0.000000  4.170815e-02  0.000000e+00
  0.136293  -269.491645   66.758618    0.000000  4.626105e-02  0.000000e+00
  0.136551  -269.381312   66.963061    0.000000  5.085678e-02  0.000000e+00
  0.136809  -269.273816   67.167994    0.000000  5.546789e-02  0.000000e+00
  0.137068  -269.169358   67.373491    0.000000  6.006317e-02  0.000000e+00
  0.137326  -269.068135   67.579627    0.000000  6.460755e-02  0.000000e+00
  0.137584  -268.970337   67.786476    0.000000  6.906211e-02  0.000000e+00
  0.137842  -268.876145   67.994108    0.000000  7.338423e-02  0.000000e+00
  0.138100  -268.785733   68.202593    0.000000  7.752799e-02  0.000000e+00
  0.138358  -268.699266   68.411997    0.000000  8.144481e-02  0.000000e+00
  0.138616  -268.616895   68.622383    0.000000  8.508425e-02  0.000000e+00
  0.138875  -268.538762   68.833811    0.000000  8.839513e-02  0.000000e+00
  0.139133  -268.464996   69.046337    0.000000  9.132679e-02  0.000000e+00
  0.139391  -268.395710   69.260011    0.000000  9.383048e-02  0.000000e+00
  0.139649  -268.331004   69.474878    0.000000  9.586094e-02  0.000000e+00
  0.139907  -268.270962   69.690979    0.000000  9.737782e-02  0.000000e+00
  0.140165  -268.215649   69.908348    0.000000  9.834708e-02  0.000000e+00
  0.140423  -268.165114   70.127012    0.000000  9.874215e-02  0.000000e+00
  0.140681  -268.119385   70.346992    0.000000  9.854485e-02  0.000000e+00
  0.140940  -268.078471   70.568301    0.000000  9.775711e-02  0.000000e+00
  0.141198  -268.042359   70.790944    0.000000  9.641269e-02  0.000000e+00
  0.141456  -268.011018   71.014919    0.000000  9.455428e-02  0.000000e+00
  0.141714  -267.984396   71.240217    0.000000  9.222892e-02  0.000000e+00
  0.141972  -267.962422   71.466822    0.000000  8.948647e-02  0.000000e+00
  0.142230  -267.945009   71.694711    0.000000  8.637807e-02  0.000000e+00
  0.142488  -267.932052   71.923855    0.000000  8.295471e-02  0.000000e+00
  0.142747  -267.923430   72.154220    0.000000  7.926588e-02  0.000000e+00
  0.143005  -267.919007   72.385765    0.000000  7.535852e-02  0.000000e+00
  0.143263  -267.918632   72.618444    0.000000  7.127610e-02  0.000000e+00
  0.143521  -267.922141   72.852206    0.000000  6.705801e-02  0.000000e+00
  0.143779  -267.929356   73.086997    0.000000  6.273915e-02  0.000000e+00
  0.144037  -267.940088   73.322756    0.000000  5.834973e-02  0.000000e+00
  0.144295  -267.954137   73.559419    0.000000  5.391522e-02  0.000000e+00
  0.144553  -267.971290   73.796919    0.000000  4.945649e-02  0.000000e+00
  0.144812  -267.991328   74.035184    0.000000  4.499001e-02  0.000000e+00
  0.145070  -268.014019   74.274140    0.000000  4.052819e-02  0.000000e+00
  0.145328  -268.039127   74.513710    0.000000  3.607970e-02  0.000000e+00
  0.145586  -268.066405   74.753815    0.000000  3.164985e-02  0.000000e+00
  0.145844  -268.095603   74.994371    0.000000  2.724105e-02  0.000000e+00
  0.146102  -268.126462   75.235295    0.000000  2.285311e-02  0.000000e+00
  0.146360  -268.158720   75.476503    0.000000  1.848373e-02  0.000000e+00
  0.146618  -268.192112   75.717906    0.000000  1.412878e-02  0.000000e+00
  0.146877  -268.226367   75.959417    0.000000  9.782721e-03  0.000000e+00
  0.147135  -268.261212   76.200947    0.000000  5.438914e-03  0.000000e+00
  0.147393  -268.296375   76.442408    0.000000  1.089960e-03  0.000000e+00
  0.147651  -268.331580   76.683710    0.000000  -3.271984e-03  0.000000e+00
  0.147909  -268.366553   76.924765    0.000000  -7.654877e-03  0.000000e+00
  0.148167  -268.401019   77.165484    0.000000  -1.206648e-02  0.000000e+00
  0.148425  -268.434706   77.405780    0.000000  -1.651400e-02  0.000000e+00
  0.148684  -268.467344   77.645567    0.000000  -2.100378e-02  0.000000e+00
  0.148942  -268.498666   77.884759    0.000000  -2.554087e-02  0.000000e+00
  0.149200  -268.528408   78.123274    0.000000  -3.012868e-02  0.000000e+00
  0.149458  -268.556311   78.361031    0.000000  -3.476848e-02  0.000000e+00
  0.149716  -268.582124   78.597950    0.000000  -3.945903e-02  0.000000e+00
  0.149974  -268.605600   78.833956    0.000000  -4.419602e-02  0.000000e+00
  0.150232  -268.626498   79.068977    0.000000  -4.897157e-02  0.000000e+00
  0.150490  -268.644588   79.302941    0.000000  -5.377377e-02  0.000000e+00
  0.150749  -268.659648   79.535784    0.000000  -5.858612e-02  0.000000e+00
  0.151007  -268.671463   79.767443    0.000000  -6.338713e-02  0.000000e+00
  0.151265  -268.679830   79.997860    0.000000  -6.814986e-02  0.000000e+00
  0.151523  -268.684560   80.226982    0.000000  -7.284171e-02  0.000000e+00
  0.151781  -268.685470   80.454759    0.000000  -7.742425e-02  0.000000e+00
  0.152039  -268.682396   80.681150    0.000000  -8.185331e-02  0.000000e+00
  0.152297  -268.675182   80.906115    0.000000  -8.607932e-02  0.000000e+00
  0.152555  -268.663691   81.129623    0.000000  -9.005003e-02  0.000000e+00
  0.152814  -268.647799   81.351647    0.000000  -9.372470e-02  0.000000e+00
  0.153072  -268.627395   81.572167    0.000000  -9.706803e-02  0.000000e+00
  0.153330  -268.602386   81.791168    0.000000  -1.000453e-01  0.000000e+00
  0.153588  -268.572693   82.008642    0.000000  -1.026238e-01  0.000000e+00
  0.153846  -268.538248   82.224585    0.000000  -1.047738e-01  0.000000e+00
  0.154104  -268.499001   82.438998    0.000000  -1.064701e-01  0.000000e+00
  0.154362  -268.454911   82.651888    0.000000  -1.076928e-01  0.000000e+00
  0.154621  -268.405955   82.863266    0.000000  -1.084286e-01  0.000000e+00
  0.154879  -268.352119   83.073147    0.000000  -1.086709e-01  0.000000e+00
  0.155137  -268.293402   83.281553    0.000000  -1.084207e-01  0.000000e+00
  0.155395  -268.229817   83.488507    0.000000  -1.076861e-01  0.000000e+00
  0.155653  -268.161386   83.694037    0.000000  -1.064827e-01  0.000000e+00
  0.155911  -268.088145   83.898176    0.000000  -1.048323e-01  0.000000e+00
  0.156169  -268.010140   84.100959    0.000000  -1.027627e-01  0.000000e+00
  0.156427  -267.927428   84.302424    0.000000  -1.003066e-01  0.000000e+00
  0.156686  -267.840076   84.502615    0.000000  -9.750008e-02  0.000000e+00
  0.156944  -267.748161   84.701574    0.000000  -9.438206e-02  0.000000e+00
  0.157202  -267.651772   84.899352    0.000000  -9.099263e-02  0.000000e+00
  0.157460  -267.551004   85.095996    0.000000  -8.737217e-02  0.000000e+00
  0.157718  -267.445965   85.291561    0.000000  -8.356034e-02  0.000000e+00
  0.157976  -267.336768   85.486100    0.000000  -7.959521e-02  0.000000e+00
  0.158234  -267.223538   85.679670    0.000000  -7.551255e-02  0.000000e+00
  0.158493  -267.106406   85.872330    0.000000  -7.134533e-02  0.000000e+00
  0.158751  -266.985511   86.064140    0.000000  -6.712334e-02  0.000000e+00
  0.159009  -266.861001   86.255160    0.000000  -6.287295e-02  0.000000e+00
  0.159267  -266.733030   86.445453    0.000000  -5.861706e-02  0.000000e+00
  0.159525  -266.601759   86.635082    0.000000  -5.437509e-02  0.000000e+00
  0.159783  -266.467356   86.824111    0.000000  -5.016313e-02  0.000000e+00
  0.160041  -266.329995   87.012605    0.000000  -4.599404e-02  0.000000e+00
  0.160299  -266.189856   87.200628    0.000000  -4.187775e-02  0.000000e+00
  0.160558  -266.047124   87.388245    0.000000  -3.782147e-02  0.000000e+00
  0.160816  -265.901991   87.575521    0.000000  -3.382999e-02  0.000000e+00
  0.161074  -265.754652   87.762522    0.000000  -2.990588e-02  0.000000e+00
  0.161332  -265.605307   87.949310    0.000000  -2.604985e-02  0.000000e+00
  0.161590  -265.454162   88.135949    0.000000  -2.226091e-02  0.000000e+00
  0.161848  -265.301424   88.322501    0.000000  -1.853667e-02  0.000000e+00
  0.162106  -265.147307   88.509029    0.000000  -1.487351e-02  0.000000e+00
  0.162364  -264.992025   88.695592    0.000000  -1.126680e-02  0.000000e+00
  0.162623  -264.835798   88.882249    0.000000  -7.711048e-03  0.000000e+00
  0.162881  -264.678847   89.069057    0.000000  -4.200081e-03  0.000000e+00
  0.163139  -264.521395   89.256071    0.000000  -7.271440e-04  0.000000e+00
  0.163397  -264.363668   89.443344    0.000000  2.714967e-03  0.000000e+00
  0.163655  -264.205893   89.630926    0.000000  6.133812e-03  0.000000e+00
  0.163913  -264.048299   89.818866    0.000000  9.537221e-03  0.000000e+00
  0.164171  -263.891116   90.007209    0.000000  1.293323e-02  0.000000e+00
  0.164430  -263.734575   90.195998    0.000000  1.633025e-02  0.000000e+00
  0.164688  -263.578905   90.385272    0.000000  1.973699e-02  0.000000e+00
  0.164946  -263.424338   90.575069    0.000000  2.316193e-02  0.000000e+00
  0.165204  -263.271103   90.765423    0.000000  2.661317e-02  0.000000e+00
  0.165462  -263.119428   90.956364    0.000000  3.009825e-02  0.000000e+00
  0.165720  -262.969540   91.147922    0.000000  3.362398e-02  0.000000e+00
  0.165978  -262.821663   91.340124    0.000000  3.719625e-02  0.000000e+00
  0.166236  -262.676018   91.532995    0.000000  4.081982e-02  0.000000e+00
  0.166495  -262.532823   91.726556    0.000000  4.449808e-02  0.000000e+00
  0.166753  -262.392290   91.920828    0.000000  4.823282e-02  0.000000e+00
  0.167011  -262.254628   92.115830    0.000000  5.202391e-02  0.000000e+00
  0.167269  -262.120042   92.311579    0.000000  5.586905e-02  0.000000e+00
  0.167527  -261.988729   92.508090    0.000000  5.976342e-02  0.000000e+00
  0.167785  -261.860880   92.705377    0.000000  6.369936e-02  0.000000e+00
  0.168043  -261.736680   92.903451    0.000000  6.766606e-02  0.000000e+00
  0.168301  -261.616307   93.102326    0.000000  7.164922e-02  0.000000e+00
  0.168560  -261.499930   93.302010    0.000000  7.563078e-02  0.000000e+00
  0.168818  -261.387710   93.502513    0.000000  7.958867e-02  0.000000e+00
  0.169076  -261.279800   93.703844    0.000000  8.349669e-02  0.000000e+00
  0.169334  -261.176341   93.906009    0.000000  8.732439e-02  0.000000e+00
  0.169592  -261.077467   94.109017    0.000000  9.103719e-02  0.000000e+00
  0.169850  -260.983298   94.312872    0.000000  9.459661e-02  0.000000e+00
  0.170108  -260.893945   94.517583    0.000000  9.796066e-02  0.000000e+00
  0.170367  -260.809508   94.723154    0.000000  1.010845e-01  0.000000e+00
  0.170625  -260.730072   94.929592    0.000000  1.039212e-01  0.000000e+00
  0.170883  -260.655711   95.136902    0.000000  1.064229e-01  0.000000e+00
  0.171141  -260.586485   95.345091    0.000000  1.085419e-01  0.000000e+00
  0.171399  -260.522442   95.554164    0.000000  1.102318e-01  0.000000e+00
  0.171657  -260.463612   95.764129    0.000000  1.114495e-01  0.000000e+00
  0.171915  -260.410013   95.974993    0.000000  1.121562e-01  0.000000e+00
  0.172173  -260.361645   96.186763    0.000000  1.123238e-01  0.000000e+00
  0.172432  -260.318495   96.399448    0.000000  1.119458e-01  0.000000e+00
  0.172690  -260.280532   96.613058    0.000000  1.110265e-01  0.000000e+00
  0.172948  -260.247712   96.827601    0.000000  1.095793e-01  0.000000e+00
  0.173206  -260.219975   97.043088    0.000000  1.076263e-01  0.000000e+00
  0.173464  -260.197248   97.259527    0.000000  1.051971e-01  0.000000e+00
  0.173722  -260.179445   97.476928    0.000000  1.023277e-01  0.000000e+00
  0.173980  -260.166467   97.695299    0.000000  9.905940e-02  0.000000e+00
  0.174239  -260.158202   97.914649    0.000000  9.543711e-02  0.000000e+00
  0.174497  -260.154527   98.134986    0.000000  9.150780e-02  0.000000e+00
  0.174755  -260.155308   98.356315    0.000000  8.731909e-02  0.000000e+00
  0.175013  -260.160399   98.578641    0.000000  8.291799e-02  0.000000e+00
  0.175271  -260.169645   98.801968    0.000000  7.834969e-02  0.000000e+00
  0.175529  -260.182881   99.026299    0.000000  7.365668e-02  0.000000e+00
  0.175787  -260.199932   99.251633    0.000000  6.887804e-02  0.000000e+00
  0.176045  -260.220617   99.477970    0.000000  6.404892e-02  0.000000e+00
  0.176304  -260.244744   99.705304    0.000000  5.920032e-02  0.000000e+00
  0.176562  -260.272115   99.933630    0.000000  5.435893e-02  0.000000e+00
  0.176820  -260.302524  100.162939    0.000000  4.954720e-02  0.000000e+00
  0.177078  -260.335759  100.393219    0.000000  4.478350e-02  0.000000e+00
  0.177336  -260.371603  100.624456    0.000000  4.008234e-02  0.000000e+00
  0.177594  -260.409832  100.856632    0.000000  3.545470e-02  0.000000e+00
  0.177852  -260.450218  101.089726    0.000000  3.090835e-02  0.000000e+00
  0.178110  -260.492528  101.323714    0.000000  2.644819e-02  0.000000e+00
  0.178369  -260.536525  101.558567    0.000000  2.207662e-02  0.000000e+00
  0.178627  -260.581969  101.794253    0.000000  1.779386e-02  0.000000e+00
  0.178885  -260.628618  102.030736    0.000000  1.359830e-02  0.000000e+00
  0.179143  -260.676226  102.267975    0.000000  9.486708e-03  0.000000e+00
  0.179401  -260.724546  102.505926    0.000000  5.454580e-03  0.000000e+00
  0.179659  -260.773331  102.744537    0.000000  1.496304e-03  0.000000e+00
  0.179917  -260.822330  102.983755    0.000000  -2.395010e-03  0.000000e+00
  0.180176  -260.871296  103.223519    0.000000  -6.229127e-03  0.000000e+00
  0.180434  -260.919978  103.463766    0.000000  -1.001699e-02  0.000000e+00
  0.180692  -260.968130  103.704426    0.000000  -1.376975e-02  0.000000e+00
  0.180950  -261.015502  103.945427    0.000000  -1.749853e-02  0.000000e+00
  0.181208  -261.061850  104.186692    0.000000  -2.121430e-02  0.000000e+00
  0.181466  -261.106930  104.428140    0.000000  -2.492764e-02  0.000000e+00
  0.181724  -261.150501  104.669688    0.000000  -2.864866e-02  0.000000e+00
  0.181982  -261.192323  104.911250    0.000000  -3.238675e-02  0.000000e+00
  0.182241  -261.232162  105.152739    0.000000  -3.615046e-02  0.000000e+00
  0.182499  -261.269786  105.394063    0.000000  -3.994731e-02  0.000000e+00
  0.182757  -261.304968  105.635132    0.000000  -4.378357e-02  0.000000e+00
  0.183015  -261.337483  105.875850    0.000000  -4.766407e-02  0.000000e+00
  0.183273  -261.367116  106.116125    0.000000  -5.159195e-02  0.000000e+00
  0.183531  -261.393652  106.355861    0.000000  -5.556838e-02  0.000000e+00
  0.183789  -261.416884  106.594964    0.000000  -5.959233e-02  0.000000e+00
  0.184047  -261.436614  106.833337    0.000000  -6.366023e-02  0.000000e+00
  0.184306  -261.452646  107.070887    0.000000  -6.776570e-02  0.000000e+00
  0.184564  -261.464794  107.307519    0.000000  -7.189923e-02  0.000000e+00
  0.184822  -261.472878  107.543140    0.000000  -7.604789e-02  0.000000e+00
  0.185080  -261.476729  107.777660    0.000000  -8.019509e-02  0.000000e+00
  0.185338  -261.476182  108.010989    0.000000  -8.432036e-02  0.000000e+00
  0.185596  -261.471085  108.243039    0.000000  -8.839922e-02  0.000000e+00
  0.185854  -261.461292  108.473725    0.000000  -9.240312e-02  0.000000e+00
  0.186113  -261.446669  108.702965    0.000000  -9.629960e-02  0.000000e+00
  0.186371  -261.427091  108.930681    0.000000  -1.000525e-01  0.000000e+00
  0.186629  -261.402444  109.156797    0.000000  -1.036222e-01  0.000000e+00
  0.186887  -261.372624  109.381241    0.000000  -1.069667e-01  0.000000e+00
  0.187145  -261.337541  109.603947    0.000000  -1.100419e-01  0.000000e+00
  0.187403  -261.297115  109.824851    0.000000  -1.128028e-01  0.000000e+00
  0.187661  -261.251277  110.043897    0.000000  -1.152047e-01  0.000000e+00
  0.187919  -261.199974  110.261031    0.000000  -1.172047e-01  0.000000e+00
  0.188178  -261.143164  110.476206    0.000000  -1.187623e-01  0.000000e+00
  0.188436  -261.080819  110.689383    0.000000  -1.198417e-01  0.000000e+00
  0.188694  -261.012924  110.900526    0.000000  -1.204122e-01  0.000000e+00
  0.188952  -260.939481  111.109608    0.000000  -1.204500e-01  0.000000e+00
  0.189210  -260.860506  111.316607    0.000000  -1.199384e-01  0.000000e+00
  0.189468  -260.776028  111.521511    0.000000  -1.188688e-01  0.000000e+00
  0.189726  -260.686095  111.724313    0.000000  -1.172408e-01  0.000000e+00
  0.189985  -260.590769  111.925015    0.000000  -1.150615e-01  0.000000e+00
  0.190243  -260.490130  112.123629    0.000000  -1.123457e-01  0.000000e+00
  0.190501  -260.384274  112.320173    0.000000  -1.091144e-01  0.000000e+00
  0.190759  -260.273316  112.514677    0.000000  -1.053938e-01  0.000000e+00
  0.191017  -260.157386  112.707177    0.000000  -1.012137e-01  0.000000e+00
  0.191275  -260.036636  112.897723    0.000000  -9.660640e-02  0.000000e+00
  0.191533  -259.911234  113.086371    0.000000  -9.160555e-02  0.000000e+00
  0.191791  -259.781369  113.273190    0.000000  -8.626296e-02  0.000000e+00
  0.192050  -259.647247  113.458259    0.000000  -8.064626e-02  0.000000e+00
  0.192308  -259.509092  113.641665    0.000000  -7.481811e-02  0.000000e+00
  0.192566  -259.367145  113.823506    0.000000  -6.883430e-02  0.000000e+00
  0.192824  -259.221660  114.003886    0.000000  -6.274320e-02  0.000000e+00
  0.193082  -259.072906  114.182919    0.000000  -5.658567e-02  0.000000e+00
  0.193340  -258.921161  114.360724    0.000000  -5.039521e-02  0.000000e+00
  0.193598  -258.766715  114.537426    0.000000  -4.419843e-02  0.000000e+00
  0.193856  -258.609869  114.713157    0.000000  -3.801571e-02  0.000000e+00
  0.194115  -258.450928  114.888052    0.000000  -3.186195e-02  0.000000e+00
  0.194373  -258.290205  115.062249    0.000000  -2.574743e-02  0.000000e+00
  0.194631  -258.128018  115.235893    0.000000  -1.967869e-02  0.000000e+00
  0.194889  -257.964687  115.409128    0.000000  -1.365945e-02  0.000000e+00
  0.195147  -257.800537  115.582101    0.000000  -7.691449e-03  0.000000e+00
  0.195405  -257.635890  115.754961    0.000000  -1.775383e-03  0.000000e+00
  0.195663  -257.471070  115.927855    0.000000  4.088306e-03  0.000000e+00
  0.195922  -257.306398  116.100933    0.000000  9.898577e-03  0.000000e+00
  0.196180  -257.142190  116.274341    0.000000  1.565301e-02  0.000000e+00
  0.196438  -256.978759  116.448225    0.000000  2.134702e-02  0.000000e+00
  0.196696  -256.816410  116.622728    0.000000  2.697318e-02  0.000000e+00
  0.196954  -256.655443  116.797990    0.000000  3.252045e-02  0.000000e+00
  0.197212  -256.496146  116.974147    0.000000  3.797364e-02  0.000000e+00
  0.197470  -256.338798  117.151330    0.000000  4.331280e-02  0.000000e+00
  0.197728  -256.183665  117.329667    0.000000  4.851279e-02  0.000000e+00
  0.197987  -256.031002  117.509277    0.000000  5.354302e-02  0.000000e+00
  0.198245  -255.881045  117.690273    0.000000  5.836729e-02  0.000000e+00
  0.198503  -255.734018  117.872763    0.000000  6.294392e-02  0.000000e+00
  0.198761  -255.590127  118.056844    0.000000  6.722610e-02  0.000000e+00
  0.199019  -255.449557  118.242607    0.000000  7.116251e-02  0.000000e+00
  0.199277  -255.312473  118.430129    0.000000  7.469835e-02  0.000000e+00
  0.199535  -255.179022  118.619483    0.000000  7.778955e-02  0.000000e+00
  0.199793  -255.049323  118.810726    0.000000  8.041893e-02  0.000000e+00
  0.200052  -254.923478  119.003907    0.000000  8.257462e-02  0.000000e+00
  0.200310  -254.801565  119.199065    0.000000  8.424778e-02  0.000000e+00
  0.200568  -254.683644  119.396230    0.000000  8.543354e-02  0.000000e+00
  0.200826  -254.569752  119.595420    0.000000  8.613157e-02  0.000000e+00
  0.201084  -254.459910  119.796648    0.000000  8.634663e-02  0.000000e+00
  0.201342  -254.354119  119.999913    0.000000  8.608865e-02  0.000000e+00
  0.201600  -254.252363  120.205211    0.000000  8.537269e-02  0.000000e+00
  0.201859  -254.154610  120.412527    0.000000  8.421864e-02  0.000000e+00
  0.202117  -254.060811  120.621837    0.000000  8.265069e-02  0.000000e+00
  0.202375  -253.970901  120.833114    0.000000  8.069666e-02  0.000000e+00
  0.202633  -253.884802  121.046319    0.000000  7.838717e-02  0.000000e+00
  0.202891  -253.802421  121.261409    0.000000  7.575482e-02  0.000000e+00
  0.203149  -253.723651  121.478335    0.000000  7.283333e-02  0.000000e+00
  0.203407  -253.648375  121.697041    0.000000  6.965664e-02  0.000000e+00
  0.203665  -253.576461  121.917464    0.000000  6.625820e-02  0.000000e+00
  0.203924  -253.507770  122.139537    0.000000  6.267029e-02  0.000000e+00
  0.204182  -253.442148  122.363188    0.000000  5.892345e-02  0.000000e+00
  0.204440  -253.379435  122.588340    0.000000  5.504606e-02  0.000000e+00
  0.204698  -253.319460  122.814911    0.000000  5.106405e-02  0.000000e+00
  0.204956  -253.262046  123.042815    0.000000  4.700068e-02  0.000000e+00
  0.205214  -253.207006  123.271962    0.000000  4.287653e-02  0.000000e+00
  0.205472  -253.154148  123.502261    0.000000  3.870943e-02  0.000000e+00
  0.205731  -253.103273  123.733613    0.000000  3.451465e-02  0.000000e+00
  0.205989  -253.054178  123.965921    0.000000  3.030500e-02  0.000000e+00
  0.206247  -253.006655  124.199082    0.000000  2.609104e-02  0.000000e+00
  0.206505  -252.960490  124.432993    0.000000  2.188137e-02  0.000000e+00
  0.206763  -252.915470  124.667549    0.000000  1.768286e-02  0.000000e+00
  0.207021  -252.871376  124.902641    0.000000  1.350096e-02  0.000000e+00
  0.207279  -252.827989  125.138163    0.000000  9.339980e-03  0.000000e+00
  0.207537  -252.785089  125.374004    0.000000  5.203403e-03  0.000000e+00
  0.207796  -252.742454  125.610055    0.000000  1.094164e-03  0.000000e+00
  0.208054  -252.699866  125.846206    0.000000  -2.985049e-03  0.000000e+00
  0.208312  -252.657105  126.082347    0.000000  -7.031516e-03  0.000000e+00
  0.208570  -252.613954  126.318369    0.000000  -1.104220e-02  0.000000e+00
  0.208828  -252.570200  126.554162    0.000000  -1.501351e-02  0.000000e+00
  0.209086  -252.525631  126.789621    0.000000  -1.894100e-02  0.000000e+00
  0.209344  -252.480040  127.024638    0.000000  -2.281919e-02  0.000000e+00
  0.209602  -252.433226  127.259109    0.000000  -2.664131e-02  0.000000e+00
  0.209861  -252.384992  127.492932    0.000000  -3.039913e-02  0.000000e+00
  0.210119  -252.335148  127.726007    0.000000  -3.408275e-02  0.000000e+00
  0.210377  -252.283510  127.958237    0.000000  -3.768053e-02  0.000000e+00
  0.210635  -252.229905  128.189527    0.000000  -4.117894e-02  0.000000e+00
  0.210893  -252.174163  128.419788    0.000000  -4.456254e-02  0.000000e+00
  0.211151  -252.116128  128.648932    0.000000  -4.781568e-02  0.000000e+00
  0.211409  -252.055651  128.876876    0.000000  -5.093273e-02  0.000000e+00
  0.211668  -251.992594  129.103541    0.000000  -5.391174e-02  0.000000e+00
  0.211926  -251.926828  129.328852    0.000000  -5.674995e-02  0.000000e+00
  0.212184  -251.858234  129.552737    0.000000  -5.944391e-02  0.000000e+00
  0.212442  -251.786701  129.775128    0.000000  -6.198975e-02  0.000000e+00
  0.212700  -251.712129  129.995961    0.000000  -6.438331e-02  0.000000e+00
  0.212958  -251.634425  130.215173    0.000000  -6.662043e-02  0.000000e+00
  0.213216  -251.553506  130.432707    0.000000  -6.869709e-02  0.000000e+00
  0.213474  -251.469295  130.648507    0.000000  -7.060961e-02  0.000000e+00
  0.213733  -251.381727  130.862519    0.000000  -7.235488e-02  0.000000e+00
  0.213991  -251.290742  131.074694    0.000000  -7.393048e-02  0.000000e+00
  0.214249  -251.196288  131.284982    0.000000  -7.533487e-02  0.000000e+00
  0.214507  -251.098323  131.493340    0.000000  -7.656748e-02  0.000000e+00
  0.214765  -250.996809  131.699722    0.000000  -7.762883e-02  0.000000e+00
  0.215023  -250.891717  131.904088    0.000000  -7.852062e-02  0.000000e+00
  0.215281  -250.783026  132.106397    0.000000  -7.924574e-02  0.000000e+00
  0.215539  -250.670720  132.306610    0.000000  -7.980829e-02  0.000000e+00
  0.215798  -250.554790  132.504692    0.000000  -8.021360e-02  0.000000e+00
  0.216056  -250.435233  132.700606    0.000000  -8.046811e-02  0.000000e+00
  0.216314  -250.312054  132.894319    0.000000  -8.057938e-02  0.000000e+00
  0.216572  -250.185263  133.085796    0.000000  -8.055596e-02  0.000000e+00
  0.216830  -250.054874  133.275005    0.000000  -8.040726e-02  0.000000e+00
  0.217088  -249.920909  133.461914    0.000000  -8.014350e-02  0.000000e+00
  0.217346  -249.783394  133.646491    0.000000  -7.977547e-02  0.000000e+00
  0.217605  -249.642361  133.828707    0.000000  -7.931451e-02  0.000000e+00
  0.217863  -249.497846  134.008529    0.000000  -7.877230e-02  0.000000e+00
  0.218121  -249.349891  134.185928    0.000000  -7.816075e-02  0.000000e+00
  0.218379  -249.198541  134.360871    0.000000  -7.749188e-02  0.000000e+00
  0.218637  -249.043847  134.533329    0.000000  -7.677772e-02  0.000000e+00
  0.218895  -248.885863  134.703269    0.000000  -7.603010e-02  0.000000e+00
  0.219153  -248.724648  134.870660    0.000000  -7.525926e-02  0.000000e+00
  0.219411  -248.560262  135.035468    0.000000  -7.447370e-02  0.000000e+00
  0.219670  -248.392773  135.197661    0.000000  -7.368126e-02  0.000000e+00
  0.219928  -248.222248  135.357204    0.000000  -7.288912e-02  0.000000e+00
  0.220186  -248.048759  135.514065    0.000000  -7.210377e-02  0.000000e+00
  0.220444  -247.872380  135.668209    0.000000  -7.133108e-02  0.000000e+00
  0.220702  -247.693189  135.819602    0.000000  -7.057627e-02  0.000000e+00
  0.220960  -247.511264  135.968210    0.000000  -6.984396e-02  0.000000e+00
  0.221218  -247.326687  136.113998    0.000000  -6.913816e-02  0.000000e+00
  0.221477  -247.139539  136.256934    0.000000  -6.846233e-02  0.000000e+00
  0.221735  -246.949906  136.396983    0.000000  -6.781938e-02  0.000000e+00
  0.221993  -246.757873  136.534112    0.000000  -6.721173e-02  0.000000e+00
  0.222251  -246.563525  136.668289    0.000000  -6.664129e-02  0.000000e+00
  0.222509  -246.366951  136.799483    0.000000  -6.610952e-02  0.000000e+00
  0.222767  -246.168238  136.927660    0.000000  -6.561743e-02  0.000000e+00
  0.223025  -245.967473  137.052792    0.000000  -6.516560e-02  0.000000e+00
  0.223283  -245.764744  137.174849    0.000000  -6.475423e-02  0.000000e+00
  0.223542  -245.560139  137.293802    0.000000  -6.438310e-02  0.000000e+00
  0.223800  -245.353745  137.409623    0.000000  -6.405162e-02  0.000000e+00
  0.224058  -245.145648  137.522287    0.000000  -6.375881e-02  0.000000e+00
  0.224316  -244.935933  137.631768    0.000000  -6.350332e-02  0.000000e+00
  0.224574  -244.724684  137.738044    0.000000  -6.328343e-02  0.000000e+00
  0.224832  -244.511983  137.841091    0.000000  -6.309703e-02  0.000000e+00
  0.225090  -244.297910  137.940890    0.000000  -6.294165e-02  0.000000e+00
  0.225348  -244.082545  138.037423    0.000000  -6.281440e-02  0.000000e+00
  0.225607  -243.865963  138.130671    0.000000  -6.271202e-02  0.000000e+00
  0.225865  -243.648239  138.220620    0.000000  -6.263082e-02  0.000000e+00
  0.226123  -243.429442  138.307258    0.000000  -6.256672e-02  0.000000e+00
  0.226381  -243.209642  138.390573    0.000000  -6.251520e-02  0.000000e+00
  0.226639  -242.988902  138.470556    0.000000  -6.247130e-02  0.000000e+00
  0.226897  -242.767284  138.547202    0.000000  -6.243025e-02  0.000000e+00
  0.227155  -242.544846  138.620506    0.000000  -6.238824e-02  0.000000e+00
  0.227414  -242.321640  138.690467    0.000000  -6.234188e-02  0.000000e+00
  0.227672  -242.097718  138.757084    0.000000  -6.228815e-02  0.000000e+00
  0.227930  -241.873128  138.820359    0.000000  -6.222436e-02  0.000000e+00
  0.228188  -241.647915  138.880298    0.000000  -6.214821e-02  0.000000e+00
  0.228446  -241.422119  138.936904    0.000000  -6.205775e-02  0.000000e+00
  0.228704  -241.195781  138.990185    0.000000  -6.195139e-02  0.000000e+00
  0.228962  -240.968937  139.040150    0.000000  -6.182795e-02  0.000000e+00
  0.229220  -240.741622  139.086808    0.000000  -6.168660e-02  0.000000e+00
  0.229479  -240.513869  139.130170    0.000000  -6.152688e-02  0.000000e+00
  0.229737  -240.285708  139.170247    0.000000  -6.134875e-02  0.000000e+00
  0.229995  -240.057168  139.207052    0.000000  -6.115249e-02  0.000000e+00
  0.230253  -239.828276  139.240598    0.000000  -6.093878e-02  0.000000e+00
  0.230511  -239.599060  139.270898    0.000000  -6.070866e-02  0.000000e+00
  0.230769  -239.369543  139.297967    0.000000  -6.046350e-02  0.000000e+00
  0.231027  -239.139749  139.321818    0.000000  -6.020501e-02  0.000000e+00
  0.231285  -238.909702  139.342466    0.000000  -5.993524e-02  0.000000e+00
  0.231544  -238.679425  139.359925    0.000000  -5.965653e-02  0.000000e+00
  0.231802  -238.448938  139.374210    0.000000  -5.937150e-02  0.000000e+00
  0.232060  -238.218263  139.385334    0.000000  -5.908305e-02  0.000000e+00
  0.232318  -237.987423  139.393311    0.000000  -5.879432e-02  0.000000e+00
  0.232576  -237.756438  139.398153    0.000000  -5.850869e-02  0.000000e+00
  0.232834  -237.525331  139.399872    0.000000  -5.822974e-02  0.000000e+00
  0.233092  -237.294124  139.398479    0.000000  -5.796123e-02  0.000000e+00
  0.233351  -237.062839  139.393985    0.000000  -5.770709e-02  0.000000e+00
  0.233609  -236.831500  139.386399    0.000000  -5.747141e-02  0.000000e+00
  0.233867  -236.600131  139.375728    0.000000  -5.725838e-02  0.000000e+00
  0.234125  -236.368759  139.361979    0.000000  -5.707235e-02  0.000000e+00
  0.234383  -236.137409  139.345156    0.000000  -5.691772e-02  0.000000e+00
  0.234641  -235.906111  139.325262    0.000000  -5.679900e-02  0.000000e+00
  0.234899  -235.674894  139.302298    0.000000  -5.672078e-02  0.000000e+00
  0.235157  -235.443790  139.276264    0.000000  -5.668771e-02  0.000000e+00
  0.235416  -235.212834  139.247157    0.000000  -5.670448e-02  0.000000e+00
  0.235674  -234.982059  139.214971    0.000000  -5.677584e-02  0.000000e+00
  0.235932  -234.751507  139.179699    0.000000  -5.690660e-02  0.000000e+00
  0.236190  -234.521216  139.141330    0.000000  -5.710159e-02  0.000000e+00
  0.236448  -234.291230  139.099852    0.000000  -5.736569e-02  0.000000e+00
  0.236706  -234.061597  139.055249    0.000000  -5.770383e-02  0.000000e+00
  0.236964  -233.832365  139.007502    0.000000  -5.812095e-02  0.000000e+00
  0.237223  -233.603587  138.956590    0.000000  -5.862204e-02  0.000000e+00
  0.237481  -233.375319  138.902488    0.000000  -5.921213e-02  0.000000e+00
  0.237739  -233.147621  138.845167    0.000000  -5.989626e-02  0.000000e+00
  0.237997  -232.920556  138.784595    0.000000  -6.067949e-02  0.000000e+00
  0.238255  -232.694192  138.720737    0.000000  -6.156689e-02  0.000000e+00
  0.238513  -232.468600  138.653554    0.000000  -6.256193e-02  0.000000e+00
  0.238771  -232.243856  138.583002    0.000000  -6.365948e-02  0.000000e+00
  0.239029  -232.020040  138.509034    0.000000  -6.485145e-02  0.000000e+00
  0.239288  -231.797236  138.431602    0.000000  -6.612976e-02  0.000000e+00
  0.239546  -231.575531  138.350653    0.000000  -6.748629e-02  0.000000e+00
  0.239804  -231.355019  138.266134    0.000000  -6.891291e-02  0.000000e+00
  0.240062  -231.135796  138.177990    0.000000  -7.040149e-02  0.000000e+00
  0.240320  -230.917960  138.086164    0.000000  -7.194389e-02  0.000000e+00
  0.240578  -230.701617  137.990600    0.000000  -7.353197e-02  0.000000e+00
  0.240836  -230.486874  137.891244    0.000000  -7.515765e-02  0.000000e+00
  0.241094  -230.273841  137.788040    0.000000  -7.681287e-02  0.000000e+00
  0.241353  -230.062633  137.680934    0.000000  -7.848970e-02  0.000000e+00
  0.241611  -229.853368  137.569876    0.000000  -8.018031e-02  0.000000e+00
  0.241869  -229.646168  137.454816    0.000000  -8.187708e-02  0.000000e+00
  0.242127  -229.441158  137.335708    0.000000  -8.357263e-02  0.000000e+00
  0.242385  -229.238465  137.212511    0.000000  -8.525990e-02  0.000000e+00
  0.242643  -229.038220  137.085184    0.000000  -8.693222e-02  0.000000e+00
  0.242901  -228.840559  136.953696    0.000000  -8.858342e-02  0.000000e+00
  0.243160  -228.645617  136.818017    0.000000  -9.020790e-02  0.000000e+00
  0.243418  -228.453536  136.678125    0.000000  -9.180073e-02  0.000000e+00
  0.243676  -228.264458  136.534004    0.000000  -9.335777e-02  0.000000e+00
  0.243934  -228.078529  136.385643    0.000000  -9.487577e-02  0.000000e+00
  0.244192  -227.895897  136.233041    0.000000  -9.635246e-02  0.000000e+00
  0.244450  -227.716714  136.076204    0.000000  -9.778665e-02  0.000000e+00
  0.244708  -227.541133  135.915145    0.000000  -9.917836e-02  0.000000e+00
  0.244966  -227.369310  135.749887    0.000000  -1.005289e-01  0.000000e+00
  0.245225  -227.201404  135.580463    0.000000  -1.018410e-01  0.000000e+00
  0.245483  -227.037575  135.406917    0.000000  -1.031187e-01  0.000000e+00
  0.245741  -226.877987  135.229300    0.000000  -1.043678e-01  0.000000e+00
  0.245999  -226.722805  135.047678    0.000000  -1.055956e-01  0.000000e+00
  0.246257  -226.572196  134.862127    0.000000  -1.068113e-01  0.000000e+00
  0.246515  -226.426328  134.672734    0.000000  -1.080274e-01  0.000000e+00
  0.246773  -226.285373  134.479601    0.000000  -1.092571e-01  0.000000e+00
  0.247031  -226.149503  134.282839    0.000000  -1.105116e-01  0.000000e+00
  0.247290  -226.018889  134.082570    0.000000  -1.118004e-01  0.000000e+00
  0.247548  -225.893701  133.878928    0.000000  -1.131312e-01  0.000000e+00
  0.247806  -225.774111  133.672053    0.000000  -1.145095e-01  0.000000e+00
  0.248064  -225.660285  133.462098    0.000000  -1.159388e-01  0.000000e+00
  0.248322  -225.552390  133.249221    0.000000  -1.174207e-01  0.000000e+00
  0.248580  -225.450586  133.033590    0.000000  -1.189545e-01  0.000000e+00
  0.248838  -225.355033  132.815379    0.000000  -1.205371e-01  0.000000e+00
  0.249097  -225.265882  132.594769    0.000000  -1.221634e-01  0.000000e+00
  0.249355  -225.183282  132.371945    0.000000  -1.238259e-01  0.000000e+00
  0.249613  -225.107374  132.147100    0.000000  -1.255144e-01  0.000000e+00
  0.249871  -225.038294  131.920430    0.000000  -1.272165e-01  0.000000e+00
  0.250129  -224.976168  131.692133    0.000000  -1.289175e-01  0.000000e+00
  0.250387  -224.921115  131.462415    0.000000  -1.306001e-01  0.000000e+00
  0.250645  -224.873245  131.231481    0.000000  -1.322448e-01  0.000000e+00
  0.250903  -224.832659  130.999539    0.000000  -1.338299e-01  0.000000e+00
  0.251162  -224.799448  130.766799    0.000000  -1.353318e-01  0.000000e+00
  0.251420  -224.773690  130.533471    0.000000  -1.367255e-01  0.000000e+00
  0.251678  -224.755452  130.299766    0.000000  -1.379843e-01  0.000000e+00
  0.251936  -224.744791  130.065894    0.000000  -1.390812e-01  0.000000e+00
  0.252194  -224.741748  129.832064    0.000000  -1.399886e-01  0.000000e+00
  0.252452  -224.746351  129.598484    0.000000  -1.406792e-01  0.000000e+00
  0.252710  -224.758614  129.365358    0.000000  -1.411268e-01  0.000000e+00
  0.252969  -224.778535  129.132890    0.000000  -1.413067e-01  0.000000e+00
  0.253227  -224.806098  128.901278    0.000000  -1.411961e-01  0.000000e+00
  0.253485  -224.841269  128.670716    0.000000  -1.407755e-01  0.000000e+00
  0.253743  -224.883995  128.441395    0.000000  -1.400281e-01  0.000000e+00
  0.254001  -224.934209  128.213498    0.000000  -1.389413e-01  0.000000e+00
  0.254259  -224.991823  127.987205    0.000000  -1.375201e-01  0.000000e+00
  0.254517  -225.056730  127.762687    0.000000  -1.357918e-01  0.000000e+00
  0.254775  -225.128806  127.540109    0.000000  -1.337880e-01  0.000000e+00
  0.255034  -225.207913  127.319631    0.000000  -1.315417e-01  0.000000e+00
  0.255292  -225.293893  127.101402    0.000000  -1.290866e-01  0.000000e+00
  0.255550  -225.386579  126.885566    0.000000  -1.264561e-01  0.000000e+00
  0.255808  -225.485787  126.672261    0.000000  -1.236828e-01  0.000000e+00
  0.256066  -225.591323  126.461613    0.000000  -1.207975e-01  0.000000e+00
  0.256324  -225.702983  126.253745    0.000000  -1.178287e-01  0.000000e+00
  0.256582  -225.820552  126.048767    0.000000  -1.148028e-01  0.000000e+00
  0.256840  -225.943808  125.846784    0.000000  -1.117429e-01  0.000000e+00
  0.257099  -226.072520  125.647890    0.000000  -1.086693e-01  0.000000e+00
  0.257357  -226.206453  125.452171    0.000000  -1.055994e-01  0.000000e+00
  0.257615  -226.345366  125.259706    0.000000  -1.025473e-01  0.000000e+00
  0.257873  -226.489013  125.070560    0.000000  -9.952450e-02  0.000000e+00
  0.258131  -226.637149  124.884794    0.000000  -9.653934e-02  0.000000e+00
  0.258389  -226.789523  124.702454    0.000000  -9.359765e-02  0.000000e+00
  0.258647  -226.945887  124.523579    0.000000  -9.070275e-02  0.000000e+00
  0.258906  -227.105992  124.348198    0.000000  -8.785563e-02  0.000000e+00
  0.259164  -227.269592  124.176328    0.000000  -8.505515e-02  0.000000e+00
  0.259422  -227.436444  124.007976    0.000000  -8.229821e-02  0.000000e+00
  0.259680  -227.606309  123.843140    0.000000  -7.957995e-02  0.000000e+00
  0.259938  -227.778953  123.681803    0.000000  -7.689389e-02  0.000000e+00
  0.260196  -227.954148  123.523941    0.000000  -7.423212e-02  0.000000e+00
  0.260454  -228.131676  123.369515    0.000000  -7.158546e-02  0.000000e+00
  0.260712  -228.311326  123.218477    0.000000  -6.894361e-02  0.000000e+00
  0.260971  -228.492897  123.070765    0.000000  -6.629538e-02  0.000000e+00
  0.261229  -228.676199  122.926306    0.000000  -6.362886e-02  0.000000e+00
  0.261487  -228.861056  122.785014    0.000000  -6.093165e-02  0.000000e+00
  0.261745  -229.047303  122.646792    0.000000  -5.819111e-02  0.000000e+00
  0.262003  -229.234792  122.511527    0.000000  -5.539320e-02  0.000000e+00
  0.262261  -229.423387  122.379097    0.000000  -5.252098e-02  0.000000e+00
  0.262519  -229.612969  122.249365    0.000000  -4.956024e-02  0.000000e+00
  0.262777  -229.803433  122.122185    0.000000  -4.650041e-02  0.000000e+00
  0.263036  -229.994682  121.997399    0.000000  -4.333456e-02  0.000000e+00
  0.263294  -230.186636  121.874841    0.000000  -4.005929e-02  0.000000e+00
  0.263552  -230.379221  121.754335    0.000000  -3.667458e-02  0.000000e+00
  0.263810  -230.572375  121.635698    0.000000  -3.318368e-02  0.000000e+00
  0.264068  -230.766043  121.518740    0.000000  -2.959286e-02  0.000000e+00
  0.264326  -230.960177  121.403266    0.000000  -2.591120e-02  0.000000e+00
  0.264584  -231.154736  121.289074    0.000000  -2.215023e-02  0.000000e+00
  0.264843  -231.349684  121.175959    0.000000  -1.832360e-02  0.000000e+00
  0.265101  -231.544989  121.063712    0.000000  -1.444668e-02  0.000000e+00
  0.265359  -231.740621  120.952121    0.000000  -1.053615e-02  0.000000e+00
  0.265617  -231.936554  120.840975    0.000000  -6.609523e-03  0.000000e+00
  0.265875  -232.132761  120.730058    0.000000  -2.684711e-03  0.000000e+00
  0.266133  -232.329218  120.619158    0.000000  1.220471e-03  0.000000e+00
  0.266391  -232.525897  120.508061    0.000000  5.088745e-03  0.000000e+00
  0.266649  -232.722769  120.396556    0.000000  8.903815e-03  0.000000e+00
  0.266908  -232.919803  120.284434    0.000000  1.265078e-02  0.000000e+00
  0.267166  -233.116961  120.171492    0.000000  1.631650e-02  0.000000e+00
  0.267424  -233.314203  120.057527    0.000000  1.988995e-02  0.000000e+00
  0.267682  -233.511481  119.942344    0.000000  2.336250e-02  0.000000e+00
  0.267940  -233.708740  119.825754    0.000000  2.672816e-02  0.000000e+00
  0.268198  -233.905918  119.707575    0.000000  2.998379e-02  0.000000e+00
  0.268456  -234.102942  119.587632    0.000000  3.312921e-02  0.000000e+00
  0.268715  -234.299730  119.465759    0.000000  3.616739e-02  0.000000e+00
  0.268973  -234.496187  119.341799    0.000000  3.910444e-02  0.000000e+00
  0.269231  -234.692208  119.215606    0.000000  4.194977e-02  0.000000e+00
  0.269489  -234.887672  119.087046    0.000000  4.471608e-02  0.000000e+00
  0.269747  -235.082446  118.955996    0.000000  4.741884e-02  0.000000e+00
  0.270005  -235.276380  118.822346    0.000000  5.007203e-02  0.000000e+00
  0.270263  -235.469311  118.685999    0.000000  5.268850e-02  0.000000e+00
  0.270521  -235.661061  118.546869    0.000000  5.528079e-02  0.000000e+00
  0.270780  -235.851444  118.404885    0.000000  5.786086e-02  0.000000e+00
  0.271038  -236.040260  118.259984    0.000000  6.043979e-02  0.000000e+00
  0.271296  -236.227304  118.112116    0.000000  6.302751e-02  0.000000e+00
  0.271554  -236.412360  117.961243    0.000000  6.563261e-02  0.000000e+00
  0.271812  -236.595209  117.807334    0.000000  6.826208e-02  0.000000e+00
  0.272070  -236.775627  117.650370    0.000000  7.092109e-02  0.000000e+00
  0.272328  -236.953387  117.490341    0.000000  7.361273e-02  0.000000e+00
  0.272586  -237.128260  117.327246    0.000000  7.633777e-02  0.000000e+00
  0.272845  -237.300019  117.161093    0.000000  7.909441e-02  0.000000e+00
  0.273103  -237.468437  116.991897    0.000000  8.187796e-02  0.000000e+00
  0.273361  -237.633290  116.819683    0.000000  8.468057e-02  0.000000e+00
  0.273619  -237.794358  116.644481    0.000000  8.749093e-02  0.000000e+00
  0.273877  -237.951428  116.466328    0.000000  9.029399e-02  0.000000e+00
  0.274135  -238.104293  116.285270    0.000000  9.307067e-02  0.000000e+00
  0.274393  -238.252756  116.101357    0.000000  9.579771e-02  0.000000e+00
  0.274652  -238.396631  115.914645    0.000000  9.844745e-02  0.000000e+00
  0.274910  -238.535740  115.725195    0.000000  1.009878e-01  0.000000e+00
  0.275168  -238.669921  115.533074    0.000000  1.033824e-01  0.000000e+00
  0.275426  -238.799027  115.338352    0.000000  1.055906e-01  0.000000e+00
  0.275684  -238.922925  115.141105    0.000000  1.075682e-01  0.000000e+00
  0.275942  -239.041501  114.941411    0.000000  1.092676e-01  0.000000e+00
  0.276200  -239.154658  114.739350    0.000000  1.106391e-01  0.000000e+00
  0.276458  -239.262322  114.535009    0.000000  1.116312e-01  0.000000e+00
  0.276717  -239.364438  114.328472    0.000000  1.121922e-01  0.000000e+00
  0.276975  -239.460977  114.119829    0.000000  1.122712e-01  0.000000e+00
  0.277233  -239.551932  113.909171    0.000000  1.118195e-01  0.000000e+00
  0.277491  -239.637324  113.696587    0.000000  1.107930e-01  0.000000e+00
  0.277749  -239.717201  113.482171    0.000000  1.091786e-01  0.000000e+00
  0.278007  -239.791637  113.266014    0.000000  1.069925e-01  0.000000e+00
  0.278265  -239.860734  113.048209    0.000000  1.042602e-01  0.000000e+00
  0.278523  -239.924617  112.828850    0.000000  1.010142e-01  0.000000e+00
  0.278782  -239.983435  112.608028    0.000000  9.729327e-02  0.000000e+00
  0.279040  -240.037357  112.385837    0.000000  9.314041e-02  0.000000e+00
  0.279298  -240.086575  112.162369    0.000000  8.860146e-02  0.000000e+00
  0.279556  -240.131299  111.937716    0.000000  8.372345e-02  0.000000e+00
  0.279814  -240.171754  111.711969    0.000000  7.855316e-02  0.000000e+00
  0.280072  -240.208183  111.485220    0.000000  7.313589e-02  0.000000e+00
  0.280330  -240.240846  111.257559    0.000000  6.751445e-02  0.000000e+00
  0.280589  -240.270011  111.029073    0.000000  6.172846e-02  0.000000e+00
  0.280847  -240.295962  110.799852    0.000000  5.581386e-02  0.000000e+00
  0.281105  -240.318991  110.569982    0.000000  4.980272e-02  0.000000e+00
  0.281363  -240.339401  110.339548    0.000000  4.372324e-02  0.000000e+00
  0.281621  -240.357500  110.108634    0.000000  3.759999e-02  0.000000e+00
  0.281879  -240.373604  109.877322    0.000000  3.145421e-02  0.000000e+00
  0.282137  -240.388032  109.645692    0.000000  2.530436e-02  0.000000e+00
  0.282395  -240.401108  109.413824    0.000000  1.916663e-02  0.000000e+00
  0.282654  -240.413158  109.181792    0.000000  1.305562e-02  0.000000e+00
  0.282912  -240.424506  108.949672    0.000000  6.984992e-03  0.000000e+00
  0.283170  -240.435476  108.717534    0.000000  9.681502e-04  0.000000e+00
  0.283428  -240.446392  108.485449    0.000000  -4.981077e-03  0.000000e+00
  0.283686  -240.457571  108.253482    0.000000  -1.084778e-02  0.000000e+00
  0.283944  -240.469325  108.021698    0.000000  -1.661538e-02  0.000000e+00
  0.284202  -240.481962  107.790158    0.000000  -2.226505e-02  0.000000e+00
  0.284461  -240.495778  107.558918    0.000000  -2.777527e-02  0.000000e+00
  0.284719  -240.511063  107.328036    0.000000  -3.312147e-02  0.000000e+00
  0.284977  -240.528094  107.097560    0.000000  -3.827581e-02  0.000000e+00
  0.285235  -240.547136  106.867540    0.000000  -4.320710e-02  0.000000e+00
  0.285493  -240.568441  106.638019    0.000000  -4.788087e-02  0.000000e+00
  0.285751  -240.592244  106.409039    0.000000  -5.225973e-02  0.000000e+00
  0.286009  -240.618766  106.180635    0.000000  -5.630379e-02  0.000000e+00
  0.286267  -240.648207  105.952841    0.000000  -5.997138e-02  0.000000e+00
  0.286526  -240.680749  105.725685    0.000000  -6.321991e-02  0.000000e+00
  0.286784  -240.716553  105.499191    0.000000  -6.600689e-02  0.000000e+00
  0.287042  -240.755759  105.273379    0.000000  -6.829101e-02  0.000000e+00
  0.287300  -240.798480  105.048264    0.000000  -7.003334e-02  0.000000e+00
  0.287558  -240.844807  104.823856    0.000000  -7.119838e-02  0.000000e+00
  0.287816  -240.894803  104.600162    0.000000  -7.175505e-02  0.000000e+00
  0.288074  -240.948503  104.377181    0.000000  -7.167741e-02  0.000000e+00
  0.288332  -241.005913  104.154909    0.000000  -7.094514e-02  0.000000e+00
  0.288591  -241.067008  103.933336    0.000000  -6.954362e-02  0.000000e+00
  0.288849  -241.131730  103.712447    0.000000  -6.746359e-02  0.000000e+00
  0.289107  -241.199988  103.492222    0.000000  -6.470053e-02  0.000000e+00
  0.289365  -241.271657  103.272633    0.000000  -6.127363e-02  0.000000e+00
  0.289623  -241.346574  103.053649    0.000000  -5.725187e-02  0.000000e+00
  0.289881  -241.424546  102.835232    0.000000  -5.270928e-02  0.000000e+00
  0.290139  -241.505348  102.617340    0.000000  -4.771593e-02  0.000000e+00
  0.290398  -241.588726  102.399927    0.000000  -4.233671e-02  0.000000e+00
  0.290656  -241.674405  102.182941    0.000000  -3.663052e-02  0.000000e+00
  0.290914  -241.762083  101.966329    0.000000  -3.064988e-02  0.000000e+00
  0.291172  -241.851441  101.750034    0.000000  -2.444093e-02  0.000000e+00
  0.291430  -241.942143  101.533995    0.000000  -1.804387e-02  0.000000e+00
  0.291688  -242.033838  101.318151    0.000000  -1.149357e-02  0.000000e+00
  0.291946  -242.126164  101.102439    0.000000  -4.820595e-03  0.000000e+00
  0.292204  -242.218750  100.886793    0.000000  1.947706e-03  0.000000e+00
  0.292463  -242.311219  100.671148    0.000000  8.785869e-03  0.000000e+00
  0.292721  -242.403189  100.455438    0.000000  1.566894e-02  0.000000e+00
  0.292979  -242.494280  100.239596    0.000000  2.257100e-02  0.000000e+00
  0.293237  -242.584113  100.023558    0.000000  2.946373e-02  0.000000e+00
  0.293495  -242.672312   99.807258    0.000000  3.631494e-02  0.000000e+00
  0.293753  -242.758510   99.590633    0.000000  4.308728e-02  0.000000e+00
  0.294011  -242.842350   99.373623    0.000000  4.973705e-02  0.000000e+00
  0.294269  -242.923487   99.156168    0.000000  5.621328e-02  0.000000e+00
  0.294528  -243.001592   98.938212    0.000000  6.245716e-02  0.000000e+00
  0.294786  -243.076355   98.719701    0.000000  6.840190e-02  0.000000e+00
  0.295044  -243.147484   98.500588    0.000000  7.397307e-02  0.000000e+00
  0.295302  -243.214714   98.280825    0.000000  7.908959e-02  0.000000e+00
  0.295560  -243.277804   98.060373    0.000000  8.366532e-02  0.000000e+00
  0.295818  -243.336543   97.839195    0.000000  8.761126e-02  0.000000e+00
  0.296076  -243.390751   97.617261    0.000000  9.083823e-02  0.000000e+00
  0.296335  -243.440283   97.394547    0.000000  9.326001e-02  0.000000e+00
  0.296593  -243.485030   97.171034    0.000000  9.479645e-02  0.000000e+00
  0.296851  -243.524924   96.946711    0.000000  9.537654e-02  0.000000e+00
  0.297109  -243.559939   96.721574    0.000000  9.495408e-02  0.000000e+00
  0.297367  -243.590092   96.495625    0.000000  9.356590e-02  0.000000e+00
  0.297625  -243.615445   96.268875    0.000000  9.128376e-02  0.000000e+00
  0.297883  -243.636098   96.041342    0.000000  8.818875e-02  0.000000e+00
  0.298141  -243.652189   95.813049    0.000000  8.436824e-02  0.000000e+00
  0.298400  -243.663891   95.584024    0.000000  7.991273e-02  0.000000e+00
  0.298658  -243.671409   95.354304    0.000000  7.491275e-02  0.000000e+00
  0.298916  -243.674977   95.123926    0.000000  6.945610e-02  0.000000e+00
  0.299174  -243.674855   94.892935    0.000000  6.362564e-02  0.000000e+00
  0.299432  -243.671326   94.661378    0.000000  5.749763e-02  0.000000e+00
  0.299690  -243.664695   94.429305    0.000000  5.114078e-02  0.000000e+00
  0.299948  -243.655284   94.196772    0.000000  4.461581e-02  0.000000e+00
  0.300207  -243.643431   93.963832    0.000000  3.797563e-02  0.000000e+00
  0.300465  -243.629486   93.730546    0.000000  3.126586e-02  0.000000e+00
  0.300723  -243.613809   93.496971    0.000000  2.452575e-02  0.000000e+00
  0.300981  -243.596768   93.263168    0.000000  1.778939e-02  0.000000e+00
  0.301239  -243.578732   93.029197    0.000000  1.108692e-02  0.000000e+00
  0.301497  -243.560074   92.795120    0.000000  4.446076e-03  0.000000e+00
  0.301755  -243.541167   92.560995    0.000000  -2.106478e-03  0.000000e+00
  0.302013  -243.522376   92.326882    0.000000  -8.543646e-03  0.000000e+00
  0.302272  -243.504063   92.092838    0.000000  -1.483657e-02  0.000000e+00
  0.302530  -243.486578   91.858918    0.000000  -2.095335e-02  0.000000e+00
  0.302788  -243.470259   91.625175    0.000000  -2.685797e-02  0.000000e+00
  0.303046  -243.455429   91.391658    0.000000  -3.250937e-02  0.000000e+00
  0.303304  -243.442395   91.158414    0.000000  -3.786081e-02  0.000000e+00
  0.303562  -243.431440   90.925485    0.000000  -4.285948e-02  0.000000e+00
  0.303820  -243.422827   90.692909    0.000000  -4.744656e-02  0.000000e+00
  0.304078  -243.416789   90.460718    0.000000  -5.155749e-02  0.000000e+00
  0.304337  -243.413533   90.228940    0.000000  -5.512284e-02  0.000000e+00
  0.304595  -243.413234   89.997596    0.000000  -5.806939e-02  0.000000e+00
  0.304853  -243.416032   89.766700    0.000000  -6.032542e-02  0.000000e+00
  0.305111  -243.422029   89.536261    0.000000  -6.186773e-02  0.000000e+00
  0.305369  -243.431293   89.306280    0.000000  -6.270980e-02  0.000000e+00
  0.305627  -243.443853   89.076751    0.000000  -6.287045e-02  0.000000e+00
  0.305885  -243.459708   88.847665    0.000000  -6.237374e-02  0.000000e+00
  0.306144  -243.478824   88.619004    0.000000  -6.124903e-02  0.000000e+00
  0.306402  -243.501138   88.390746    0.000000  -5.953078e-02  0.000000e+00
  0.306660  -243.526557   88.162867    0.000000  -5.725790e-02  0.000000e+00
  0.306918  -243.554964   87.935336    0.000000  -5.447299e-02  0.000000e+00
  0.307176  -243.586217   87.708120    0.000000  -5.122135e-02  0.000000e+00
  0.307434  -243.620152   87.481181    0.000000  -4.754995e-02  0.000000e+00
  0.307692  -243.656583   87.254481    0.000000  -4.350638e-02  0.000000e+00
  0.307950  -243.695306   87.027979    0.000000  -3.913803e-02  0.000000e+00
  0.308209  -243.736101   86.801630    0.000000  -3.449119e-02  0.000000e+00
  0.308467  -243.778733   86.575392    0.000000  -2.961052e-02  0.000000e+00
  0.308725  -243.822950   86.349217    0.000000  -2.453861e-02  0.000000e+00
  0.308983  -243.868493   86.123062    0.000000  -1.931573e-02  0.000000e+00
  0.309241  -243.915091   85.896880    0.000000  -1.397983e-02  0.000000e+00
  0.309499  -243.962466   85.670627    0.000000  -8.566564e-03  0.000000e+00
  0.309757  -244.010333   85.444258    0.000000  -3.109607e-03  0.000000e+00
  0.310015  -244.058403   85.217732    0.000000  2.359066e-03  0.000000e+00
  0.310274  -244.106386   84.991008    0.000000  7.808759e-03  0.000000e+00
  0.310532  -244.153990   84.764049    0.000000  1.320963e-02  0.000000e+00
  0.310790  -244.200924   84.536818    0.000000  1.853225e-02  0.000000e+00
  0.311048  -244.246902   84.309286    0.000000  2.374720e-02  0.000000e+00
  0.311306  -244.291641   84.081424    0.000000  2.882474e-02  0.000000e+00
  0.311564  -244.334866   83.853209    0.000000  3.373448e-02  0.000000e+00
  0.311822  -244.376309   83.624621    0.000000  3.844528e-02  0.000000e+00
  0.312081  -244.415714   83.395648    0.000000  4.292510e-02  0.000000e+00
  0.312339  -244.452836   83.166282    0.000000  4.714113e-02  0.000000e+00
  0.312597  -244.487446   82.936520    0.000000  5.106034e-02  0.000000e+00
  0.312855  -244.519328   82.706369    0.000000  5.466747e-02  0.000000e+00
  0.313113  -244.548285   82.475839    0.000000  5.797205e-02  0.000000e+00
  0.313371  -244.574135   82.244949    0.000000  6.098513e-02  0.000000e+00
  0.313629  -244.596711   82.013722    0.000000  6.371752e-02  0.000000e+00
  0.313887  -244.615863   81.782190    0.000000  6.618004e-02  0.000000e+00
  0.314146  -244.631454   81.550388    0.000000  6.838361e-02  0.000000e+00
  0.314404  -244.643362   81.318355    0.000000  7.033935e-02  0.000000e+00
  0.314662  -244.651479   81.086140    0.000000  7.205870e-02  0.000000e+00
  0.314920  -244.655708   80.853790    0.000000  7.355349e-02  0.000000e+00
  0.315178  -244.655965   80.621362    0.000000  7.483588e-02  0.000000e+00
  0.315436  -244.652179   80.388914    0.000000  7.591844e-02  0.000000e+00
  0.315694  -244.644290   80.156508    0.000000  7.681406e-02  0.000000e+00
  0.315953  -244.632247   79.924210    0.000000  7.753595e-02  0.000000e+00
  0.316211  -244.616011   79.692089    0.000000  7.809750e-02  0.000000e+00
  0.316469  -244.595553   79.460215    0.000000  7.851225e-02  0.000000e+00
  0.316727  -244.570850   79.228663    0.000000  7.879378e-02  0.000000e+00
  0.316985  -244.541891   78.997508    0.000000  7.895561e-02  0.000000e+00
  0.317243  -244.508671   78.766829    0.000000  7.901108e-02  0.000000e+00
  0.317501  -244.471192   78.536705    0.000000  7.897329e-02  0.000000e+00
  0.317759  -244.429466   78.307215    0.000000  7.885498e-02  0.000000e+00
  0.318018  -244.383506   78.078441    0.000000  7.866844e-02  0.000000e+00
  0.318276  -244.333336   77.850465    0.000000  7.842547e-02  0.000000e+00
  0.318534  -244.278983   77.623369    0.000000  7.813724e-02  0.000000e+00
  0.318792  -244.220476   77.397234    0.000000  7.781430e-02  0.000000e+00
  0.319050  -244.157853   77.172143    0.000000  7.746651e-02  0.000000e+00
  0.319308  -244.091152   76.948176    0.000000  7.710295e-02  0.000000e+00
  0.319566  -244.020416   76.725412    0.000000  7.673194e-02  0.000000e+00
  0.319824  -243.945688   76.503931    0.000000  7.636100e-02  0.000000e+00
  0.320083  -243.867016   76.283809    0.000000  7.599677e-02  0.000000e+00
  0.320341  -243.784446   76.065121    0.000000  7.564507e-02  0.000000e+00
  0.320599  -243.698028   75.847940    0.000000  7.530924e-02  0.000000e+00
  0.320857  -243.607809   75.632336    0.000000  7.498757e-02  0.000000e+00
  0.321115  -243.513839   75.418376    0.000000  7.467756e-02  0.000000e+00
  0.321373  -243.416167   75.206126    0.000000  7.437680e-02  0.000000e+00
  0.321631  -243.314843   74.995647    0.000000  7.408294e-02  0.000000e+00
  0.321890  -243.209916   74.787002    0.000000  7.379372e-02  0.000000e+00
  0.322148  -243.101436   74.580247    0.000000  7.350698e-02  0.000000e+00
  0.322406  -242.989454   74.375437    0.000000  7.322062e-02  0.000000e+00
  0.322664  -242.874020   74.172627    0.000000  7.293264e-02  0.000000e+00
  0.322922  -242.755184   73.971866    0.000000  7.264112e-02  0.000000e+00
  0.323180  -242.632998   73.773202    0.000000  7.234423e-02  0.000000e+00
  0.323438  -242.507512   73.576682    0.000000  7.204025e-02  0.000000e+00
  0.323696  -242.378778   73.382350    0.000000  7.172753e-02  0.000000e+00
  0.323955  -242.246848   73.190246    0.000000  7.140454e-02  0.000000e+00
  0.324213  -242.111772   73.000411    0.000000  7.106983e-02  0.000000e+00
  0.324471  -241.973604   72.812880    0.000000  7.072206e-02  0.000000e+00
  0.324729  -241.832395   72.627689    0.000000  7.036001e-02  0.000000e+00
  0.324987  -241.688198   72.444871    0.000000  6.998253e-02  0.000000e+00
  0.325245  -241.541065   72.264455    0.000000  6.958861e-02  0.000000e+00
  0.325503  -241.391049   72.086469    0.000000  6.917732e-02  0.000000e+00
  0.325761  -241.238202   71.910941    0.000000  6.874785e-02  0.000000e+00
  0.326020  -241.082579   71.737894    0.000000  6.829949e-02  0.000000e+00
  0.326278  -240.924232   71.567350    0.000000  6.783165e-02  0.000000e+00
  0.326536  -240.763214   71.399328    0.000000  6.734383e-02  0.000000e+00
  0.326794  -240.599580   71.233848    0.000000  6.683563e-02  0.000000e+00
  0.327052  -240.433384   71.070924    0.000000  6.630677e-02  0.000000e+00
  0.327310  -240.264678   70.910570    0.000000  6.575706e-02  0.000000e+00
  0.327568  -240.093518   70.752799    0.000000  6.518639e-02  0.000000e+00
  0.327827  -239.919957   70.597620    0.000000  6.459476e-02  0.000000e+00
  0.328085  -239.744051   70.445041    0.000000  6.398225e-02  0.000000e+00
  0.328343  -239.565853   70.295068    0.000000  6.334902e-02  0.000000e+00
  0.328601  -239.385419   70.147706    0.000000  6.269531e-02  0.000000e+00
  0.328859  -239.202803   70.002957    0.000000  6.202143e-02  0.000000e+00
  0.329117  -239.018060   69.860822    0.000000  6.132776e-02  0.000000e+00
  0.329375  -238.831247   69.721299    0.000000  6.061474e-02  0.000000e+00
  0.329633  -238.642417   69.584385    0.000000  5.988285e-02  0.000000e+00
  0.329892  -238.451627   69.450075    0.000000  5.913265e-02  0.000000e+00
  0.330150  -238.258931   69.318364    0.000000  5.836470e-02  0.000000e+00
  0.330408  -238.064387   69.189241    0.000000  5.757962e-02  0.000000e+00
  0.330666  -237.868049   69.062698    0.000000  5.677806e-02  0.000000e+00
  0.330924  -237.669974   68.938723    0.000000  5.596068e-02  0.000000e+00
  0.331182  -237.470217   68.817302    0.000000  5.512816e-02  0.000000e+00
  0.331440  -237.268835   68.698421    0.000000  5.428118e-02  0.000000e+00
  0.331699  -237.065884   68.582062    0.000000  5.342044e-02  0.000000e+00
  0.331957  -236.861421   68.468208    0.000000  5.254661e-02  0.000000e+00
  0.332215  -236.655502   68.356839    0.000000  5.166046e-02  0.000000e+00
  0.332473  -236.448183   68.247933    0.000000  5.076330e-02  0.000000e+00
  0.332731  -236.239521   68.141467    0.000000  4.985680e-02  0.000000e+00
  0.332989  -236.029573   68.037418    0.000000  4.894250e-02  0.000000e+00
  0.333247  -235.818395   67.935760    0.000000  4.802187e-02  0.000000e+00
  0.333505  -235.606044   67.836465    0.000000  4.709632e-02  0.000000e+00
  0.333764  -235.392575   67.739505    0.000000  4.616713e-02  0.000000e+00
  0.334022  -235.178045   67.644851    0.000000  4.523553e-02  0.000000e+00
  0.334280  -234.962509   67.552471    0.000000  4.430263e-02  0.000000e+00
  0.334538  -234.746022   67.462335    0.000000  4.336949e-02  0.000000e+00
  0.334796  -234.528638   67.374408    0.000000  4.243706e-02  0.000000e+00
  0.335054  -234.310412   67.288658    0.000000  4.150623e-02  0.000000e+00
  0.335312  -234.091396   67.205048    0.000000  4.057779e-02  0.000000e+00
  0.335570  -233.871644   67.123543    0.000000  3.965249e-02  0.000000e+00
  0.335829  -233.651207   67.044107    0.000000  3.873097e-02  0.000000e+00
  0.336087  -233.430135   66.966701    0.000000  3.781385e-02  0.000000e+00
  0.336345  -233.208481   66.891288    0.000000  3.690165e-02  0.000000e+00
  0.336603  -232.986291   66.817828    0.000000  3.599486e-02  0.000000e+00
  0.336861  -232.763615   66.746281    0.000000  3.509391e-02  0.000000e+00
  0.337119  -232.540498   66.676608    0.000000  3.419919e-02  0.000000e+00
  0.337377  -232.316988   66.608767    0.000000  3.331104e-02  0.000000e+00
  0.337636  -232.093128   66.542717    0.000000  3.242977e-02  0.000000e+00
  0.337894  -231.868961   66.478416    0.000000  3.155567e-02  0.000000e+00
  0.338152  -231.644530   66.415823    0.000000  3.068899e-02  0.000000e+00
  0.338410  -231.419874   66.354893    0.000000  2.982997e-02  0.000000e+00
  0.338668  -231.195032   66.295586    0.000000  2.897885e-02  0.000000e+00
  0.338926  -230.970042   66.237857    0.000000  2.813582e-02  0.000000e+00
  0.339184  -230.744938   66.181664    0.000000  2.730112e-02  0.000000e+00
  0.339442  -230.519755   66.126963    0.000000  2.647496e-02  0.000000e+00
  0.339701  -230.294525   66.073710    0.000000  2.565757e-02  0.000000e+00
  0.339959  -230.069277   66.021864    0.000000  2.484920e-02  0.000000e+00
  0.340217  -229.844039   65.971379    0.000000  2.405009e-02  0.000000e+00
  0.340475  -229.618839   65.922212    0.000000  2.326055e-02  0.000000e+00
  0.340733  -229.393699   65.874322    0.000000  2.248088e-02  0.000000e+00
  0.340991  -229.168641   65.827664    0.000000  2.171144e-02  0.000000e+00
  0.341249  -228.943686   65.782196    0.000000  2.095261e-02  0.000000e+00
  0.341507  -228.718851   65.737876    0.000000  2.020483e-02  0.000000e+00
  0.341766  -228.494150   65.694662    0.000000  1.946857e-02  0.000000e+00
  0.342024  -228.269597   65.652511    0.000000  1.874437e-02  0.000000e+00
  0.342282  -228.045201   65.611384    0.000000  1.803281e-02  0.000000e+00
  0.342540  -227.820970   65.571239    0.000000  1.733453e-02  0.000000e+00
  0.342798  -227.596908   65.532036    0.000000  1.665024e-02  0.000000e+00
  0.343056  -227.373019   65.493736    0.000000  1.598068e-02  0.000000e+00
  0.343314  -227.149300   65.456300    0.000000  1.532670e-02  0.000000e+00
  0.343573  -226.925750   65.419690    0.000000  1.468917e-02  0.000000e+00
  0.343831  -226.702362   65.383869    0.000000  1.406905e-02  0.000000e+00
  0.344089  -226.479126   65.348801    0.000000  1.346756e-02  0.000000e+00
  0.344347  -226.256031   65.314450    0.000000  1.288641e-02  0.000000e+00
  0.344605  -226.033060   65.280782    0.000000  1.232747e-02  0.000000e+00
  0.344863  -225.810198   65.247763    0.000000  1.179274e-02  0.000000e+00
  0.345121  -225.587423   65.215361    0.000000  1.128431e-02  0.000000e+00
  0.345379  -225.364714   65.183547    0.000000  1.080437e-02  0.000000e+00
  0.345638  -225.142047   65.152291    0.000000  1.035514e-02  0.000000e+00
  0.345896  -224.919396   65.121565    0.000000  9.938922e-03  0.000000e+00
  0.346154  -224.696733   65.091345    0.000000  9.557997e-03  0.000000e+00
  0.346412  -224.474030   65.061606    0.000000  9.214665e-03  0.000000e+00
  0.346670  -224.251257   65.032328    0.000000  8.911201e-03  0.000000e+00
  0.346928  -224.028382   65.003490    0.000000  8.649845e-03  0.000000e+00
  0.347186  -223.805374   64.975075    0.000000  8.432779e-03  0.000000e+00
  0.347445  -223.582200   64.947070    0.000000  8.262118e-03  0.000000e+00
  0.347703  -223.358827   64.919462    0.000000  8.139897e-03  0.000000e+00
  0.347961  -223.135222   64.892241    0.000000  8.068057e-03  0.000000e+00
  0.348219  -222.911353   64.865401    0.000000  8.048443e-03  0.000000e+00
  0.348477  -222.687185   64.838939    0.000000  8.082796e-03  0.000000e+00
  0.348735  -222.462687   64.812853    0.000000  8.172750e-03  0.000000e+00
  0.348993  -222.237825   64.787147    0.000000  8.319836e-03  0.000000e+00
  0.349251  -222.012570   64.761825    0.000000  8.525485e-03  0.000000e+00
  0.349510  -221.786890   64.736898    0.000000  8.791035e-03  0.000000e+00
  0.349768  -221.560757   64.712379    0.000000  9.117740e-03  0.000000e+00
  0.350026  -221.334141   64.688283    0.000000  9.506786e-03  0.000000e+00
  0.350284  -221.107018   64.664631    0.000000  9.959302e-03  0.000000e+00
  0.350542  -220.879361   64.641449    0.000000  1.047639e-02  0.000000e+00
  0.350800  -220.651149   64.618763    0.000000  1.105912e-02  0.000000e+00
  0.351058  -220.422360   64.596606    0.000000  1.170859e-02  0.000000e+00
  0.351316  -220.192977   64.575016    0.000000  1.242592e-02  0.000000e+00
  0.351575  -219.962983   64.554034    0.000000  1.321231e-02  0.000000e+00
  0.351833  -219.732365   64.533706    0.000000  1.406902e-02  0.000000e+00
  0.352091  -219.501114   64.514081    0.000000  1.499747e-02  0.000000e+00
  0.352349  -219.269221   64.495217    0.000000  1.599919e-02  0.000000e+00
  0.352607  -219.036683   64.477172    0.000000  1.707594e-02  0.000000e+00
  0.352865  -218.803499   64.460013    0.000000  1.822967e-02  0.000000e+00
  0.353123  -218.569674   64.443810    0.000000  1.946260e-02  0.000000e+00
  0.353382  -218.335212   64.428639    0.000000  2.077724e-02  0.000000e+00
  0.353640  -218.100127   64.414582    0.000000  2.217641e-02  0.000000e+00
  0.353898  -217.864433   64.401725    0.000000  2.366333e-02  0.000000e+00
  0.354156  -217.628151   64.390161    0.000000  2.524157e-02  0.000000e+00
  0.354414  -217.391304   64.379989    0.000000  2.691518e-02  0.000000e+00
  0.354672  -217.153922   64.371313    0.000000  2.868865e-02  0.000000e+00
  0.354930  -216.916040   64.364243    0.000000  3.056697e-02  0.000000e+00
  0.355188  -216.677697   64.358897    0.000000  3.255569e-02  0.000000e+00
  0.355447  -216.438938   64.355398    0.000000  3.466090e-02  0.000000e+00
  0.355705  -216.199814   64.353874    0.000000  3.688733e-02  0.000000e+00
  0.355963  -215.960381   64.354463    0.000000  3.923025e-02  0.000000e+00
  0.356221  -215.720701   64.357305    0.000000  4.168207e-02  0.000000e+00
  0.356479  -215.480842   64.362548    0.000000  4.423552e-02  0.000000e+00
  0.356737  -215.240878   64.370344    0.000000  4.688347e-02  0.000000e+00
  0.356995  -215.000886   64.380847    0.000000  4.961886e-02  0.000000e+00
  0.357253  -214.760950   64.394216    0.000000  5.243452e-02  0.000000e+00
  0.357512  -214.521157   64.410610    0.000000  5.532307e-02  0.000000e+00
  0.357770  -214.281603   64.430192    0.000000  5.827677e-02  0.000000e+00
  0.358028  -214.042383   64.453124    0.000000  6.128735e-02  0.000000e+00
  0.358286  -213.803601   64.479568    0.000000  6.434595e-02  0.000000e+00
  0.358544  -213.565364   64.509685    0.000000  6.744296e-02  0.000000e+00
  0.358802  -213.327782   64.543637    0.000000  7.056794e-02  0.000000e+00
  0.359060  -213.090970   64.581580    0.000000  7.370953e-02  0.000000e+00
  0.359319  -212.855047   64.623669    0.000000  7.685538e-02  0.000000e+00
  0.359577  -212.620137   64.670055    0.000000  7.999220e-02  0.000000e+00
  0.359835  -212.386365   64.720885    0.000000  8.310568e-02  0.000000e+00
  0.360093  -212.153861   64.776299    0.000000  8.618064e-02  0.000000e+00
  0.360351  -211.922758   64.836433    0.000000  8.920106e-02  0.000000e+00
  0.360609  -211.693194   64.901416    0.000000  9.215029e-02  0.000000e+00
  0.360867  -211.465306   64.971367    0.000000  9.501124e-02  0.000000e+00
  0.361125  -211.239238   65.046400    0.000000  9.776661e-02  0.000000e+00
  0.361384  -211.015135   65.126618    0.000000  1.003992e-01  0.000000e+00
  0.361642  -210.793144   65.212116    0.000000  1.028925e-01  0.000000e+00
  0.361900  -210.573415   65.302976    0.000000  1.052304e-01  0.000000e+00
  0.362158  -210.356100   65.399271    0.000000  1.073986e-01  0.000000e+00
  0.362416  -210.141355   65.501061    0.000000  1.093839e-01  0.000000e+00
  0.362674  -209.929335   65.608394    0.000000  1.111758e-01  0.000000e+00
  0.362932  -209.720200   65.721303    0.000000  1.127657e-01  0.000000e+00
  0.363191  -209.514109   65.839808    0.000000  1.141482e-01  0.000000e+00
  0.363449  -209.311223   65.963915    0.000000  1.153216e-01  0.000000e+00
  0.363707  -209.111707   66.093613    0.000000  1.162972e-01  0.000000e+00
  0.363965  -208.915723   66.228875    0.000000  1.170942e-01  0.000000e+00
  0.364223  -208.723438   66.369660    0.000000  1.177324e-01  0.000000e+00
  0.364481  -208.535017   66.515913    0.000000  1.182321e-01  0.000000e+00
  0.364739  -208.350624   66.667563    0.000000  1.186132e-01  0.000000e+00
  0.364997  -208.170427   66.824528    0.000000  1.188958e-01  0.000000e+00
  0.365256  -207.994590   66.986712    0.000000  1.190992e-01  0.000000e+00
  0.365514  -207.823276   67.154008    0.000000  1.192421e-01  0.000000e+00
  0.365772  -207.656650   67.326295    0.000000  1.193425e-01  0.000000e+00
  0.366030  -207.494873   67.503442    0.000000  1.194173e-01  0.000000e+00
  0.366288  -207.338104   67.685309    0.000000  1.194823e-01  0.000000e+00
  0.366546  -207.186501   67.871744    0.000000  1.195521e-01  0.000000e+00
  0.366804  -207.040220   68.062587    0.000000  1.196401e-01  0.000000e+00
  0.367062  -206.899412   68.257668    0.000000  1.197583e-01  0.000000e+00
  0.367321  -206.764228   68.456810    0.000000  1.199176e-01  0.000000e+00
  0.367579  -206.634813   68.659826    0.000000  1.201270e-01  0.000000e+00
  0.367837  -206.511309   68.866525    0.000000  1.203946e-01  0.000000e+00
  0.368095  -206.393853   69.076707    0.000000  1.207269e-01  0.000000e+00
  0.368353  -206.282581   69.290167    0.000000  1.211289e-01  0.000000e+00
  0.368611  -206.177619   69.506693    0.000000  1.216041e-01  0.000000e+00
  0.368869  -206.079093   69.726072    0.000000  1.221548e-01  0.000000e+00
  0.369128  -205.987121   69.948082    0.000000  1.227815e-01  0.000000e+00
  0.369386  -205.901814   70.172500    0.000000  1.234833e-01  0.000000e+00
  0.369644  -205.823280   70.399099    0.000000  1.242578e-01  0.000000e+00
  0.369902  -205.751619   70.627650    0.000000  1.251008e-01  0.000000e+00
  0.370160  -205.686923   70.857920    0.000000  1.260067e-01  0.000000e+00
  0.370418  -205.629280   71.089676    0.000000  1.269680e-01  0.000000e+00
  0.370676  -205.578769   71.322685    0.000000  1.279757e-01  0.000000e+00
  0.370934  -205.535460   71.556712    0.000000  1.290188e-01  0.000000e+00
  0.371193  -205.499417   71.791522    0.000000  1.300849e-01  0.000000e+00
  0.371451  -205.470695   72.026882    0.000000  1.311595e-01  0.000000e+00
  0.371709  -205.449340   72.262559    0.000000  1.322267e-01  0.000000e+00
  0.371967  -205.435389   72.498322    0.000000  1.332689e-01  0.000000e+00
  0.372225  -205.428869   72.733945    0.000000  1.342670e-01  0.000000e+00
  0.372483  -205.429800   72.969200    0.000000  1.352008e-01  0.000000e+00
  0.372741  -205.438189   73.203868    0.000000  1.360488e-01  0.000000e+00
  0.372999  -205.454034   73.437730    0.000000  1.367887e-01  0.000000e+00
  0.373258  -205.477323   73.670573    0.000000  1.373978e-01  0.000000e+00
  0.373516  -205.508031   73.902190    0.000000  1.378531e-01  0.000000e+00
  0.373774  -205.546123   74.132379    0.000000  1.381321e-01  0.000000e+00
  0.374032  -205.591552   74.360945    0.000000  1.382128e-01  0.000000e+00
  0.374290  -205.644260   74.587698    0.000000  1.380743e-01  0.000000e+00
  0.374548  -205.704176   74.812458    0.000000  1.376974e-01  0.000000e+00
  0.374806  -205.771216   75.035052    0.000000  1.370648e-01  0.000000e+00
  0.375065  -205.845283   75.255315    0.000000  1.361614e-01  0.000000e+00
  0.375323  -205.926268   75.473092    0.000000  1.349824e-01  0.000000e+00
  0.375581  -206.014047   75.688238    0.000000  1.335407e-01  0.000000e+00
  0.375839  -206.108486   75.900615    0.000000  1.318536e-01  0.000000e+00
  0.376097  -206.209436   76.110097    0.000000  1.299408e-01  0.000000e+00
  0.376355  -206.316740   76.316567    0.000000  1.278232e-01  0.000000e+00
  0.376613  -206.430229   76.519918    0.000000  1.255233e-01  0.000000e+00
  0.376871  -206.549728   76.720050    0.000000  1.230635e-01  0.000000e+00
  0.377130  -206.675050   76.916874    0.000000  1.204666e-01  0.000000e+00
  0.377388  -206.806002   77.110312    0.000000  1.177543e-01  0.000000e+00
  0.377646  -206.942385   77.300292    0.000000  1.149478e-01  0.000000e+00
  0.377904  -207.083994   77.486753    0.000000  1.120667e-01  0.000000e+00
  0.378162  -207.230618   77.669644    0.000000  1.091289e-01  0.000000e+00
  0.378420  -207.382042   77.848921    0.000000  1.061507e-01  0.000000e+00
  0.378678  -207.538050   78.024552    0.000000  1.031463e-01  0.000000e+00
  0.378936  -207.698420   78.196512    0.000000  1.001282e-01  0.000000e+00
  0.379195  -207.862931   78.364786    0.000000  9.710662e-02  0.000000e+00
  0.379453  -208.031360   78.529367    0.000000  9.408980e-02  0.000000e+00
  0.379711  -208.203484   78.690259    0.000000  9.108416e-02  0.000000e+00
  0.379969  -208.379081   78.847473    0.000000  8.809424e-02  0.000000e+00
  0.380227  -208.557932   79.001030    0.000000  8.512286e-02  0.000000e+00
  0.380485  -208.739819   79.150959    0.000000  8.217119e-02  0.000000e+00
  0.380743  -208.924528   79.297301    0.000000  7.923897e-02  0.000000e+00
  0.381002  -209.111847   79.440101    0.000000  7.632455e-02  0.000000e+00
  0.381260  -209.301574   79.579417    0.000000  7.342511e-02  0.000000e+00
  0.381518  -209.493508   79.715313    0.000000  7.053675e-02  0.000000e+00
  0.381776  -209.687456   79.847864    0.000000  6.765469e-02  0.000000e+00
  0.382034  -209.883235   79.977152    0.000000  6.477339e-02  0.000000e+00
  0.382292  -210.080667   80.103269    0.000000  6.188673e-02  0.000000e+00
  0.382550  -210.279586   80.226314    0.000000  5.898818e-02  0.000000e+00
  0.382808  -210.479833   80.346397    0.000000  5.607102e-02  0.000000e+00
  0.383067  -210.681263   80.463634    0.000000  5.312814e-02  0.000000e+00
  0.383325  -210.883740   80.578152    0.000000  5.015180e-02  0.000000e+00
  0.383583  -211.087140   80.690083    0.000000  4.713608e-02  0.000000e+00
  0.383841  -211.291350   80.799569    0.000000  4.407730e-02  0.000000e+00
  0.384099  -211.496267   80.906756    0.000000  4.097396e-02  0.000000e+00
  0.384357  -211.701794   81.011797    0.000000  3.782659e-02  0.000000e+00
  0.384615  -211.907847   81.114850    0.000000  3.463761e-02  0.000000e+00
  0.384874  -212.114347   81.216077    0.000000  3.141121e-02  0.000000e+00
  0.385132  -212.321222   81.315642    0.000000  2.815321e-02  0.000000e+00
  0.385390  -212.528409   81.413714    0.000000  2.487089e-02  0.000000e+00
  0.385648  -212.735849   81.510464    0.000000  2.157284e-02  0.000000e+00
  0.385906  -212.943489   81.606061    0.000000  1.826877e-02  0.000000e+00
  0.386164  -213.151279   81.700679    0.000000  1.496934e-02  0.000000e+00
  0.386422  -213.359175   81.794489    0.000000  1.168594e-02  0.000000e+00
  0.386680  -213.567136   81.887662    0.000000  8.430535e-03  0.000000e+00
  0.386939  -213.775123   81.980367    0.000000  5.214524e-03  0.000000e+00
  0.387197  -213.983099   82.072771    0.000000  2.043893e-03  0.000000e+00
  0.387455  -214.191029   82.165039    0.000000  -1.077587e-03  0.000000e+00
  0.387713  -214.398880   82.257333    0.000000  -4.146276e-03  0.000000e+00
  0.387971  -214.606620   82.349811    0.000000  -7.158697e-03  0.000000e+00
  0.388229  -214.814214   82.442630    0.000000  -1.011158e-02  0.000000e+00
  0.388487  -215.021633   82.535943    0.000000  -1.300192e-02  0.000000e+00
  0.388745  -215.228844   82.629899    0.000000  -1.582701e-02  0.000000e+00
  0.389004  -215.435813   82.724647    0.000000  -1.858449e-02  0.000000e+00
  0.389262  -215.642508   82.820328    0.000000  -2.127241e-02  0.000000e+00
  0.389520  -215.848894   82.917084    0.000000  -2.388929e-02  0.000000e+00
  0.389778  -216.054935   83.015050    0.000000  -2.643414e-02  0.000000e+00
  0.390036  -216.260593   83.114359    0.000000  -2.890650e-02  0.000000e+00
  0.390294  -216.465826   83.215140    0.000000  -3.130654e-02  0.000000e+00
  0.390552  -216.670593   83.317519    0.000000  -3.363502e-02  0.000000e+00
  0.390811  -216.874846   83.421615    0.000000  -3.589340e-02  0.000000e+00
  0.391069  -217.078537   83.527547    0.000000  -3.808383e-02  0.000000e+00
  0.391327  -217.281613   83.635426    0.000000  -4.020916e-02  0.000000e+00
  0.391585  -217.484016   83.745362    0.000000  -4.227303e-02  0.000000e+00
  0.391843  -217.685684   83.857457    0.000000  -4.427980e-02  0.000000e+00
  0.392101  -217.886552   83.971810    0.000000  -4.623466e-02  0.000000e+00
  0.392359  -218.086547   84.088517    0.000000  -4.814355e-02  0.000000e+00
  0.392617  -218.285594   84.207667    0.000000  -5.001323e-02  0.000000e+00
  0.392876  -218.483608   84.329344    0.000000  -5.185128e-02  0.000000e+00
  0.393134  -218.680501   84.453629    0.000000  -5.366609e-02  0.000000e+00
  0.393392  -218.876177   84.580595    0.000000  -5.546689e-02  0.000000e+00
  0.393650  -219.070534   84.710313    0.000000  -5.726375e-02  0.000000e+00
  0.393908  -219.263462   84.842845    0.000000  -5.906761e-02  0.000000e+00
  0.394166  -219.454844   84.978251    0.000000  -6.089029e-02  0.000000e+00
  0.394424  -219.644553   85.116582    0.000000  -6.274455e-02  0.000000e+00
  0.394682  -219.832457   85.257886    0.000000  -6.464373e-02  0.000000e+00
  0.394941  -220.018413   85.402205    0.000000  -6.659623e-02  0.000000e+00
  0.395199  -220.202271   85.549573    0.000000  -6.860566e-02  0.000000e+00
  0.395457  -220.383871   85.700020    0.000000  -7.067491e-02  0.000000e+00
  0.395715  -220.563050   85.853569    0.000000  -7.280616e-02  0.000000e+00
  0.395973  -220.739635   86.010240    0.000000  -7.500078e-02  0.000000e+00
  0.396231  -220.913452   86.170042    0.000000  -7.725922e-02  0.000000e+00
  0.396489  -221.084319   86.332984    0.000000  -7.958092e-02  0.000000e+00
  0.396748  -221.252053   86.499065    0.000000  -8.196414e-02  0.000000e+00
  0.397006  -221.416466   86.668281    0.000000  -8.440586e-02  0.000000e+00
  0.397264  -221.577370   86.840621    0.000000  -8.690164e-02  0.000000e+00
  0.397522  -221.734575   87.016068    0.000000  -8.944547e-02  0.000000e+00
  0.397780  -221.887890   87.194601    0.000000  -9.202965e-02  0.000000e+00
  0.398038  -222.037126   87.376193    0.000000  -9.464467e-02  0.000000e+00
  0.398296  -222.182094   87.560810    0.000000  -9.727906e-02  0.000000e+00
  0.398554  -222.322608   87.748413    0.000000  -9.991938e-02  0.000000e+00
  0.398813  -222.458484   87.938960    0.000000  -1.025501e-01  0.000000e+00
  0.399071  -222.589542   88.132399    0.000000  -1.051535e-01  0.000000e+00
  0.399329  -222.715606   88.328677    0.000000  -1.077101e-01  0.000000e+00
  0.399587  -222.836507   88.527733    0.000000  -1.101982e-01  0.000000e+00
  0.399845  -222.952079   88.729501    0.000000  -1.125945e-01  0.000000e+00
  0.400103  -223.062166   88.933911    0.000000  -1.148742e-01  0.000000e+00
  0.400361  -223.166618   89.140885    0.000000  -1.170112e-01  0.000000e+00
  0.400620  -223.265293   89.350342    0.000000  -1.189789e-01  0.000000e+00
  0.400878  -223.358060   89.562195    0.000000  -1.207503e-01  0.000000e+00
  0.401136  -223.444797   89.776352    0.000000  -1.222988e-01  0.000000e+00
  0.401394  -223.525393   89.992716    0.000000  -1.235986e-01  0.000000e+00
  0.401652  -223.599749   90.211183    0.000000  -1.246256e-01  0.000000e+00
  0.401910  -223.667777   90.431646    0.000000  -1.253580e-01  0.000000e+00
  0.402168  -223.729405   90.653992    0.000000  -1.257767e-01  0.000000e+00
  0.402426  -223.784572   90.878103    0.000000  -1.258660e-01  0.000000e+00
  0.402685  -223.833235   91.103855    0.000000  -1.256242e-01  0.000000e+00
  0.402943  -223.875364   91.331121    0.000000  -1.250692e-01  0.000000e+00
  0.403201  -223.910943   91.559768    0.000000  -1.242236e-01  0.000000e+00
  0.403459  -223.939973   91.789660    0.000000  -1.231120e-01  0.000000e+00
  0.403717  -223.962465   92.020657    0.000000  -1.217612e-01  0.000000e+00
  0.403975  -223.978445   92.252616    0.000000  -1.201987e-01  0.000000e+00
  0.404233  -223.987950   92.485390    0.000000  -1.184529e-01  0.000000e+00
  0.404491  -223.991029   92.718834    0.000000  -1.165520e-01  0.000000e+00
  0.404750  -223.987741   92.952796    0.000000  -1.145236e-01  0.000000e+00
  0.405008  -223.978157   93.187128    0.000000  -1.123943e-01  0.000000e+00
  0.405266  -223.962355   93.421677    0.000000  -1.101892e-01  0.000000e+00
  0.405524  -223.940426   93.656292    0.000000  -1.079317e-01  0.000000e+00
  0.405782  -223.912464   93.890823    0.000000  -1.056435e-01  0.000000e+00
  0.406040  -223.878575   94.125118    0.000000  -1.033438e-01  0.000000e+00
  0.406298  -223.838871   94.359030    0.000000  -1.010501e-01  0.000000e+00
  0.406557  -223.793470   94.592409    0.000000  -9.877752e-02  0.000000e+00
  0.406815  -223.742496   94.825111    0.000000  -9.653904e-02  0.000000e+00
  0.407073  -223.686079   95.056994    0.000000  -9.434567e-02  0.000000e+00
  0.407331  -223.624351   95.287917    0.000000  -9.220642e-02  0.000000e+00
  0.407589  -223.557452   95.517744    0.000000  -9.012845e-02  0.000000e+00
  0.407847  -223.485523   95.746343    0.000000  -8.811720e-02  0.000000e+00
  0.408105  -223.408707   95.973587    0.000000  -8.617648e-02  0.000000e+00
  0.408363  -223.327151   96.199353    0.000000  -8.430862e-02  0.000000e+00
  0.408622  -223.241002   96.423524    0.000000  -8.251456e-02  0.000000e+00
  0.408880  -223.150409   96.645987    0.000000  -8.079395e-02  0.000000e+00
  0.409138  -223.055521   96.866639    0.000000  -7.914529e-02  0.000000e+00
  0.409396  -222.956486   97.085381    0.000000  -7.756594e-02  0.000000e+00
  0.409654  -222.853452   97.302123    0.000000  -7.605223e-02  0.000000e+00
  0.409912  -222.746564   97.516781    0.000000  -7.459952e-02  0.000000e+00
  0.410170  -222.635966   97.729280    0.000000  -7.320221e-02  0.000000e+00
  0.410428  -222.521798   97.939555    0.000000  -7.185319e-02  0.000000e+00
  0.410687  -222.404198   98.147548    0.000000  -7.054293e-02  0.000000e+00
  0.410945  -222.283299   98.353211    0.000000  -6.926214e-02  0.000000e+00
  0.411203  -222.159233   98.556504    0.000000  -6.800235e-02  0.000000e+00
  0.411461  -222.032125   98.757397    0.000000  -6.675581e-02  0.000000e+00
  0.411719  -221.902100   98.955864    0.000000  -6.551547e-02  0.000000e+00
  0.411977  -221.769278   99.151892    0.000000  -6.427499e-02  0.000000e+00
  0.412235  -221.633776   99.345470    0.000000  -6.302866e-02  0.000000e+00
  0.412494  -221.495708   99.536598    0.000000  -6.177144e-02  0.000000e+00
  0.412752  -221.355184   99.725282    0.000000  -6.049889e-02  0.000000e+00
  0.413010  -221.212311   99.911531    0.000000  -5.920722e-02  0.000000e+00
  0.413268  -221.067193  100.095366    0.000000  -5.789320e-02  0.000000e+00
  0.413526  -220.919931  100.276809    0.000000  -5.655422e-02  0.000000e+00
  0.413784  -220.770622  100.455890    0.000000  -5.518825e-02  0.000000e+00
  0.414042  -220.619360  100.632643    0.000000  -5.379381e-02  0.000000e+00
  0.414300  -220.466238  100.807109    0.000000  -5.237000e-02  0.000000e+00
  0.414559  -220.311343  100.979330    0.000000  -5.091646e-02  0.000000e+00
  0.414817  -220.154759  101.149356    0.000000  -4.943337e-02  0.000000e+00
  0.415075  -219.996569  101.317240    0.000000  -4.792140e-02  0.000000e+00
  0.415333  -219.836852  101.483038    0.000000  -4.638176e-02  0.000000e+00
  0.415591  -219.675684  101.646809    0.000000  -4.481611e-02  0.000000e+00
  0.415849  -219.513137  101.808617    0.000000  -4.322659e-02  0.000000e+00
  0.416107  -219.349282  101.968528    0.000000  -4.161577e-02  0.000000e+00
  0.416366  -219.184185  102.126610    0.000000  -3.998665e-02  0.000000e+00
  0.416624  -219.017911  102.282934    0.000000  -3.834260e-02  0.000000e+00
  0.416882  -218.850520  102.437573    0.000000  -3.668739e-02  0.000000e+00
  0.417140  -218.682071  102.590600    0.000000  -3.502509e-02  0.000000e+00
  0.417398  -218.512619  102.742093    0.000000  -3.336011e-02  0.000000e+00
  0.417656  -218.342216  102.892126    0.000000  -3.169712e-02  0.000000e+00
  0.417914  -218.170914  103.040779    0.000000  -3.004107e-02  0.000000e+00
  0.418172  -217.998758  103.188130    0.000000  -2.839711e-02  0.000000e+00
  0.418431  -217.825792  103.334255    0.000000  -2.677057e-02  0.000000e+00
  0.418689  -217.652059  103.479234    0.000000  -2.516695e-02  0.000000e+00
  0.418947  -217.477597  103.623145    0.000000  -2.359189e-02  0.000000e+00
  0.419205  -217.302442  103.766063    0.000000  -2.205110e-02  0.000000e+00
  0.419463  -217.126627  103.908066    0.000000  -2.055035e-02  0.000000e+00
  0.419721  -216.950184  104.049227    0.000000  -1.909547e-02  0.000000e+00
  0.419979  -216.773140  104.189620    0.000000  -1.769225e-02  0.000000e+00
  0.420237  -216.595521  104.329316    0.000000  -1.634648e-02  0.000000e+00
  0.420496  -216.417350  104.468383    0.000000  -1.506387e-02  0.000000e+00
  0.420754  -216.238647  104.606888    0.000000  -1.385006e-02  0.000000e+00
  0.421012  -216.059431  104.744894    0.000000  -1.271055e-02  0.000000e+00
  0.421270  -215.879716  104.882462    0.000000  -1.165073e-02  0.000000e+00
  0.421528  -215.699517  105.019649    0.000000  -1.067580e-02  0.000000e+00
  0.421786  -215.518842  105.156508    0.000000  -9.790822e-03  0.000000e+00
  0.422044  -215.337701  105.293088    0.000000  -9.000224e-03  0.000000e+00
  0.422303  -215.156099  105.429434    0.000000  -8.303369e-03  0.000000e+00
  0.422561  -214.974039  105.565587    0.000000  -7.696219e-03  0.000000e+00
  0.422819  -214.791522  105.701583    0.000000  -7.174550e-03  0.000000e+00
  0.423077  -214.608550  105.837455    0.000000  -6.734034e-03  0.000000e+00
  0.423335  -214.425118  105.973230    0.000000  -6.370261e-03  0.000000e+00
  0.423593  -214.241223  106.108934    0.000000  -6.078757e-03  0.000000e+00
  0.423851  -214.056862  106.244587    0.000000  -5.855006e-03  0.000000e+00
  0.424109  -213.872026  106.380206    0.000000  -5.694465e-03  0.000000e+00
  0.424368  -213.686711  106.515805    0.000000  -5.592590e-03  0.000000e+00
  0.424626  -213.500908  106.651394    0.000000  -5.544843e-03  0.000000e+00
  0.424884  -213.314609  106.786981    0.000000  -5.546717e-03  0.000000e+00
  0.425142  -213.127806  106.922569    0.000000  -5.593747e-03  0.000000e+00
  0.425400  -212.940491  107.058159    0.000000  -5.681527e-03  0.000000e+00
  0.425658  -212.752655  107.193750    0.000000  -5.805717e-03  0.000000e+00
  0.425916  -212.564292  107.329336    0.000000  -5.962062e-03  0.000000e+00
  0.426174  -212.375393  107.464911    0.000000  -6.146398e-03  0.000000e+00
  0.426433  -212.185952  107.600464    0.000000  -6.354660e-03  0.000000e+00
  0.426691  -211.995963  107.735985    0.000000  -6.582888e-03  0.000000e+00
  0.426949  -211.805422  107.871457    0.000000  -6.827238e-03  0.000000e+00
  0.427207  -211.614326  108.006865    0.000000  -7.083977e-03  0.000000e+00
  0.427465  -211.422673  108.142190    0.000000  -7.349493e-03  0.000000e+00
  0.427723  -211.230464  108.277411    0.000000  -7.620291e-03  0.000000e+00
  0.427981  -211.037700  108.412507    0.000000  -7.892989e-03  0.000000e+00
  0.428240  -210.844385  108.547453    0.000000  -8.164322e-03  0.000000e+00
  0.428498  -210.650527  108.682225    0.000000  -8.431132e-03  0.000000e+00
  0.428756  -210.456133  108.816794    0.000000  -8.690361e-03  0.000000e+00
  0.429014  -210.261217  108.951134    0.000000  -8.939046e-03  0.000000e+00
  0.429272  -210.065793  109.085214    0.000000  -9.174308e-03  0.000000e+00
  0.429530  -209.869878  109.219006    0.000000  -9.393337e-03  0.000000e+00
  0.429788  -209.673494  109.352476    0.000000  -9.593418e-03  0.000000e+00
  0.430046  -209.476666  109.485594    0.000000  -9.773320e-03  0.000000e+00
  0.430305  -209.279422  109.618327    0.000000  -9.933689e-03  0.000000e+00
  0.430563  -209.081793  109.750642    0.000000  -1.007518e-02  0.000000e+00
  0.430821  -208.883813  109.882505    0.000000  -1.019833e-02  0.000000e+00
  0.431079  -208.685521  110.013884    0.000000  -1.030351e-02  0.000000e+00
  0.431337  -208.486954  110.144745    0.000000  -1.039097e-02  0.000000e+00
  0.431595  -208.288155  110.275057    0.000000  -1.046079e-02  0.000000e+00
  0.431853  -208.089166  110.404787    0.000000  -1.051290e-02  0.000000e+00
  0.432112  -207.890032  110.533904    0.000000  -1.054705e-02  0.000000e+00
  0.432370  -207.690798  110.662380    0.000000  -1.056285e-02  0.000000e+00
  0.432628  -207.491510  110.790185    0.000000  -1.055970e-02  0.000000e+00
  0.432886  -207.292216  110.917293    0.000000  -1.053685e-02  0.000000e+00
  0.433144  -207.092961  111.043680    0.000000  -1.049335e-02  0.000000e+00
  0.433402  -206.893794  111.169321    0.000000  -1.042807e-02  0.000000e+00
  0.433660  -206.694758  111.294198    0.000000  -1.033969e-02  0.000000e+00
  0.433918  -206.495902  111.418292    0.000000  -1.022670e-02  0.000000e+00
  0.434177  -206.297267  111.541587    0.000000  -1.008739e-02  0.000000e+00
  0.434435  -206.098899  111.664071    0.000000  -9.919876e-03  0.000000e+00
  0.434693  -205.900837  111.785735    0.000000  -9.722068e-03  0.000000e+00
  0.434951  -205.703121  111.906573    0.000000  -9.491706e-03  0.000000e+00
  0.435209  -205.505789  112.026582    0.000000  -9.226355e-03  0.000000e+00
  0.435467  -205.308874  112.145765    0.000000  -8.923423e-03  0.000000e+00
  0.435725  -205.112408  112.264127    0.000000  -8.580175e-03  0.000000e+00
  0.435983  -204.916419  112.381677    0.000000  -8.193762e-03  0.000000e+00
  0.436242  -204.720931  112.498430    0.000000  -7.761249e-03  0.000000e+00
  0.436500  -204.525967  112.614406    0.000000  -7.279655e-03  0.000000e+00
  0.436758  -204.331541  112.729627    0.000000  -6.745997e-03  0.000000e+00
  0.437016  -204.137667  112.844123    0.000000  -6.157350e-03  0.000000e+00
  0.437274  -203.944351  112.957930    0.000000  -5.510912e-03  0.000000e+00
  0.437532  -203.751596  113.071086    0.000000  -4.804083e-03  0.000000e+00
  0.437790  -203.559400  113.183638    0.000000  -4.034773e-03  0.000000e+00
  0.438049  -203.367752  113.295638    0.000000  -3.201937e-03  0.000000e+00
  0.438307  -203.176641  113.407144    0.000000  -2.305198e-03  0.000000e+00
  0.438565  -202.986047  113.518217    0.000000  -1.344784e-03  0.000000e+00
  0.438823  -202.795948  113.628927    0.000000  -3.215513e-04  0.000000e+00
  0.439081  -202.606318  113.739345    0.000000  7.630097e-04  0.000000e+00
  0.439339  -202.417129  113.849550    0.000000  1.906777e-03  0.000000e+00
  0.439597  -202.228348  113.959623    0.000000  3.107015e-03  0.000000e+00
  0.439855  -202.039942  114.069649    0.000000  4.360408e-03  0.000000e+00
  0.440114  -201.851875  114.179717    0.000000  5.663106e-03  0.000000e+00
  0.440372  -201.664110  114.289919    0.000000  7.010786e-03  0.000000e+00
  0.440630  -201.476611  114.400351    0.000000  8.398727e-03  0.000000e+00
  0.440888  -201.289339  114.511111    0.000000  9.821896e-03  0.000000e+00
  0.441146  -201.102258  114.622298    0.000000  1.127504e-02  0.000000e+00
  0.441404  -200.915332  114.734015    0.000000  1.275280e-02  0.000000e+00
  0.441662  -200.728525  114.846366    0.000000  1.424980e-02  0.000000e+00
  0.441920  -200.541804  114.959458    0.000000  1.576077e-02  0.000000e+00
  0.442179  -200.355140  115.073396    0.000000  1.728065e-02  0.000000e+00
  0.442437  -200.168503  115.188288    0.000000  1.880472e-02  0.000000e+00
  0.442695  -199.981869  115.304244    0.000000  2.032864e-02  0.000000e+00
  0.442953  -199.795217  115.421371    0.000000  2.184862e-02  0.000000e+00
  0.443211  -199.608532  115.539778    0.000000  2.336144e-02  0.000000e+00
  0.443469  -199.421800  115.659573    0.000000  2.486457e-02  0.000000e+00
  0.443727  -199.235016  115.780865    0.000000  2.635621e-02  0.000000e+00
  0.443986  -199.048179  115.903759    0.000000  2.783533e-02  0.000000e+00
  0.444244  -198.861295  116.028362    0.000000  2.930173e-02  0.000000e+00
  0.444502  -198.674376  116.154777    0.000000  3.075608e-02  0.000000e+00
  0.444760  -198.487441  116.283107    0.000000  3.219989e-02  0.000000e+00
  0.445018  -198.300519  116.413451    0.000000  3.363560e-02  0.000000e+00
  0.445276  -198.113645  116.545909    0.000000  3.506651e-02  0.000000e+00
  0.445534  -197.926863  116.680573    0.000000  3.649683e-02  0.000000e+00
  0.445792  -197.740227  116.817538    0.000000  3.793168e-02  0.000000e+00
  0.446051  -197.553801  116.956891    0.000000  3.937707e-02  0.000000e+00
  0.446309  -197.367658  117.098717    0.000000  4.083993e-02  0.000000e+00
  0.446567  -197.181883  117.243098    0.000000  4.232812e-02  0.000000e+00
  0.446825  -196.996572  117.390110    0.000000  4.385044e-02  0.000000e+00
  0.447083  -196.811831  117.539827    0.000000  4.541667e-02  0.000000e+00
  0.447341  -196.627781  117.692316    0.000000  4.703762e-02  0.000000e+00
  0.447599  -196.444554  117.847639    0.000000  4.872518e-02  0.000000e+00
  0.447858  -196.262296  118.005853    0.000000  5.049241e-02  0.000000e+00
  0.448116  -196.081165  118.167010    0.000000  5.235362e-02  0.000000e+00
  0.448374  -195.901335  118.331156    0.000000  5.432452e-02  0.000000e+00
  0.448632  -195.722995  118.498330    0.000000  5.642234e-02  0.000000e+00
  0.448890  -195.546348  118.668564    0.000000  5.866601e-02  0.000000e+00
  0.449148  -195.371613  118.841883    0.000000  6.107634e-02  0.000000e+00
  0.449406  -195.199025  119.018307    0.000000  6.367473e-02  0.000000e+00
  0.449664  -195.028836  119.197846    0.000000  6.647001e-02  0.000000e+00
  0.449923  -194.861312  119.380504    0.000000  6.946376e-02  0.000000e+00
  0.450181  -194.696736  119.566275    0.000000  7.265765e-02  0.000000e+00
  0.450439  -194.535401  119.755148    0.000000  7.605321e-02  0.000000e+00
  0.450697  -194.377609  119.947101    0.000000  7.965148e-02  0.000000e+00
  0.450955  -194.223676  120.142106    0.000000  8.345254e-02  0.000000e+00
  0.451213  -194.073919  120.340125    0.000000  8.745505e-02  0.000000e+00
  0.451471  -193.928666  120.541111    0.000000  9.165572e-02  0.000000e+00
  0.451729  -193.788246  120.745010    0.000000  9.604864e-02  0.000000e+00
  0.451988  -193.652990  120.951757    0.000000  1.006247e-01  0.000000e+00
  0.452246  -193.523231  121.161280    0.000000  1.053708e-01  0.000000e+00
  0.452504  -193.399300  121.373496    0.000000  1.102692e-01  0.000000e+00
  0.452762  -193.281526  121.588314    0.000000  1.152968e-01  0.000000e+00
  0.453020  -193.170232  121.805631    0.000000  1.204248e-01  0.000000e+00
  0.453278  -193.065736  122.025338    0.000000  1.256174e-01  0.000000e+00
  0.453536  -192.968349  122.247312    0.000000  1.308326e-01  0.000000e+00
  0.453795  -192.878371  122.471423    0.000000  1.360211e-01  0.000000e+00
  0.454053  -192.796092  122.697530    0.000000  1.411273e-01  0.000000e+00
  0.454311  -192.721787  122.925480    0.000000  1.460895e-01  0.000000e+00
  0.454569  -192.655720  123.155113    0.000000  1.508415e-01  0.000000e+00
  0.454827  -192.598135  123.386254    0.000000  1.553137e-01  0.000000e+00
  0.455085  -192.549262  123.618721    0.000000  1.594360e-01  0.000000e+00
  0.455343  -192.509308  123.852318    0.000000  1.631396e-01  0.000000e+00
  0.455601  -192.478461  124.086840    0.000000  1.663603e-01  0.000000e+00
  0.455860  -192.456886  124.322070    0.000000  1.690418e-01  0.000000e+00
  0.456118  -192.444722  124.557778    0.000000  1.711379e-01  0.000000e+00
  0.456376  -192.442084  124.793726    0.000000  1.726159e-01  0.000000e+00
  0.456634  -192.449057  125.029660    0.000000  1.734582e-01  0.000000e+00
  0.456892  -192.465698  125.265317    0.000000  1.736642e-01  0.000000e+00
  0.457150  -192.492031  125.500421    0.000000  1.732510e-01  0.000000e+00
  0.457408  -192.528050  125.734684    0.000000  1.722759e-01  0.000000e+00
  0.457666  -192.573715  125.967806    0.000000  1.708293e-01  0.000000e+00
  0.457925  -192.628952  126.199479    0.000000  1.690027e-01  0.000000e+00
  0.458183  -192.693663  126.429386    0.000000  1.668843e-01  0.000000e+00
  0.458441  -192.767716  126.657205    0.000000  1.645563e-01  0.000000e+00
  0.458699  -192.850958  126.882612    0.000000  1.620935e-01  0.000000e+00
  0.458957  -192.943209  127.105280    0.000000  1.595620e-01  0.000000e+00
  0.459215  -193.044265  127.324882    0.000000  1.570182e-01  0.000000e+00
  0.459473  -193.153904  127.541097    0.000000  1.545088e-01  0.000000e+00
  0.459732  -193.271884  127.753604    0.000000  1.520707e-01  0.000000e+00
  0.459990  -193.397942  127.962092    0.000000  1.497314e-01  0.000000e+00
  0.460248  -193.531804  128.166256    0.000000  1.475096e-01  0.000000e+00
  0.460506  -193.673178  128.365805    0.000000  1.454151e-01  0.000000e+00
  0.460764  -193.821762  128.560457    0.000000  1.434500e-01  0.000000e+00
  0.461022  -193.977241  128.749946    0.000000  1.416088e-01  0.000000e+00
  0.461280  -194.139292  128.934023    0.000000  1.398789e-01  0.000000e+00
  0.461538  -194.307586  129.112457    0.000000  1.382411e-01  0.000000e+00
  0.461797  -194.481786  129.285038    0.000000  1.366696e-01  0.000000e+00
  0.462055  -194.661552  129.451578    0.000000  1.351324e-01  0.000000e+00
  0.462313  -194.846542  129.611914    0.000000  1.335917e-01  0.000000e+00
  0.462571  -195.036413  129.765909    0.000000  1.320039e-01  0.000000e+00
  0.462829  -195.230823  129.913455    0.000000  1.303197e-01  0.000000e+00
  0.463087  -195.429433  130.054474    0.000000  1.284848e-01  0.000000e+00
  0.463345  -195.631910  130.188923    0.000000  1.264398e-01  0.000000e+00
  0.463604  -195.837924  130.316789    0.000000  1.241210e-01  0.000000e+00
  0.463862  -196.047157  130.438099    0.000000  1.214605e-01  0.000000e+00
  0.464120  -196.259297  130.552918    0.000000  1.183877e-01  0.000000e+00
  0.464378  -196.474046  130.661351    0.000000  1.148294e-01  0.000000e+00
  0.464636  -196.691118  130.763546    0.000000  1.107108e-01  0.000000e+00
  0.464894  -196.910242  130.859694    0.000000  1.059574e-01  0.000000e+00
  0.465152  -197.131163  130.950035    0.000000  1.005151e-01  0.000000e+00
  0.465410  -197.353643  131.034853    0.000000  9.438386e-02  0.000000e+00
  0.465669  -197.577462  131.114479    0.000000  8.758361e-02  0.000000e+00
  0.465927  -197.802413  131.189280    0.000000  8.014666e-02  0.000000e+00
  0.466185  -198.028303  131.259664    0.000000  7.211495e-02  0.000000e+00
  0.466443  -198.254950  131.326069    0.000000  6.353727e-02  0.000000e+00
  0.466701  -198.482183  131.388964    0.000000  5.446687e-02  0.000000e+00
  0.466959  -198.709840  131.448845    0.000000  4.495925e-02  0.000000e+00
  0.467217  -198.937766  131.506228    0.000000  3.507060e-02  0.000000e+00
  0.467475  -199.165814  131.561650    0.000000  2.485676e-02  0.000000e+00
  0.467734  -199.393839  131.615661    0.000000  1.437275e-02  0.000000e+00
  0.467992  -199.621702  131.668826    0.000000  3.672882e-03  0.000000e+00
  0.468250  -199.849262  131.721714    0.000000  -7.188653e-03  0.000000e+00
  0.468508  -200.076382  131.774902    0.000000  -1.815689e-02  0.000000e+00
  0.468766  -200.302922  131.828967    0.000000  -2.917496e-02  0.000000e+00
  0.469024  -200.528740  131.884482    0.000000  -4.018294e-02  0.000000e+00
  0.469282  -200.753690  131.942016    0.000000  -5.111686e-02  0.000000e+00
  0.469541  -200.977621  132.002127    0.000000  -6.190797e-02  0.000000e+00
  0.469799  -201.200374  132.065359    0.000000  -7.248265e-02  0.000000e+00
  0.470057  -201.421782  132.132241    0.000000  -8.276284e-02  0.000000e+00
  0.470315  -201.641670  132.203281    0.000000  -9.266746e-02  0.000000e+00
  0.470573  -201.859849  132.278960    0.000000  -1.021145e-01  0.000000e+00
  0.470831  -202.076120  132.359737    0.000000  -1.110243e-01  0.000000e+00
  0.471089  -202.290268  132.446034    0.000000  -1.193231e-01  0.000000e+00
  0.471347  -202.502064  132.538243    0.000000  -1.269475e-01  0.000000e+00
  0.471606  -202.711261  132.636714    0.000000  -1.338492e-01  0.000000e+00
  0.471864  -202.917593  132.741758    0.000000  -1.399993e-01  0.000000e+00
  0.472122  -203.120777  132.853637    0.000000  -1.453919e-01  0.000000e+00
  0.472380  -203.320505  132.972569    0.000000  -1.500477e-01  0.000000e+00
  0.472638  -203.516450  133.098715    0.000000  -1.540153e-01  0.000000e+00
  0.472896  -203.708258  133.232181    0.000000  -1.573776e-01  0.000000e+00
  0.473154  -203.895552  133.373015    0.000000  -1.602641e-01  0.000000e+00
  0.473412  -204.077932  133.521208    0.000000  -1.628079e-01  0.000000e+00
  0.473671  -204.254981  133.676699    0.000000  -1.651305e-01  0.000000e+00
  0.473929  -204.426267  133.839372    0.000000  -1.673403e-01  0.000000e+00
  0.474187  -204.591345  134.009069    0.000000  -1.695308e-01  0.000000e+00
  0.474445  -204.749767  134.185585    0.000000  -1.717799e-01  0.000000e+00
  0.474703  -204.901078  134.368676    0.000000  -1.741495e-01  0.000000e+00
  0.474961  -205.044827  134.558060    0.000000  -1.766847e-01  0.000000e+00
  0.475219  -205.180565  134.753422    0.000000  -1.794136e-01  0.000000e+00
  0.475478  -205.307852  134.954414    0.000000  -1.823470e-01  0.000000e+00
  0.475736  -205.426261  135.160664    0.000000  -1.854771e-01  0.000000e+00
  0.475994  -205.535378  135.371773    0.000000  -1.887774e-01  0.000000e+00
  0.476252  -205.634813  135.587322    0.000000  -1.922019e-01  0.000000e+00
  0.476510  -205.724195  135.806877    0.000000  -1.956845e-01  0.000000e+00
  0.476768  -205.803183  136.029985    0.000000  -1.991389e-01  0.000000e+00
  0.477026  -205.871466  136.256187    0.000000  -2.024596e-01  0.000000e+00
  0.477284  -205.928769  136.485013    0.000000  -2.055233e-01  0.000000e+00
  0.477543  -205.974853  136.715991    0.000000  -2.081921e-01  0.000000e+00
  0.477801  -206.009524  136.948644    0.000000  -2.103177e-01  0.000000e+00
  0.478059  -206.032633  137.182503    0.000000  -2.117477e-01  0.000000e+00
  0.478317  -206.044081  137.417100    0.000000  -2.123325e-01  0.000000e+00
  0.478575  -206.043823  137.651978    0.000000  -2.119335e-01  0.000000e+00
  0.478833  -206.031871  137.886690    0.000000  -2.104750e-01  0.000000e+00
  0.479091  -206.008297  138.120806    0.000000  -2.080006e-01  0.000000e+00
  0.479350  -205.973227  138.353910    0.000000  -2.045975e-01  0.000000e+00
  0.479608  -205.926839  138.585601    0.000000  -2.003788e-01  0.000000e+00
  0.479866  -205.869358  138.815494    0.000000  -1.954756e-01  0.000000e+00
  0.480124  -205.801053  139.043222    0.000000  -1.900288e-01  0.000000e+00
  0.480382  -205.722234  139.268434    0.000000  -1.841807e-01  0.000000e+00
  0.480640  -205.633244  139.490796    0.000000  -1.780686e-01  0.000000e+00
  0.480898  -205.534459  139.709992    0.000000  -1.718197e-01  0.000000e+00
  0.481156  -205.426281  139.925724    0.000000  -1.655470e-01  0.000000e+00
  0.481415  -205.309138  140.137714    0.000000  -1.593475e-01  0.000000e+00
  0.481673  -205.183475  140.345702    0.000000  -1.533018e-01  0.000000e+00
  0.481931  -205.049754  140.549447    0.000000  -1.474740e-01  0.000000e+00
  0.482189  -204.908447  140.748729    0.000000  -1.419127e-01  0.000000e+00
  0.482447  -204.760034  140.943349    0.000000  -1.366526e-01  0.000000e+00
  0.482705  -204.605000  141.133127    0.000000  -1.317162e-01  0.000000e+00
  0.482963  -204.443826  141.317906    0.000000  -1.271152e-01  0.000000e+00
  0.483221  -204.276992  141.497549    0.000000  -1.228520e-01  0.000000e+00
  0.483480  -204.104967  141.671944    0.000000  -1.189212e-01  0.000000e+00
  0.483738  -203.928207  141.840998    0.000000  -1.153103e-01  0.000000e+00
  0.483996  -203.747153  142.004644    0.000000  -1.120006e-01  0.000000e+00
  0.484254  -203.562225  142.162837    0.000000  -1.089678e-01  0.000000e+00
  0.484512  -203.373817  142.315557    0.000000  -1.061811e-01  0.000000e+00
  0.484770  -203.182296  142.462806    0.000000  -1.035913e-01  0.000000e+00
  0.485028  -202.987998  142.604613    0.000000  -1.011391e-01  0.000000e+00
  0.485287  -202.791231  142.741026    0.000000  -9.877065e-02  0.000000e+00
  0.485545  -202.592277  142.872118    0.000000  -9.643801e-02  0.000000e+00
  0.485803  -202.391388  142.997977    0.000000  -9.409858e-02  0.000000e+00
  0.486061  -202.188794  143.118713    0.000000  -9.171512e-02  0.000000e+00
  0.486319  -201.984698  143.234452    0.000000  -8.925572e-02  0.000000e+00
  0.486577  -201.779284  143.345334    0.000000  -8.669386e-02  0.000000e+00
  0.486835  -201.572711  143.451513    0.000000  -8.400851e-02  0.000000e+00
  0.487093  -201.365119  143.553159    0.000000  -8.118422e-02  0.000000e+00
  0.487352  -201.156629  143.650449    0.000000  -7.821119e-02  0.000000e+00
  0.487610  -200.947342  143.743573    0.000000  -7.508528e-02  0.000000e+00
  0.487868  -200.737345  143.832728    0.000000  -7.180792e-02  0.000000e+00
  0.488126  -200.526707  143.918117    0.000000  -6.838601e-02  0.000000e+00
  0.488384  -200.315484  143.999952    0.000000  -6.483162e-02  0.000000e+00
  0.488642  -200.103717  144.078446    0.000000  -6.116165e-02  0.000000e+00
  0.488900  -199.891437  144.153817    0.000000  -5.739741e-02  0.000000e+00
  0.489158  -199.678662  144.226282    0.000000  -5.356408e-02  0.000000e+00
  0.489417  -199.465403  144.296062    0.000000  -4.969009e-02  0.000000e+00
  0.489675  -199.251659  144.363373    0.000000  -4.580656e-02  0.000000e+00
  0.489933  -199.037424  144.428430    0.000000  -4.194652e-02  0.000000e+00
  0.490191  -198.822685  144.491443    0.000000  -3.814431e-02  0.000000e+00
  0.490449  -198.607424  144.552619    0.000000  -3.443487e-02  0.000000e+00
  0.490707  -198.391620  144.612154    0.000000  -3.085309e-02  0.000000e+00
  0.490965  -198.175249  144.670240    0.000000  -2.743324e-02  0.000000e+00
  0.491224  -197.958284  144.727056    0.000000  -2.420843e-02  0.000000e+00
  0.491482  -197.740701  144.782772    0.000000  -2.121016e-02  0.000000e+00
  0.491740  -197.522475  144.837544    0.000000  -1.846800e-02  0.000000e+00
  0.491998  -197.303582  144.891515    0.000000  -1.600931e-02  0.000000e+00
  0.492256  -197.084004  144.944813    0.000000  -1.385905e-02  0.000000e+00
  0.492514  -196.863726  144.997549    0.000000  -1.202821e-02  0.000000e+00
  0.492772  -196.642739  145.049816    0.000000  -1.050404e-02  0.000000e+00
  0.493030  -196.421037  145.101693    0.000000  -9.270005e-03  0.000000e+00
  0.493289  -196.198622  145.153239    0.000000  -8.308663e-03  0.000000e+00
  0.493547  -195.975497  145.204503    0.000000  -7.602111e-03  0.000000e+00
  0.493805  -195.751673  145.255515    0.000000  -7.132312e-03  0.000000e+00
  0.494063  -195.527161  145.306296    0.000000  -6.881367e-03  0.000000e+00
  0.494321  -195.301980  145.356853    0.000000  -6.831711e-03  0.000000e+00
  0.494579  -195.076148  145.407180    0.000000  -6.966266e-03  0.000000e+00
  0.494837  -194.849688  145.457263    0.000000  -7.268534e-03  0.000000e+00
  0.495096  -194.622627  145.507077    0.000000  -7.722651e-03  0.000000e+00
  0.495354  -194.394994  145.556586    0.000000  -8.313405e-03  0.000000e+00
  0.495612  -194.166818  145.605751    0.000000  -9.026228e-03  0.000000e+00
  0.495870  -193.938132  145.654520    0.000000  -9.847155e-03  0.000000e+00
  0.496128  -193.708971  145.702838    0.000000  -1.076277e-02  0.000000e+00
  0.496386  -193.479370  145.750644    0.000000  -1.176013e-02  0.000000e+00
  0.496644  -193.249366  145.797871    0.000000  -1.282668e-02  0.000000e+00
  0.496902  -193.018996  145.844451    0.000000  -1.395014e-02  0.000000e+00
  0.497161  -192.788300  145.890309    0.000000  -1.511843e-02  0.000000e+00
  0.497419  -192.557314  145.935371    0.000000  -1.631951e-02  0.000000e+00
  0.497677  -192.326078  145.979560    0.000000  -1.754132e-02  0.000000e+00
  0.497935  -192.094630  146.022800    0.000000  -1.877163e-02  0.000000e+00
  0.498193  -191.863007  146.065015    0.000000  -1.999794e-02  0.000000e+00
  0.498451  -191.631245  146.106128    0.000000  -2.120737e-02  0.000000e+00
  0.498709  -191.399380  146.146067    0.000000  -2.238656e-02  0.000000e+00
  0.498967  -191.167447  146.184761    0.000000  -2.352159e-02  0.000000e+00
  0.499226  -190.935477  146.222145    0.000000  -2.459787e-02  0.000000e+00
  0.499484  -190.703500  146.258157    0.000000  -2.560014e-02  0.000000e+00
  0.499742  -190.471545  146.292740    0.000000  -2.651235e-02  0.000000e+00
  0.500000  -190.239637  146.325845    0.000000  -2.731771e-02  0.000000e+00
  0.500258  -190.007799  146.357429    0.000000  -2.800218e-02  0.000000e+00
  0.500516  -189.776049  146.387458    0.000000  -2.856537e-02  0.000000e+00
  0.500774  -189.544405  146.415903    0.000000  -2.901037e-02  0.000000e+00
  0.501033  -189.312880  146.442745    0.000000  -2.934035e-02  0.000000e+00
  0.501291  -189.081486  146.467971    0.000000  -2.955864e-02  0.000000e+00
  0.501549  -188.850229  146.491575    0.000000  -2.966877e-02  0.000000e+00
  0.501807  -188.619118  146.513556    0.000000  -2.967452e-02  0.000000e+00
  0.502065  -188.388154  146.533920    0.000000  -2.958000e-02  0.000000e+00
  0.502323  -188.157341  146.552678    0.000000  -2.938962e-02  0.000000e+00
  0.502581  -187.926677  146.569846    0.000000  -2.910815e-02  0.000000e+00
  0.502839  -187.696161  146.585444    0.000000  -2.874072e-02  0.000000e+00
  0.503098  -187.465788  146.599498    0.000000  -2.829281e-02  0.000000e+00
  0.503356  -187.235554  146.612035    0.000000  -2.777024e-02  0.000000e+00
  0.503614  -187.005451  146.623089    0.000000  -2.717917e-02  0.000000e+00
  0.503872  -186.775472  146.632696    0.000000  -2.652610e-02  0.000000e+00
  0.504130  -186.545608  146.640892    0.000000  -2.581779e-02  0.000000e+00
  0.504388  -186.315849  146.647720    0.000000  -2.506128e-02  0.000000e+00
  0.504646  -186.086184  146.653221    0.000000  -2.426384e-02  0.000000e+00
  0.504904  -185.856601  146.657441    0.000000  -2.343296e-02  0.000000e+00
  0.505163  -185.627090  146.660424    0.000000  -2.257629e-02  0.000000e+00
  0.505421  -185.397637  146.662218    0.000000  -2.170161e-02  0.000000e+00
  0.505679  -185.168231  146.662869    0.000000  -2.081683e-02  0.000000e+00
  0.505937  -184.938858  146.662425    0.000000  -1.992990e-02  0.000000e+00
  0.506195  -184.709508  146.660932    0.000000  -1.904886e-02  0.000000e+00
  0.506453  -184.480167  146.658438    0.000000  -1.818174e-02  0.000000e+00
  0.506711  -184.250824  146.654986    0.000000  -1.733657e-02  0.000000e+00
  0.506970  -184.021467  146.650622    0.000000  -1.652137e-02  0.000000e+00
  0.507228  -183.792088  146.645388    0.000000  -1.574410e-02  0.000000e+00
  0.507486  -183.562675  146.639323    0.000000  -1.501268e-02  0.000000e+00
  0.507744  -183.333220  146.632466    0.000000  -1.433495e-02  0.000000e+00
  0.508002  -183.103717  146.624850    0.000000  -1.371820e-02  0.000000e+00
  0.508260  -182.874157  146.616509    0.000000  -1.316527e-02  0.000000e+00
  0.508518  -182.644538  146.607469    0.000000  -1.267655e-02  0.000000e+00
  0.508776  -182.414855  146.597757    0.000000  -1.225233e-02  0.000000e+00
  0.509035  -182.185105  146.587393    0.000000  -1.189282e-02  0.000000e+00
  0.509293  -181.955288  146.576395    0.000000  -1.159816e-02  0.000000e+00
  0.509551  -181.725403  146.564779    0.000000  -1.136847e-02  0.000000e+00
  0.509809  -181.495453  146.552556    0.000000  -1.120381e-02  0.000000e+00
  0.510067  -181.265438  146.539733    0.000000  -1.110424e-02  0.000000e+00
  0.510325  -181.035364  146.526317    0.000000  -1.106978e-02  0.000000e+00
  0.510583  -180.805233  146.512308    0.000000  -1.110048e-02  0.000000e+00
  0.510842  -180.575053  146.497703    0.000000  -1.119636e-02  0.000000e+00
  0.511100  -180.344829  146.482499    0.000000  -1.135747e-02  0.000000e+00
  0.511358  -180.114570  146.466686    0.000000  -1.158387e-02  0.000000e+00
  0.511616  -179.884284  146.450252    0.000000  -1.187562e-02  0.000000e+00
  0.511874  -179.653980  146.433181    0.000000  -1.223285e-02  0.000000e+00
  0.512132  -179.423670  146.415456    0.000000  -1.265567e-02  0.000000e+00
  0.512390  -179.193365  146.397053    0.000000  -1.314425e-02  0.000000e+00
  0.512648  -178.963078  146.377947    0.000000  -1.369878e-02  0.000000e+00
  0.512907  -178.732821  146.358109    0.000000  -1.431949e-02  0.000000e+00
  0.513165  -178.502609  146.337507    0.000000  -1.500662e-02  0.000000e+00
  0.513423  -178.272457  146.316104    0.000000  -1.576047e-02  0.000000e+00
  0.513681  -178.042380  146.293864    0.000000  -1.658133e-02  0.000000e+00
  0.513939  -177.812396  146.270741    0.000000  -1.746952e-02  0.000000e+00
  0.514197  -177.582521  146.246691    0.000000  -1.842536e-02  0.000000e+00
  0.514455  -177.352773  146.221665    0.000000  -1.944920e-02  0.000000e+00
  0.514713  -177.123172  146.195610    0.000000  -2.054133e-02  0.000000e+00
  0.514972  -176.893735  146.168469    0.000000  -2.170206e-02  0.000000e+00
  0.515230  -176.664484  146.140184    0.000000  -2.293161e-02  0.000000e+00
  0.515488  -176.435438  146.110692    0.000000  -2.423018e-02  0.000000e+00
  0.515746  -176.206620  146.079926    0.000000  -2.559777e-02  0.000000e+00
  0.516004  -175.978050  146.047818    0.000000  -2.703212e-02  0.000000e+00
  0.516262  -175.749751  146.014293    0.000000  -2.852853e-02  0.000000e+00
  0.516520  -175.521745  145.979277    0.000000  -3.008214e-02  0.000000e+00
  0.516779  -175.294058  145.942690    0.000000  -3.168802e-02  0.000000e+00
  0.517037  -175.066712  145.904452    0.000000  -3.334119e-02  0.000000e+00
  0.517295  -174.839735  145.864480    0.000000  -3.503657e-02  0.000000e+00
  0.517553  -174.613152  145.822688    0.000000  -3.676904e-02  0.000000e+00
  0.517811  -174.386992  145.778990    0.000000  -3.853336e-02  0.000000e+00
  0.518069  -174.161283  145.733298    0.000000  -4.032426e-02  0.000000e+00
  0.518327  -173.936056  145.685522    0.000000  -4.213637e-02  0.000000e+00
  0.518585  -173.711343  145.635572    0.000000  -4.396427e-02  0.000000e+00
  0.518844  -173.487178  145.583358    0.000000  -4.580250e-02  0.000000e+00
  0.519102  -173.263596  145.528789    0.000000  -4.764556e-02  0.000000e+00
  0.519360  -173.040633  145.471773    0.000000  -4.948792e-02  0.000000e+00
  0.519618  -172.818328  145.412220    0.000000  -5.132409e-02  0.000000e+00
  0.519876  -172.596723  145.350040    0.000000  -5.314861e-02  0.000000e+00
  0.520134  -172.375860  145.285143    0.000000  -5.495609e-02  0.000000e+00
  0.520392  -172.155783  145.217441    0.000000  -5.674124e-02  0.000000e+00
  0.520650  -171.936541  145.146847    0.000000  -5.849893e-02  0.000000e+00
  0.520909  -171.718181  145.073276    0.000000  -6.022423e-02  0.000000e+00
  0.521167  -171.500757  144.996643    0.000000  -6.191243e-02  0.000000e+00
  0.521425  -171.284323  144.916867    0.000000  -6.355913e-02  0.000000e+00
  0.521683  -171.068936  144.833870    0.000000  -6.516027e-02  0.000000e+00
  0.521941  -170.854655  144.747574    0.000000  -6.671216e-02  0.000000e+00
  0.522199  -170.641544  144.657907    0.000000  -6.821160e-02  0.000000e+00
  0.522457  -170.429667  144.564798    0.000000  -6.965584e-02  0.000000e+00
  0.522716  -170.219093  144.468180    0.000000  -7.104270e-02  0.000000e+00
  0.522974  -170.009894  144.367991    0.000000  -7.237060e-02  0.000000e+00
  0.523232  -169.802145  144.264171    0.000000  -7.363858e-02  0.000000e+00
  0.523490  -169.595924  144.156665    0.000000  -7.484635e-02  0.000000e+00
  0.523748  -169.391313  144.045424    0.000000  -7.599435e-02  0.000000e+00
  0.524006  -169.188395  143.930402    0.000000  -7.708374e-02  0.000000e+00
  0.524264  -168.987261  143.811560    0.000000  -7.811643e-02  0.000000e+00
  0.524522  -168.788002  143.688861    0.000000  -7.909513e-02  0.000000e+00
  0.524781  -168.590715  143.562278    0.000000  -8.002330e-02  0.000000e+00
  0.525039  -168.395499  143.431786    0.000000  -8.090521e-02  0.000000e+00
  0.525297  -168.202459  143.297369    0.000000  -8.174594e-02  0.000000e+00
  0.525555  -168.011703  143.159016    0.000000  -8.255133e-02  0.000000e+00
  0.525813  -167.823342  143.016723    0.000000  -8.332804e-02  0.000000e+00
  0.526071  -167.637494  142.870494    0.000000  -8.408348e-02  0.000000e+00
  0.526329  -167.454279  142.720338    0.000000  -8.482589e-02  0.000000e+00
  0.526588  -167.273822  142.566274    0.000000  -8.556424e-02  0.000000e+00
  0.526846  -167.096254  142.408326    0.000000  -8.630833e-02  0.000000e+00
  0.527104  -166.921709  142.246530    0.000000  -8.706874e-02  0.000000e+00
  0.527362  -166.750327  142.080928    0.000000  -8.785688e-02  0.000000e+00
  0.527620  -166.582251  141.911569    0.000000  -8.868458e-02  0.000000e+00
  0.527878  -166.417630  141.738513    0.000000  -8.956229e-02  0.000000e+00
  0.528136  -166.256618  141.561828    0.000000  -9.049882e-02  0.000000e+00
  0.528394  -166.099372  141.381591    0.000000  -9.150146e-02  0.000000e+00
  0.528653  -165.946049  141.197883    0.000000  -9.257596e-02  0.000000e+00
  0.528911  -165.796811  141.010796    0.000000  -9.372654e-02  0.000000e+00
  0.529169  -165.651820  140.820426    0.000000  -9.495585e-02  0.000000e+00
  0.529427  -165.511240  140.626876    0.000000  -9.626492e-02  0.000000e+00
  0.529685  -165.375231  140.430255    0.000000  -9.765314e-02  0.000000e+00
  0.529943  -165.243955  140.230678    0.000000  -9.911812e-02  0.000000e+00
  0.530201  -165.117572  140.028262    0.000000  -1.006557e-01  0.000000e+00
  0.530459  -164.996239  139.823132    0.000000  -1.022597e-01  0.000000e+00
  0.530718  -164.880107  139.615414    0.000000  -1.039220e-01  0.000000e+00
  0.530976  -164.769328  139.405239    0.000000  -1.056323e-01  0.000000e+00
  0.531234  -164.664046  139.192740    0.000000  -1.073782e-01  0.000000e+00
  0.531492  -164.564399  138.978054    0.000000  -1.091449e-01  0.000000e+00
  0.531750  -164.470520  138.761319    0.000000  -1.109151e-01  0.000000e+00
  0.532008  -164.382535  138.542675    0.000000  -1.126695e-01  0.000000e+00
  0.532266  -164.300561  138.322264    0.000000  -1.143862e-01  0.000000e+00
  0.532525  -164.224708  138.100227    0.000000  -1.160411e-01  0.000000e+00
  0.532783  -164.155077  137.876707    0.000000  -1.176080e-01  0.000000e+00
  0.533041  -164.091756  137.651846    0.000000  -1.190590e-01  0.000000e+00
  0.533299  -164.034824  137.425786    0.000000  -1.203646e-01  0.000000e+00
  0.533557  -163.984350  137.198669    0.000000  -1.214942e-01  0.000000e+00
  0.533815  -163.940389  136.970632    0.000000  -1.224166e-01  0.000000e+00
  0.534073  -163.902983  136.741814    0.000000  -1.231006e-01  0.000000e+00
  0.534331  -163.872161  136.512350    0.000000  -1.235156e-01  0.000000e+00
  0.534590  -163.847935  136.282372    0.000000  -1.236322e-01  0.000000e+00
  0.534848  -163.830306  136.052009    0.000000  -1.234231e-01  0.000000e+00
  0.535106  -163.819256  135.821387    0.000000  -1.228632e-01  0.000000e+00
  0.535364  -163.814751  135.590627    0.000000  -1.219331e-01  0.000000e+00
  0.535622  -163.816738  135.359847    0.000000  -1.206342e-01  0.000000e+00
  0.535880  -163.825151  135.129157    0.000000  -1.189802e-01  0.000000e+00
  0.536138  -163.839904  134.898667    0.000000  -1.169886e-01  0.000000e+00
  0.536396  -163.860896  134.668476    0.000000  -1.146804e-01  0.000000e+00
  0.536655  -163.888013  134.438684    0.000000  -1.120795e-01  0.000000e+00
  0.536913  -163.921123  134.209383    0.000000  -1.092113e-01  0.000000e+00
  0.537171  -163.960085  133.980658    0.000000  -1.061027e-01  0.000000e+00
  0.537429  -164.004741  133.752591    0.000000  -1.027809e-01  0.000000e+00
  0.537687  -164.054923  133.525259    0.000000  -9.927272e-02  0.000000e+00
  0.537945  -164.110452  133.298732    0.000000  -9.560393e-02  0.000000e+00
  0.538203  -164.171136  133.073075    0.000000  -9.179897e-02  0.000000e+00
  0.538462  -164.236775  132.848346    0.000000  -8.788034e-02  0.000000e+00
  0.538720  -164.307159  132.624599    0.000000  -8.386832e-02  0.000000e+00
  0.538978  -164.382068  132.401879    0.000000  -7.978077e-02  0.000000e+00
  0.539236  -164.461277  132.180229    0.000000  -7.563299e-02  0.000000e+00
  0.539494  -164.544551  131.959683    0.000000  -7.143767e-02  0.000000e+00
  0.539752  -164.631650  131.740269    0.000000  -6.720495e-02  0.000000e+00
  0.540010  -164.722327  131.522009    0.000000  -6.294248e-02  0.000000e+00
  0.540268  -164.816331  131.304918    0.000000  -5.865555e-02  0.000000e+00
  0.540527  -164.913405  131.089005    0.000000  -5.434727e-02  0.000000e+00
  0.540785  -165.013290  130.874271    0.000000  -5.001877e-02  0.000000e+00
  0.541043  -165.115724  130.660712    0.000000  -4.566940e-02  0.000000e+00
  0.541301  -165.220440  130.448316    0.000000  -4.129700e-02  0.000000e+00
  0.541559  -165.327172  130.237063    0.000000  -3.689815e-02  0.000000e+00
  0.541817  -165.435653  130.026927    0.000000  -3.246843e-02  0.000000e+00
  0.542075  -165.545614  129.817875    0.000000  -2.800272e-02  0.000000e+00
  0.542334  -165.656788  129.609865    0.000000  -2.349555e-02  0.000000e+00
  0.542592  -165.768909  129.402850    0.000000  -1.894137e-02  0.000000e+00
  0.542850  -165.881711  129.196772    0.000000  -1.433501e-02  0.000000e+00
  0.543108  -165.994934  128.991568    0.000000  -9.672147e-03  0.000000e+00
  0.543366  -166.108318  128.787167    0.000000  -4.952330e-03  0.000000e+00
  0.543624  -166.221609  128.583489    0.000000  -1.792675e-04  0.000000e+00
  0.543882  -166.334557  128.380448    0.000000  4.641113e-03  0.000000e+00
  0.544140  -166.446916  128.177953    0.000000  9.500487e-03  0.000000e+00
  0.544399  -166.558447  127.975906    0.000000  1.438787e-02  0.000000e+00
  0.544657  -166.668916  127.774205    0.000000  1.928937e-02  0.000000e+00
  0.544915  -166.778097  127.572745    0.000000  2.418794e-02  0.000000e+00
  0.545173  -166.885770  127.371415    0.000000  2.906321e-02  0.000000e+00
  0.545431  -166.991725  127.170106    0.000000  3.389133e-02  0.000000e+00
  0.545689  -167.095758  126.968702    0.000000  3.864496e-02  0.000000e+00
  0.545947  -167.197676  126.767090    0.000000  4.329337e-02  0.000000e+00
  0.546205  -167.297295  126.565155    0.000000  4.780257e-02  0.000000e+00
  0.546464  -167.394440  126.362783    0.000000  5.213577e-02  0.000000e+00
  0.546722  -167.488949  126.159859    0.000000  5.625384e-02  0.000000e+00
  0.546980  -167.580670  125.956273    0.000000  6.011605e-02  0.000000e+00
  0.547238  -167.669463  125.751915    0.000000  6.368095e-02  0.000000e+00
  0.547496  -167.755202  125.546680    0.000000  6.690734e-02  0.000000e+00
  0.547754  -167.837771  125.340465    0.000000  6.975542e-02  0.000000e+00
  0.548012  -167.917071  125.133172    0.000000  7.218800e-02  0.000000e+00
  0.548271  -167.993014  124.924711    0.000000  7.417162e-02  0.000000e+00
  0.548529  -168.065531  124.714995    0.000000  7.567769e-02  0.000000e+00
  0.548787  -168.134564  124.503945    0.000000  7.668343e-02  0.000000e+00
  0.549045  -168.200074  124.291489    0.000000  7.717261e-02  0.000000e+00
  0.549303  -168.262037  124.077563    0.000000  7.713600e-02  0.000000e+00
  0.549561  -168.320446  123.862114    0.000000  7.657154e-02  0.000000e+00
  0.549819  -168.375314  123.645097    0.000000  7.548408e-02  0.000000e+00
  0.550077  -168.426669  123.426476    0.000000  7.388491e-02  0.000000e+00
  0.550336  -168.474559  123.206228    0.000000  7.179087e-02  0.000000e+00
  0.550594  -168.519054  122.984342    0.000000  6.922323e-02  0.000000e+00
  0.550852  -168.560239  122.760818    0.000000  6.620657e-02  0.000000e+00
  0.551110  -168.598225  122.535671    0.000000  6.277940e-02  0.000000e+00
  0.551368  -168.633138  122.308927    0.000000  5.900114e-02  0.000000e+00
  0.551626  -168.665128  122.080627    0.000000  5.492921e-02  0.000000e+00
  0.551884  -168.694361  121.850823    0.000000  5.061565e-02  0.000000e+00
  0.552142  -168.721020  121.619578    0.000000  4.610648e-02  0.000000e+00
  0.552401  -168.745305  121.386968    0.000000  4.144141e-02  0.000000e+00
  0.552659  -168.767430  121.153078    0.000000  3.665379e-02  0.000000e+00
  0.552917  -168.787623  120.918000    0.000000  3.177083e-02  0.000000e+00
  0.553175  -168.806124  120.681839    0.000000  2.681389e-02  0.000000e+00
  0.553433  -168.823184  120.444704    0.000000  2.179896e-02  0.000000e+00
  0.553691  -168.839064  120.206715    0.000000  1.673724e-02  0.000000e+00
  0.553949  -168.854036  119.967995    0.000000  1.163570e-02  0.000000e+00
  0.554208  -168.868376  119.728676    0.000000  6.497750e-03  0.000000e+00
  0.554466  -168.882369  119.488894    0.000000  1.323865e-03  0.000000e+00
  0.554724  -168.896304  119.248790    0.000000  -3.887771e-03  0.000000e+00
  0.554982  -168.910475  119.008508    0.000000  -9.140601e-03  0.000000e+00
  0.555240  -168.925179  118.768197    0.000000  -1.443905e-02  0.000000e+00
  0.555498  -168.940714  118.528006    0.000000  -1.978786e-02  0.000000e+00
  0.555756  -168.957379  118.288087    0.000000  -2.519142e-02  0.000000e+00
  0.556014  -168.975473  118.048596    0.000000  -3.065307e-02  0.000000e+00
  0.556273  -168.995290  117.809684    0.000000  -3.617439e-02  0.000000e+00
  0.556531  -169.017126  117.571507    0.000000  -4.175442e-02  0.000000e+00
  0.556789  -169.041270  117.334216    0.000000  -4.738892e-02  0.000000e+00
  0.557047  -169.068004  117.097963    0.000000  -5.306955e-02  0.000000e+00
  0.557305  -169.097607  116.862898    0.000000  -5.878306e-02  0.000000e+00
  0.557563  -169.130349  116.629165    0.000000  -6.451054e-02  0.000000e+00
  0.557821  -169.166490  116.396908    0.000000  -7.022665e-02  0.000000e+00
  0.558080  -169.206281  116.166264    0.000000  -7.589902e-02  0.000000e+00
  0.558338  -169.249961  115.937367    0.000000  -8.148780e-02  0.000000e+00
  0.558596  -169.297757  115.710344    0.000000  -8.694546e-02  0.000000e+00
  0.558854  -169.349883  115.485315    0.000000  -9.221689e-02  0.000000e+00
  0.559112  -169.406538  115.262395    0.000000  -9.723989e-02  0.000000e+00
  0.559370  -169.467903  115.041689    0.000000  -1.019462e-01  0.000000e+00
  0.559628  -169.534144  114.823296    0.000000  -1.062627e-01  0.000000e+00
  0.559886  -169.605409  114.607303    0.000000  -1.101138e-01  0.000000e+00
  0.560145  -169.681825  114.393790    0.000000  -1.134234e-01  0.000000e+00
  0.560403  -169.763498  114.182825    0.000000  -1.161179e-01  0.000000e+00
  0.560661  -169.850514  113.974463    0.000000  -1.181290e-01  0.000000e+00
  0.560919  -169.942934  113.768752    0.000000  -1.193967e-01  0.000000e+00
  0.561177  -170.040795  113.565722    0.000000  -1.198720e-01  0.000000e+00
  0.561435  -170.144111  113.365394    0.000000  -1.195187e-01  0.000000e+00
  0.561693  -170.252867  113.167772    0.000000  -1.183154e-01  0.000000e+00
  0.561951  -170.367019  112.972847    0.000000  -1.162554e-01  0.000000e+00
  0.562210  -170.486497  112.780594    0.000000  -1.133466e-01  0.000000e+00
  0.562468  -170.611200  112.590973    0.000000  -1.096100e-01  0.000000e+00
  0.562726  -170.740993  112.403927    0.000000  -1.050852e-01  0.000000e+00
  0.562984  -170.875714  112.219380    0.000000  -9.986502e-02  0.000000e+00
  0.563242  -171.015165  112.037242    0.000000  -9.405969e-02  0.000000e+00
  0.563500  -171.159124  111.857406    0.000000  -8.777511e-02  0.000000e+00
  0.563758  -171.307338  111.679752    0.000000  -8.110957e-02  0.000000e+00
  0.564017  -171.459533  111.504146    0.000000  -7.415121e-02  0.000000e+00
  0.564275  -171.615410  111.330442    0.000000  -6.697650e-02  0.000000e+00
  0.564533  -171.774653  111.158484    0.000000  -5.964947e-02  0.000000e+00
  0.564791  -171.936924  110.988104    0.000000  -5.222184e-02  0.000000e+00
  0.565049  -172.101872  110.819127    0.000000  -4.473356e-02  0.000000e+00
  0.565307  -172.269130  110.651370    0.000000  -3.721392e-02  0.000000e+00
  0.565565  -172.438322  110.484644    0.000000  -2.968284e-02  0.000000e+00
  0.565823  -172.609060  110.318754    0.000000  -2.215237e-02  0.000000e+00
  0.566082  -172.780948  110.153499    0.000000  -1.462836e-02  0.000000e+00
  0.566340  -172.953587  109.988679    0.000000  -7.112041e-03  0.000000e+00
  0.566598  -173.126573  109.824087    0.000000  3.982593e-04  0.000000e+00
  0.566856  -173.299501  109.659519    0.000000  7.905486e-03  0.000000e+00
  0.567114  -173.471968  109.494770    0.000000  1.541219e-02  0.000000e+00
  0.567372  -173.643572  109.329634    0.000000  2.291886e-02  0.000000e+00
  0.567630  -173.813919  109.163911    0.000000  3.042228e-02  0.000000e+00
  0.567888  -173.982620  108.997402    0.000000  3.791386e-02  0.000000e+00
  0.568147  -174.149296  108.829912    0.000000  4.537798e-02  0.000000e+00
  0.568405  -174.313580  108.661255    0.000000  5.279046e-02  0.000000e+00
  0.568663  -174.475119  108.491248    0.000000  6.011710e-02  0.000000e+00
  0.568921  -174.633574  108.319719    0.000000  6.731243e-02  0.000000e+00
  0.569179  -174.788627  108.146502    0.000000  7.431890e-02  0.000000e+00
  0.569437  -174.939976  107.971443    0.000000  8.106643e-02  0.000000e+00
  0.569695  -175.087345  107.794400    0.000000  8.747272e-02  0.000000e+00
  0.569954  -175.230479  107.615242    0.000000  9.344425e-02  0.000000e+00
  0.570212  -175.369152  107.433851    0.000000  9.887828e-02  0.000000e+00
  0.570470  -175.503165  107.250124    0.000000  1.036682e-01  0.000000e+00
  0.570728  -175.632350  107.063974    0.000000  1.077424e-01  0.000000e+00
  0.570986  -175.756570  106.875331    0.000000  1.110607e-01  0.000000e+00
  0.571244  -175.875716  106.684136    0.000000  1.135916e-01  0.000000e+00
  0.571502  -175.989710  106.490350    0.000000  1.153144e-01  0.000000e+00
  0.571760  -176.098500  106.293944    0.000000  1.162206e-01  0.000000e+00
  0.572019  -176.202063  106.094905    0.000000  1.163158e-01  0.000000e+00
  0.572277  -176.300400  105.893232    0.000000  1.156198e-01  0.000000e+00
  0.572535  -176.393536  105.688939    0.000000  1.141657e-01  0.000000e+00
  0.572793  -176.481523  105.482049    0.000000  1.119992e-01  0.000000e+00
  0.573051  -176.564432  105.272598    0.000000  1.091761e-01  0.000000e+00
  0.573309  -176.642358  105.060634    0.000000  1.057599e-01  0.000000e+00
  0.573567  -176.715417  104.846214    0.000000  1.018193e-01  0.000000e+00
  0.573826  -176.783744  104.629408    0.000000  9.742524e-02  0.000000e+00
  0.574084  -176.847491  104.410291    0.000000  9.264845e-02  0.000000e+00
  0.574342  -176.906831  104.188951    0.000000  8.755718e-02  0.000000e+00
  0.574600  -176.961951  103.965484    0.000000  8.221536e-02  0.000000e+00
  0.574858  -177.013055  103.739992    0.000000  7.668116e-02  0.000000e+00
  0.575116  -177.060362  103.512586    0.000000  7.100611e-02  0.000000e+00
  0.575374  -177.104104  103.283384    0.000000  6.523453e-02  0.000000e+00
  0.575632  -177.144525  103.052511    0.000000  5.940338e-02  0.000000e+00
  0.575891  -177.181882  102.820096    0.000000  5.354237e-02  0.000000e+00
  0.576149  -177.216442  102.586276    0.000000  4.767437e-02  0.000000e+00
  0.576407  -177.248482  102.351192    0.000000  4.181590e-02  0.000000e+00
  0.576665  -177.278286  102.114987    0.000000  3.597776e-02  0.000000e+00
  0.576923  -177.306148  101.877813    0.000000  3.016575e-02  0.000000e+00
  0.577181  -177.332368  101.639820    0.000000  2.438135e-02  0.000000e+00
  0.577439  -177.357249  101.401166    0.000000  1.862247e-02  0.000000e+00
  0.577697  -177.381103  101.162006    0.000000  1.288414e-02  0.000000e+00
  0.577956  -177.404242  100.922502    0.000000  7.159154e-03  0.000000e+00
  0.578214  -177.426981  100.682814    0.000000  1.438792e-03  0.000000e+00
  0.578472  -177.449640  100.443103    0.000000  -4.286588e-03  0.000000e+00
  0.578730  -177.472534  100.203533    0.000000  -1.002690e-02  0.000000e+00
  0.578988  -177.495982   99.964265    0.000000  -1.579171e-02  0.000000e+00
  0.579246  -177.520299   99.725461    0.000000  -2.158956e-02  0.000000e+00
  0.579504  -177.545800   99.487280    0.000000  -2.742738e-02  0.000000e+00
  0.579763  -177.572794   99.249880    0.000000  -3.330969e-02  0.000000e+00
  0.580021  -177.601586   99.013419    0.000000  -3.923798e-02  0.000000e+00
  0.580279  -177.632476   98.778048    0.000000  -4.520990e-02  0.000000e+00
  0.580537  -177.665759   98.543919    0.000000  -5.121848e-02  0.000000e+00
  0.580795  -177.701719   98.311177    0.000000  -5.725139e-02  0.000000e+00
  0.581053  -177.740634   98.079963    0.000000  -6.329015e-02  0.000000e+00
  0.581311  -177.782772   97.850417    0.000000  -6.930945e-02  0.000000e+00
  0.581569  -177.828390   97.622667    0.000000  -7.527661e-02  0.000000e+00
  0.581828  -177.877734   97.396842    0.000000  -8.115114e-02  0.000000e+00
  0.582086  -177.931036   97.173060    0.000000  -8.688465e-02  0.000000e+00
  0.582344  -177.988517   96.951433    0.000000  -9.242106e-02  0.000000e+00
  0.582602  -178.050381   96.732067    0.000000  -9.769723e-02  0.000000e+00
  0.582860  -178.116818   96.515059    0.000000  -1.026440e-01  0.000000e+00
  0.583118  -178.187999   96.300497    0.000000  -1.071880e-01  0.000000e+00
  0.583376  -178.264081   96.088463    0.000000  -1.112535e-01  0.000000e+00
  0.583634  -178.345199   95.879025    0.000000  -1.147650e-01  0.000000e+00
  0.583893  -178.431470   95.672244    0.000000  -1.176503e-01  0.000000e+00
  0.584151  -178.522991   95.468170    0.000000  -1.198436e-01  0.000000e+00
  0.584409  -178.619835   95.266843    0.000000  -1.212879e-01  0.000000e+00
  0.584667  -178.722055   95.068288    0.000000  -1.219385e-01  0.000000e+00
  0.584925  -178.829678   94.872522    0.000000  -1.217644e-01  0.000000e+00
  0.585183  -178.942709   94.679547    0.000000  -1.207500e-01  0.000000e+00
  0.585441  -179.061123   94.489353    0.000000  -1.188953e-01  0.000000e+00
  0.585700  -179.184873   94.301916    0.000000  -1.162155e-01  0.000000e+00
  0.585958  -179.313882   94.117197    0.000000  -1.127394e-01  0.000000e+00
  0.586216  -179.448044   93.935145    0.000000  -1.085191e-01  0.000000e+00
  0.586474  -179.587224   93.755691    0.000000  -1.036527e-01  0.000000e+00
  0.586732  -179.731261   93.578753    0.000000  -9.824601e-02  0.000000e+00
  0.586990  -179.879966   93.404238    0.000000  -9.240152e-02  0.000000e+00
  0.587248  -180.033126   93.232038    0.000000  -8.621455e-02  0.000000e+00
  0.587506  -180.190507   93.062034    0.000000  -7.977115e-02  0.000000e+00
  0.587765  -180.351853   92.894097    0.000000  -7.314651e-02  0.000000e+00
  0.588023  -180.516889   92.728089    0.000000  -6.640427e-02  0.000000e+00
  0.588281  -180.685323   92.563860    0.000000  -5.959638e-02  0.000000e+00
  0.588539  -180.856847   92.401256    0.000000  -5.276364e-02  0.000000e+00
  0.588797  -181.031141   92.240114    0.000000  -4.593651e-02  0.000000e+00
  0.589055  -181.207871   92.080265    0.000000  -3.913615e-02  0.000000e+00
  0.589313  -181.386693   91.921535    0.000000  -3.237578e-02  0.000000e+00
  0.589572  -181.567255   91.763746    0.000000  -2.566188e-02  0.000000e+00
  0.589830  -181.749200   91.606715    0.000000  -1.899558e-02  0.000000e+00
  0.590088  -181.932163   91.450258    0.000000  -1.237393e-02  0.000000e+00
  0.590346  -182.115777   91.294190    0.000000  -5.791181e-03  0.000000e+00
  0.590604  -182.299675   91.138322    0.000000  7.600250e-04  0.000000e+00
  0.590862  -182.483488   90.982469    0.000000  7.287464e-03  0.000000e+00
  0.591120  -182.666850   90.826443    0.000000  1.379818e-02  0.000000e+00
  0.591378  -182.849400   90.670062    0.000000  2.029733e-02  0.000000e+00
  0.591637  -183.030781   90.513144    0.000000  2.678706e-02  0.000000e+00
  0.591895  -183.210643   90.355510    0.000000  3.326536e-02  0.000000e+00
  0.592153  -183.388647   90.196989    0.000000  3.972486e-02  0.000000e+00
  0.592411  -183.564463   90.037412    0.000000  4.615175e-02  0.000000e+00
  0.592669  -183.737774   89.876619    0.000000  5.252465e-02  0.000000e+00
  0.592927  -183.908279   89.714454    0.000000  5.881362e-02  0.000000e+00
  0.593185  -184.075690   89.550771    0.000000  6.497930e-02  0.000000e+00
  0.593443  -184.239740   89.385434    0.000000  7.097230e-02  0.000000e+00
  0.593702  -184.400180   89.218316    0.000000  7.673300e-02  0.000000e+00
  0.593960  -184.556782   89.049300    0.000000  8.219624e-02  0.000000e+00
  0.594218  -184.709342   88.878280    0.000000  8.732106e-02  0.000000e+00
  0.594476  -184.857677   88.705163    0.000000  9.207605e-02  0.000000e+00
  0.594734  -185.001628   88.529868    0.000000  9.642754e-02  0.000000e+00
  0.594992  -185.141056   88.352322    0.000000  1.003412e-01  0.000000e+00
  0.595250  -185.275843   88.172465    0.000000  1.037838e-01  0.000000e+00
  0.595509  -185.405891   87.990246    0.000000  1.067251e-01  0.000000e+00
  0.595767  -185.531120   87.805624    0.000000  1.091393e-01  0.000000e+00
  0.596025  -185.651470   87.618568    0.000000  1.110067e-01  0.000000e+00
  0.596283  -185.766896   87.429054    0.000000  1.123150e-01  0.000000e+00
  0.596541  -185.877372   87.237071    0.000000  1.130599e-01  0.000000e+00
  0.596799  -185.982887   87.042613    0.000000  1.132462e-01  0.000000e+00
  0.597057  -186.083445   86.845683    0.000000  1.128869e-01  0.000000e+00
  0.597315  -186.179064   86.646293    0.000000  1.120041e-01  0.000000e+00
  0.597574  -186.269777   86.444460    0.000000  1.106270e-01  0.000000e+00
  0.597832  -186.355628   86.240211    0.000000  1.087919e-01  0.000000e+00
  0.598090  -186.436675   86.033578    0.000000  1.065404e-01  0.000000e+00
  0.598348  -186.512987   85.824599    0.000000  1.039179e-01  0.000000e+00
  0.598606  -186.584641   85.613320    0.000000  1.009726e-01  0.000000e+00
  0.598864  -186.651727   85.399792    0.000000  9.775367e-02  0.000000e+00
  0.599122  -186.714344   85.184070    0.000000  9.431010e-02  0.000000e+00
  0.599380  -186.772596   84.966216    0.000000  9.068958e-02  0.000000e+00
  0.599639  -186.826598   84.746297    0.000000  8.693753e-02  0.000000e+00
  0.599897  -186.876469   84.524382    0.000000  8.309640e-02  0.000000e+00
  0.600155  -186.922337   84.300546    0.000000  7.920516e-02  0.000000e+00
  0.600413  -186.964332   84.074867    0.000000  7.529898e-02  0.000000e+00
  0.600671  -187.002590   83.847427    0.000000  7.140917e-02  0.000000e+00
  0.600929  -187.037252   83.618310    0.000000  6.756315e-02  0.000000e+00
  0.601187  -187.068459   83.387605    0.000000  6.378465e-02  0.000000e+00
  0.601446  -187.096356   83.155401    0.000000  6.009391e-02  0.000000e+00
  0.601704  -187.121090   82.921790    0.000000  5.650805e-02  0.000000e+00
  0.601962  -187.142806   82.686865    0.000000  5.304138e-02  0.000000e+00
  0.602220  -187.161651   82.450721    0.000000  4.970578e-02  0.000000e+00
  0.602478  -187.177771   82.213455    0.000000  4.651108e-02  0.000000e+00
  0.602736  -187.191309   81.975163    0.000000  4.346545e-02  0.000000e+00
  0.602994  -187.202406   81.735941    0.000000  4.057573e-02  0.000000e+00
  0.603252  -187.211202   81.495888    0.000000  3.784778e-02  0.000000e+00
  0.603511  -187.217829   81.255099    0.000000  3.528677e-02  0.000000e+00
  0.603769  -187.222417   81.013670    0.000000  3.289747e-02  0.000000e+00
  0.604027  -187.225090   80.771698    0.000000  3.068453e-02  0.000000e+00
  0.604285  -187.225966   80.529274    0.000000  2.865265e-02  0.000000e+00
  0.604543  -187.225154   80.286492    0.000000  2.680680e-02  0.000000e+00
  0.604801  -187.222758   80.043440    0.000000  2.515243e-02  0.000000e+00
  0.605059  -187.218871   79.800207    0.000000  2.369555e-02  0.000000e+00
  0.605318  -187.213577   79.556878    0.000000  2.244290e-02  0.000000e+00
  0.605576  -187.206953   79.313533    0.000000  2.140178e-02  0.000000e+00
  0.605834  -187.199060   79.070252    0.000000  2.057189e-02  0.000000e+00
  0.606092  -187.189953   78.827110    0.000000  1.994324e-02  0.000000e+00
  0.606350  -187.179672   78.584178    0.000000  1.950619e-02  0.000000e+00
  0.606608  -187.168249   78.341523    0.000000  1.925191e-02  0.000000e+00
  0.606866  -187.155706   78.099212    0.000000  1.917234e-02  0.000000e+00
  0.607124  -187.142055   77.857305    0.000000  1.926000e-02  0.000000e+00
  0.607383  -187.127300   77.615861    0.000000  1.950797e-02  0.000000e+00
  0.607641  -187.111436   77.374935    0.000000  1.990970e-02  0.000000e+00
  0.607899  -187.094448   77.134580    0.000000  2.045899e-02  0.000000e+00
  0.608157  -187.076318   76.894846    0.000000  2.114983e-02  0.000000e+00
  0.608415  -187.057015   76.655779    0.000000  2.197637e-02  0.000000e+00
  0.608673  -187.036506   76.417424    0.000000  2.293278e-02  0.000000e+00
  0.608931  -187.014749   76.179823    0.000000  2.401323e-02  0.000000e+00
  0.609189  -186.991697   75.943015    0.000000  2.521175e-02  0.000000e+00
  0.609448  -186.967298   75.707036    0.000000  2.652218e-02  0.000000e+00
  0.609706  -186.941494   75.471922    0.000000  2.793809e-02  0.000000e+00
  0.609964  -186.914222   75.237704    0.000000  2.945271e-02  0.000000e+00
  0.610222  -186.885417   75.004413    0.000000  3.105888e-02  0.000000e+00
  0.610480  -186.855009   74.772076    0.000000  3.274895e-02  0.000000e+00
  0.610738  -186.822924   74.540721    0.000000  3.451475e-02  0.000000e+00
  0.610996  -186.789087   74.310371    0.000000  3.634753e-02  0.000000e+00
  0.611255  -186.753419   74.081048    0.000000  3.823792e-02  0.000000e+00
  0.611513  -186.715839   73.852775    0.000000  4.017589e-02  0.000000e+00
  0.611771  -186.676265   73.625569    0.000000  4.215075e-02  0.000000e+00
  0.612029  -186.634616   73.399449    0.000000  4.415113e-02  0.000000e+00
  0.612287  -186.590807   73.174431    0.000000  4.616499e-02  0.000000e+00
  0.612545  -186.544754   72.950530    0.000000  4.817968e-02  0.000000e+00
  0.612803  -186.496375   72.727760    0.000000  5.018195e-02  0.000000e+00
  0.613061  -186.445585   72.506133    0.000000  5.215805e-02  0.000000e+00
  0.613320  -186.392305   72.285660    0.000000  5.409383e-02  0.000000e+00
  0.613578  -186.336453   72.066353    0.000000  5.597483e-02  0.000000e+00
  0.613836  -186.277951   71.848221    0.000000  5.778647e-02  0.000000e+00
  0.614094  -186.216724   71.631273    0.000000  5.951416e-02  0.000000e+00
  0.614352  -186.152700   71.415516    0.000000  6.114350e-02  0.000000e+00
  0.614610  -186.085808   71.200959    0.000000  6.266049e-02  0.000000e+00
  0.614868  -186.015984   70.987608    0.000000  6.405171e-02  0.000000e+00
  0.615126  -185.943165   70.775470    0.000000  6.530454e-02  0.000000e+00
  0.615385  -185.867295   70.564550    0.000000  6.640734e-02  0.000000e+00
  0.615643  -185.788323   70.354856    0.000000  6.734967e-02  0.000000e+00
  0.615901  -185.706202   70.146391    0.000000  6.812244e-02  0.000000e+00
  0.616159  -185.620892   69.939163    0.000000  6.871806e-02  0.000000e+00
  0.616417  -185.532360   69.733177    0.000000  6.913059e-02  0.000000e+00
  0.616675  -185.440578   69.528437    0.000000  6.935577e-02  0.000000e+00
  0.616933  -185.345527   69.324951    0.000000  6.939108e-02  0.000000e+00
  0.617192  -185.247194   69.122724    0.000000  6.923577e-02  0.000000e+00
  0.617450  -185.145577   68.921762    0.000000  6.889319e-02  0.000000e+00
  0.617708  -185.040679   68.722073    0.000000  6.837725e-02  0.000000e+00
  0.617966  -184.932514   68.523663    0.000000  6.770444e-02  0.000000e+00
  0.618224  -184.821102   68.326541    0.000000  6.689128e-02  0.000000e+00
  0.618482  -184.706470   68.130714    0.000000  6.595416e-02  0.000000e+00
  0.618740  -184.588655   67.936191    0.000000  6.490913e-02  0.000000e+00
  0.618998  -184.467695   67.742979    0.000000  6.377173e-02  0.000000e+00
  0.619257  -184.343640   67.551088    0.000000  6.255688e-02  0.000000e+00
  0.619515  -184.216541   67.360528    0.000000  6.127875e-02  0.000000e+00
  0.619773  -184.086457   67.171306    0.000000  5.995071e-02  0.000000e+00
  0.620031  -183.953450   66.983432    0.000000  5.858526e-02  0.000000e+00
  0.620289  -183.817587   66.796917    0.000000  5.719399e-02  0.000000e+00
  0.620547  -183.678940   66.611769    0.000000  5.578759e-02  0.000000e+00
  0.620805  -183.537581   66.427998    0.000000  5.437584e-02  0.000000e+00
  0.621064  -183.393589   66.245613    0.000000  5.296765e-02  0.000000e+00
  0.621322  -183.247044   66.064625    0.000000  5.157108e-02  0.000000e+00
  0.621580  -183.098027   65.885044    0.000000  5.019340e-02  0.000000e+00
  0.621838  -182.946623   65.706877    0.000000  4.884111e-02  0.000000e+00
  0.622096  -182.792917   65.530136    0.000000  4.752006e-02  0.000000e+00
  0.622354  -182.636995   65.354830    0.000000  4.623544e-02  0.000000e+00
  0.622612  -182.478943   65.180967    0.000000  4.499189e-02  0.000000e+00
  0.622870  -182.318847   65.008557    0.000000  4.379353e-02  0.000000e+00
  0.623129  -182.156795   64.837609    0.000000  4.264405e-02  0.000000e+00
  0.623387  -181.992871   64.668131    0.000000  4.154675e-02  0.000000e+00
  0.623645  -181.827160   64.500131    0.000000  4.050459e-02  0.000000e+00
  0.623903  -181.659743   64.333618    0.000000  3.952024e-02  0.000000e+00
  0.624161  -181.490701   64.168599    0.000000  3.859615e-02  0.000000e+00
  0.624419  -181.320113   64.005081    0.000000  3.773453e-02  0.000000e+00
  0.624677  -181.148052   63.843072    0.000000  3.693746e-02  0.000000e+00
  0.624935  -180.974590   63.682578    0.000000  3.620687e-02  0.000000e+00
  0.625194  -180.799796   63.523604    0.000000  3.554412e-02  0.000000e+00
  0.625452  -180.623731   63.366157    0.000000  3.494688e-02  0.000000e+00
  0.625710  -180.446456   63.210242    0.000000  3.441110e-02  0.000000e+00
  0.625968  -180.268025   63.055862    0.000000  3.393298e-02  0.000000e+00
  0.626226  -180.088490   62.903022    0.000000  3.350892e-02  0.000000e+00
  0.626484  -179.907897   62.751727    0.000000  3.313552e-02  0.000000e+00
  0.626742  -179.726291   62.601978    0.000000  3.280956e-02  0.000000e+00
  0.627001  -179.543711   62.453780    0.000000  3.252795e-02  0.000000e+00
  0.627259  -179.360194   62.307134    0.000000  3.228778e-02  0.000000e+00
  0.627517  -179.175773   62.162043    0.000000  3.208623e-02  0.000000e+00
  0.627775  -178.990478   62.018509    0.000000  3.192059e-02  0.000000e+00
  0.628033  -178.804336   61.876533    0.000000  3.178827e-02  0.000000e+00
  0.628291  -178.617371   61.736116    0.000000  3.168673e-02  0.000000e+00
  0.628549  -178.429605   61.597260    0.000000  3.161356e-02  0.000000e+00
  0.628807  -178.241055   61.459965    0.000000  3.156637e-02  0.000000e+00
  0.629066  -178.051738   61.324233    0.000000  3.154286e-02  0.000000e+00
  0.629324  -177.861667   61.190062    0.000000  3.154080e-02  0.000000e+00
  0.629582  -177.670855   61.057453    0.000000  3.155801e-02  0.000000e+00
  0.629840  -177.479310   60.926407    0.000000  3.159236e-02  0.000000e+00
  0.630098  -177.287040   60.796923    0.000000  3.164178e-02  0.000000e+00
  0.630356  -177.094050   60.669000    0.000000  3.170426e-02  0.000000e+00
  0.630614  -176.900344   60.542639    0.000000  3.177784e-02  0.000000e+00
  0.630872  -176.705925   60.417838    0.000000  3.186064e-02  0.000000e+00
  0.631131  -176.510793   60.294598    0.000000  3.195081e-02  0.000000e+00
  0.631389  -176.314947   60.172917    0.000000  3.204658e-02  0.000000e+00
  0.631647  -176.118387   60.052794    0.000000  3.214627e-02  0.000000e+00
  0.631905  -175.921108   59.934229    0.000000  3.224824e-02  0.000000e+00
  0.632163  -175.723108   59.817222    0.000000  3.235095e-02  0.000000e+00
  0.632421  -175.524382   59.701771    0.000000  3.245294e-02  0.000000e+00
  0.632679  -175.324925   59.587876    0.000000  3.255283e-02  0.000000e+00
  0.632938  -175.124731   59.475536    0.000000  3.264935e-02  0.000000e+00
  0.633196  -174.923794   59.364751    0.000000  3.274131e-02  0.000000e+00
  0.633454  -174.722108   59.255521    0.000000  3.282765e-02  0.000000e+00
  0.633712  -174.519667   59.147844    0.000000  3.290738e-02  0.000000e+00
  0.633970  -174.316465   59.041721    0.000000  3.297967e-02  0.000000e+00
  0.634228  -174.112494   58.937152    0.000000  3.304377e-02  0.000000e+00
  0.634486  -173.907750   58.834137    0.000000  3.309905e-02  0.000000e+00
  0.634744  -173.702227   58.732677    0.000000  3.314504e-02  0.000000e+00
  0.635003  -173.495919   58.632771    0.000000  3.318135e-02  0.000000e+00
  0.635261  -173.288824   58.534422    0.000000  3.320773e-02  0.000000e+00
  0.635519  -173.080936   58.437629    0.000000  3.322408e-02  0.000000e+00
  0.635777  -172.872255   58.342395    0.000000  3.323039e-02  0.000000e+00
  0.636035  -172.662778   58.248720    0.000000  3.322680e-02  0.000000e+00
  0.636293  -172.452505   58.156607    0.000000  3.321357e-02  0.000000e+00
  0.636551  -172.241439   58.066059    0.000000  3.319108e-02  0.000000e+00
  0.636809  -172.029580   57.977077    0.000000  3.315985e-02  0.000000e+00
  0.637068  -171.816934   57.889666    0.000000  3.312079e-02  0.000000e+00
  0.637326  -171.603507   57.803827    0.000000  3.307527e-02  0.000000e+00
  0.637584  -171.389306   57.719566    0.000000  3.302465e-02  0.000000e+00
  0.637842  -171.174341   57.636886    0.000000  3.297020e-02  0.000000e+00
  0.638100  -170.958622   57.555791    0.000000  3.291310e-02  0.000000e+00
  0.638358  -170.742160   57.476287    0.000000  3.285449e-02  0.000000e+00
  0.638616  -170.524970   57.398378    0.000000  3.279542e-02  0.000000e+00
  0.638875  -170.307066   57.322069    0.000000  3.273685e-02  0.000000e+00
  0.639133  -170.088463   57.247366    0.000000  3.267970e-02  0.000000e+00
  0.639391  -169.869178   57.174275    0.000000  3.262479e-02  0.000000e+00
  0.639649  -169.649230   57.102801    0.000000  3.257287e-02  0.000000e+00
  0.639907  -169.428635   57.032951    0.000000  3.252463e-02  0.000000e+00
  0.640165  -169.207415   56.964731    0.000000  3.248069e-02  0.000000e+00
  0.640423  -168.985589   56.898147    0.000000  3.244159e-02  0.000000e+00
  0.640681  -168.763178   56.833205    0.000000  3.240781e-02  0.000000e+00
  0.640940  -168.540204   56.769912    0.000000  3.237977e-02  0.000000e+00
  0.641198  -168.316689   56.708274    0.000000  3.235779e-02  0.000000e+00
  0.641456  -168.092656   56.648299    0.000000  3.234218e-02  0.000000e+00
  0.641714  -167.868127   56.589993    0.000000  3.233314e-02  0.000000e+00
  0.641972  -167.643125   56.533362    0.000000  3.233083e-02  0.000000e+00
  0.642230  -167.417675   56.478414    0.000000  3.233534e-02  0.000000e+00
  0.642488  -167.191799   56.425154    0.000000  3.234669e-02  0.000000e+00
  0.642747  -166.965522   56.373589    0.000000  3.236485e-02  0.000000e+00
  0.643005  -166.738868   56.323727    0.000000  3.238972e-02  0.000000e+00
  0.643263  -166.511859   56.275572    0.000000  3.242114e-02  0.000000e+00
  0.643521  -166.284520   56.229132    0.000000  3.245889e-02  0.000000e+00
  0.643779  -166.056874   56.184412    0.000000  3.250267e-02  0.000000e+00
  0.644037  -165.828944   56.141419    0.000000  3.255214e-02  0.000000e+00
  0.644295  -165.600753   56.100158    0.000000  3.260688e-02  0.000000e+00
  0.644553  -165.372322   56.060635    0.000000  3.266641e-02  0.000000e+00
  0.644812  -165.143674   56.022855    0.000000  3.273016e-02  0.000000e+00
  0.645070  -164.914829   55.986823    0.000000  3.279753e-02  0.000000e+00
  0.645328  -164.685808   55.952545    0.000000  3.286783e-02  0.000000e+00
  0.645586  -164.456630   55.920024    0.000000  3.294029e-02  0.000000e+00
  0.645844  -164.227315   55.889264    0.000000  3.301409e-02  0.000000e+00
  0.646102  -163.997880   55.860271    0.000000  3.308832e-02  0.000000e+00
  0.646360  -163.768342   55.833047    0.000000  3.316201e-02  0.000000e+00
  0.646618  -163.538717   55.807595    0.000000  3.323411e-02  0.000000e+00
  0.646877  -163.309019   55.783919    0.000000  3.330349e-02  0.000000e+00
  0.647135  -163.079263   55.762021    0.000000  3.336896e-02  0.000000e+00
  0.647393  -162.849460   55.741902    0.000000  3.342925e-02  0.000000e+00
  0.647651  -162.619621   55.723565    0.000000  3.348302e-02  0.000000e+00
  0.647909  -162.389756   55.707009    0.000000  3.352885e-02  0.000000e+00
  0.648167  -162.159872   55.692237    0.000000  3.356527e-02  0.000000e+00
  0.648425  -161.929976   55.679247    0.000000  3.359072e-02  0.000000e+00
  0.648684  -161.700072   55.668040    0.000000  3.360389e-02  0.000000e+00
  0.648942  -161.470163   55.658614    0.000000  3.360486e-02  0.000000e+00
  0.649200  -161.240252   55.650968    0.000000  3.359425e-02  0.000000e+00
  0.649458  -161.010336   55.645100    0.000000  3.357287e-02  0.000000e+00
  0.649716  -160.780417   55.641008    0.000000  3.354172e-02  0.000000e+00
  0.649974  -160.550490   55.638689    0.000000  3.350198e-02  0.000000e+00
  0.650232  -160.320553   55.638142    0.000000  3.345500e-02  0.000000e+00
  0.650490  -160.090603   55.639364    0.000000  3.340232e-02  0.000000e+00
  0.650749  -159.860636   55.642352    0.000000  3.334565e-02  0.000000e+00
  0.651007  -159.630646   55.647105    0.000000  3.328683e-02  0.000000e+00
  0.651265  -159.400630   55.653621    0.000000  3.322790e-02  0.000000e+00
  0.651523  -159.170584   55.661899    0.000000  3.317102e-02  0.000000e+00
  0.651781  -158.940502   55.671939    0.000000  3.311849e-02  0.000000e+00
  0.652039  -158.710383   55.683740    0.000000  3.307277e-02  0.000000e+00
  0.652297  -158.480222   55.697303    0.000000  3.303640e-02  0.000000e+00
  0.652555  -158.250019   55.712629    0.000000  3.301208e-02  0.000000e+00
  0.652814  -158.019772   55.729721    0.000000  3.300259e-02  0.000000e+00
  0.653072  -157.789481   55.748583    0.000000  3.301085e-02  0.000000e+00
  0.653330  -157.559150   55.769219    0.000000  3.303985e-02  0.000000e+00
  0.653588  -157.328780   55.791634    0.000000  3.309270e-02  0.000000e+00
  0.653846  -157.098378   55.815837    0.000000  3.317258e-02  0.000000e+00
  0.654104  -156.867950   55.841835    0.000000  3.328278e-02  0.000000e+00
  0.654362  -156.637506   55.869639    0.000000  3.342670e-02  0.000000e+00
  0.654621  -156.407059   55.899260    0.000000  3.360782e-02  0.000000e+00
  0.654879  -156.176622   55.930712    0.000000  3.382972e-02  0.000000e+00
  0.655137  -155.946213   55.964009    0.000000  3.409612e-02  0.000000e+00
  0.655395  -155.715853   55.999170    0.000000  3.441083e-02  0.000000e+00
  0.655653  -155.485563   56.036213    0.000000  3.477782e-02  0.000000e+00
  0.655911  -155.255372   56.075160    0.000000  3.520119e-02  0.000000e+00
  0.656169  -155.025308   56.116033    0.000000  3.568520e-02  0.000000e+00
  0.656427  -154.795407   56.158860    0.000000  3.623395e-02  0.000000e+00
  0.656686  -154.565706   56.203667    0.000000  3.684747e-02  0.000000e+00
  0.656944  -154.336246   56.250486    0.000000  3.752328e-02  0.000000e+00
  0.657202  -154.107072   56.299349    0.000000  3.825877e-02  0.000000e+00
  0.657460  -153.878233   56.350290    0.000000  3.905125e-02  0.000000e+00
  0.657718  -153.649780   56.403346    0.000000  3.989796e-02  0.000000e+00
  0.657976  -153.421767   56.458554    0.000000  4.079603e-02  0.000000e+00
  0.658234  -153.194251   56.515952    0.000000  4.174249e-02  0.000000e+00
  0.658493  -152.967291   56.575581    0.000000  4.273424e-02  0.000000e+00
  0.658751  -152.740948   56.637481    0.000000  4.376801e-02  0.000000e+00
  0.659009  -152.515285   56.701693    0.000000  4.484034e-02  0.000000e+00
  0.659267  -152.290367   56.768259    0.000000  4.594760e-02  0.000000e+00
  0.659525  -152.066259   56.837220    0.000000  4.708590e-02  0.000000e+00
  0.659783  -151.843029   56.908618    0.000000  4.825110e-02  0.000000e+00
  0.660041  -151.620743   56.982493    0.000000  4.943875e-02  0.000000e+00
  0.660299  -151.399471   57.058888    0.000000  5.064411e-02  0.000000e+00
  0.660558  -151.179282   57.137842    0.000000  5.186211e-02  0.000000e+00
  0.660816  -150.960243   57.219394    0.000000  5.308729e-02  0.000000e+00
  0.661074  -150.742423   57.303583    0.000000  5.431383e-02  0.000000e+00
  0.661332  -150.525892   57.390445    0.000000  5.553553e-02  0.000000e+00
  0.661590  -150.310716   57.480015    0.000000  5.674577e-02  0.000000e+00
  0.661848  -150.096962   57.572326    0.000000  5.793755e-02  0.000000e+00
  0.662106  -149.884696   57.667411    0.000000  5.910347e-02  0.000000e+00
  0.662364  -149.673983   57.765298    0.000000  6.023574e-02  0.000000e+00
  0.662623  -149.464884   57.866014    0.000000  6.132624e-02  0.000000e+00
  0.662881  -149.257461   57.969583    0.000000  6.236649e-02  0.000000e+00
  0.663139  -149.051773   58.076027    0.000000  6.334776e-02  0.000000e+00
  0.663397  -148.847875   58.185364    0.000000  6.426107e-02  0.000000e+00
  0.663655  -148.645821   58.297609    0.000000  6.509728e-02  0.000000e+00
  0.663913  -148.445663   58.412773    0.000000  6.584713e-02  0.000000e+00
  0.664171  -148.247448   58.530865    0.000000  6.650147e-02  0.000000e+00
  0.664430  -148.051221   58.651887    0.000000  6.705539e-02  0.000000e+00
  0.664688  -147.857022   58.775841    0.000000  6.750939e-02  0.000000e+00
  0.664946  -147.664890   58.902722    0.000000  6.786483e-02  0.000000e+00
  0.665204  -147.474860   59.032523    0.000000  6.812356e-02  0.000000e+00
  0.665462  -147.286963   59.165233    0.000000  6.828799e-02  0.000000e+00
  0.665720  -147.101229   59.300836    0.000000  6.836102e-02  0.000000e+00
  0.665978  -146.917683   59.439316    0.000000  6.834611e-02  0.000000e+00
  0.666236  -146.736351   59.580651    0.000000  6.824718e-02  0.000000e+00
  0.666495  -146.557255   59.724817    0.000000  6.806861e-02  0.000000e+00
  0.666753  -146.380413   59.871787    0.000000  6.781521e-02  0.000000e+00
  0.667011  -146.205843   60.021532    0.000000  6.749217e-02  0.000000e+00
  0.667269  -146.033563   60.174019    0.000000  6.710500e-02  0.000000e+00
  0.667527  -145.863585   60.329213    0.000000  6.665951e-02  0.000000e+00
  0.667785  -145.695924   60.487078    0.000000  6.616175e-02  0.000000e+00
  0.668043  -145.530591   60.647575    0.000000  6.561792e-02  0.000000e+00
  0.668301  -145.367596   60.810661    0.000000  6.503439e-02  0.000000e+00
  0.668560  -145.206949   60.976293    0.000000  6.441760e-02  0.000000e+00
  0.668818  -145.048659   61.144427    0.000000  6.377403e-02  0.000000e+00
  0.669076  -144.892735   61.315016    0.000000  6.311018e-02  0.000000e+00
  0.669334  -144.739183   61.488011    0.000000  6.243250e-02  0.000000e+00
  0.669592  -144.588012   61.663364    0.000000  6.174736e-02  0.000000e+00
  0.669850  -144.439228   61.841022    0.000000  6.106107e-02  0.000000e+00
  0.670108  -144.292839   62.020935    0.000000  6.037980e-02  0.000000e+00
  0.670367  -144.148853   62.203049    0.000000  5.970958e-02  0.000000e+00
  0.670625  -144.007277   62.387311    0.000000  5.905632e-02  0.000000e+00
  0.670883  -143.868119   62.573665    0.000000  5.842573e-02  0.000000e+00
  0.671141  -143.731389   62.762058    0.000000  5.782340e-02  0.000000e+00
  0.671399  -143.597097   62.952433    0.000000  5.725473e-02  0.000000e+00
  0.671657  -143.465253   63.144735    0.000000  5.672496e-02  0.000000e+00
  0.671915  -143.335869   63.338909    0.000000  5.623919e-02  0.000000e+00
  0.672173  -143.208959   63.534898    0.000000  5.580234e-02  0.000000e+00
  0.672432  -143.084538   63.732646    0.000000  5.541922e-02  0.000000e+00
  0.672690  -142.962621   63.932098    0.000000  5.509446e-02  0.000000e+00
  0.672948  -142.843228   64.133200    0.000000  5.483262e-02  0.000000e+00
  0.673206  -142.726378   64.335896    0.000000  5.463808e-02  0.000000e+00
  0.673464  -142.612094   64.540133    0.000000  5.451516e-02  0.000000e+00
  0.673722  -142.500401   64.745857    0.000000  5.446804e-02  0.000000e+00
  0.673980  -142.391326   64.953017    0.000000  5.450082e-02  0.000000e+00
  0.674239  -142.284899   65.161561    0.000000  5.461750e-02  0.000000e+00
  0.674497  -142.181152   65.371441    0.000000  5.482195e-02  0.000000e+00
  0.674755  -142.080121   65.582606    0.000000  5.511797e-02  0.000000e+00
  0.675013  -141.981844   65.795011    0.000000  5.550920e-02  0.000000e+00
  0.675271  -141.886364   66.008611    0.000000  5.599916e-02  0.000000e+00
  0.675529  -141.793726   66.223361    0.000000  5.659118e-02  0.000000e+00
  0.675787  -141.703979   66.439220    0.000000  5.728840e-02  0.000000e+00
  0.676045  -141.617175   66.656148    0.000000  5.809165e-02  0.000000e+00
  0.676304  -141.533372   66.874109    0.000000  5.899389e-02  0.000000e+00
  0.676562  -141.452629   67.093065    0.000000  5.998614e-02  0.000000e+00
  0.676820  -141.375011   67.312985    0.000000  6.105927e-02  0.000000e+00
  0.677078  -141.300582   67.533834    0.000000  6.220400e-02  0.000000e+00
  0.677336  -141.229412   67.755582    0.000000  6.341085e-02  0.000000e+00
  0.677594  -141.161572   67.978198    0.000000  6.467017e-02  0.000000e+00
  0.677852  -141.097135   68.201652    0.000000  6.597211e-02  0.000000e+00
  0.678110  -141.036174   68.425914    0.000000  6.730670e-02  0.000000e+00
  0.678369  -140.978764   68.650955    0.000000  6.866378e-02  0.000000e+00
  0.678627  -140.924982   68.876746    0.000000  7.003313e-02  0.000000e+00
  0.678885  -140.874904   69.103256    0.000000  7.140446e-02  0.000000e+00
  0.679143  -140.828606   69.330455    0.000000  7.276749e-02  0.000000e+00
  0.679401  -140.786164   69.558310    0.000000  7.411203e-02  0.000000e+00
  0.679659  -140.747654   69.786789    0.000000  7.542803e-02  0.000000e+00
  0.679917  -140.713149   70.015858    0.000000  7.670573e-02  0.000000e+00
  0.680176  -140.682723   70.245480    0.000000  7.793571e-02  0.000000e+00
  0.680434  -140.656445   70.475617    0.000000  7.910902e-02  0.000000e+00
  0.680692  -140.634386   70.706229    0.000000  8.021730e-02  0.000000e+00
  0.680950  -140.616612   70.937273    0.000000  8.125286e-02  0.000000e+00
  0.681208  -140.603186   71.168703    0.000000  8.220884e-02  0.000000e+00
  0.681466  -140.594169   71.400470    0.000000  8.307930e-02  0.000000e+00
  0.681724  -140.589617   71.632523    0.000000  8.385929e-02  0.000000e+00
  0.681982  -140.589584   71.864806    0.000000  8.454498e-02  0.000000e+00
  0.682241  -140.594119   72.097260    0.000000  8.513371e-02  0.000000e+00
  0.682499  -140.603264   72.329821    0.000000  8.562407e-02  0.000000e+00
  0.682757  -140.617061   72.562421    0.000000  8.601591e-02  0.000000e+00
  0.683015  -140.635541   72.794989    0.000000  8.631041e-02  0.000000e+00
  0.683273  -140.658735   73.027446    0.000000  8.651005e-02  0.000000e+00
  0.683531  -140.686663   73.259712    0.000000  8.661859e-02  0.000000e+00
  0.683789  -140.719342   73.491697    0.000000  8.664166e-02  0.000000e+00
  0.684047  -140.756780   73.723308    0.000000  8.659052e-02  0.000000e+00
  0.684306  -140.798981   73.954448    0.000000  8.647829e-02  0.000000e+00
  0.684564  -140.845939   74.185014    0.000000  8.631710e-02  0.000000e+00
  0.684822  -140.897646   74.414896    0.000000  8.611802e-02  0.000000e+00
  0.685080  -140.954084   74.643986    0.000000  8.589100e-02  0.000000e+00
  0.685338  -141.015232   74.872169    0.000000  8.564490e-02  0.000000e+00
  0.685596  -141.081062   75.099327    0.000000  8.538741e-02  0.000000e+00
  0.685854  -141.151541   75.325344    0.000000  8.512509e-02  0.000000e+00
  0.686113  -141.226630   75.550099    0.000000  8.486339e-02  0.000000e+00
  0.686371  -141.306288   75.773471    0.000000  8.460663e-02  0.000000e+00
  0.686629  -141.390467   75.995340    0.000000  8.435802e-02  0.000000e+00
  0.686887  -141.479113   76.215584    0.000000  8.411971e-02  0.000000e+00
  0.687145  -141.572171   76.434085    0.000000  8.389275e-02  0.000000e+00
  0.687403  -141.669580   76.650724    0.000000  8.367715e-02  0.000000e+00
  0.687661  -141.771275   76.865385    0.000000  8.347186e-02  0.000000e+00
  0.687919  -141.877190   77.077953    0.000000  8.327483e-02  0.000000e+00
  0.688178  -141.987251   77.288318    0.000000  8.308295e-02  0.000000e+00
  0.688436  -142.101385   77.496372    0.000000  8.289211e-02  0.000000e+00
  0.688694  -142.219514   77.702014    0.000000  8.269719e-02  0.000000e+00
  0.688952  -142.341558   77.905144    0.000000  8.249206e-02  0.000000e+00
  0.689210  -142.467434   78.105670    0.000000  8.226959e-02  0.000000e+00
  0.689468  -142.597056   78.303504    0.000000  8.202167e-02  0.000000e+00
  0.689726  -142.730338   78.498566    0.000000  8.173921e-02  0.000000e+00
  0.689985  -142.867190   78.690783    0.000000  8.141219e-02  0.000000e+00
  0.690243  -143.007522   78.880087    0.000000  8.102965e-02  0.000000e+00
  0.690501  -143.151241   79.066422    0.000000  8.057977e-02  0.000000e+00
  0.690759  -143.298253   79.249737    0.000000  8.004989e-02  0.000000e+00
  0.691017  -143.448464   79.429993    0.000000  7.942661e-02  0.000000e+00
  0.691275  -143.601779   79.607158    0.000000  7.869584e-02  0.000000e+00
  0.691533  -143.758102   79.781214    0.000000  7.784311e-02  0.000000e+00
  0.691791  -143.917336   79.952149    0.000000  7.685798e-02  0.000000e+00
  0.692050  -144.079385   80.119967    0.000000  7.573527e-02  0.000000e+00
  0.692308  -144.244152   80.284679    0.000000  7.447141e-02  0.000000e+00
  0.692566  -144.411541   80.446308    0.000000  7.306422e-02  0.000000e+00
  0.692824  -144.581453   80.604885    0.000000  7.151287e-02  0.000000e+00
  0.693082  -144.753792   80.760452    0.000000  6.981785e-02  0.000000e+00
  0.693340  -144.928459   80.913060    0.000000  6.798088e-02  0.000000e+00
  0.693598  -145.105359   81.062769    0.000000  6.600485e-02  0.000000e+00
  0.693856  -145.284392   81.209646    0.000000  6.389368e-02  0.000000e+00
  0.694115  -145.465461   81.353766    0.000000  6.165220e-02  0.000000e+00
  0.694373  -145.648468   81.495213    0.000000  5.928608e-02  0.000000e+00
  0.694631  -145.833315   81.634077    0.000000  5.680162e-02  0.000000e+00
  0.694889  -146.019905   81.770455    0.000000  5.420568e-02  0.000000e+00
  0.695147  -146.208138   81.904450    0.000000  5.150551e-02  0.000000e+00
  0.695405  -146.397919   82.036173    0.000000  4.870865e-02  0.000000e+00
  0.695663  -146.589148   82.165738    0.000000  4.582282e-02  0.000000e+00
  0.695922  -146.781728   82.293265    0.000000  4.285580e-02  0.000000e+00
  0.696180  -146.975561   82.418881    0.000000  3.981534e-02  0.000000e+00
  0.696438  -147.170549   82.542715    0.000000  3.670909e-02  0.000000e+00
  0.696696  -147.366596   82.664900    0.000000  3.354455e-02  0.000000e+00
  0.696954  -147.563603   82.785575    0.000000  3.032902e-02  0.000000e+00
  0.697212  -147.761474   82.904880    0.000000  2.706954e-02  0.000000e+00
  0.697470  -147.960112   83.022960    0.000000  2.377292e-02  0.000000e+00
  0.697728  -148.159420   83.139962    0.000000  2.044571e-02  0.000000e+00
  0.697987  -148.359300   83.256033    0.000000  1.709423e-02  0.000000e+00
  0.698245  -148.559658   83.371325    0.000000  1.372455e-02  0.000000e+00
  0.698503  -148.760397   83.485991    0.000000  1.034257e-02  0.000000e+00
  0.698761  -148.961422   83.600183    0.000000  6.954008e-03  0.000000e+00
  0.699019  -149.162636   83.714055    0.000000  3.564486e-03  0.000000e+00
  0.699277  -149.363946   83.827762    0.000000  1.795412e-04  0.000000e+00
  0.699535  -149.565255   83.941458    0.000000  -3.195881e-03  0.000000e+00
  0.699793  -149.766470   84.055298    0.000000  -6.558003e-03  0.000000e+00
  0.700052  -149.967497   84.169433    0.000000  -9.903137e-03  0.000000e+00
  0.700310  -150.168242   84.284016    0.000000  -1.322751e-02  0.000000e+00
  0.700568  -150.368611   84.399198    0.000000  -1.652724e-02  0.000000e+00
  0.700826  -150.568511   84.515128    0.000000  -1.979830e-02  0.000000e+00
  0.701084  -150.767848   84.631954    0.000000  -2.303652e-02  0.000000e+00
  0.701342  -150.966528   84.749819    0.000000  -2.623756e-02  0.000000e+00
  0.701600  -151.164457   84.868867    0.000000  -2.939695e-02  0.000000e+00
  0.701859  -151.361543   84.989236    0.000000  -3.251002e-02  0.000000e+00
  0.702117  -151.557690   85.111064    0.000000  -3.557198e-02  0.000000e+00
  0.702375  -151.752804   85.234481    0.000000  -3.857793e-02  0.000000e+00
  0.702633  -151.946791   85.359618    0.000000  -4.152289e-02  0.000000e+00
  0.702891  -152.139556   85.486598    0.000000  -4.440183e-02  0.000000e+00
  0.703149  -152.331002   85.615543    0.000000  -4.720977e-02  0.000000e+00
  0.703407  -152.521033   85.746567    0.000000  -4.994179e-02  0.000000e+00
  0.703665  -152.709553   85.879780    0.000000  -5.259313e-02  0.000000e+00
  0.703924  -152.896463   86.015288    0.000000  -5.515927e-02  0.000000e+00
  0.704182  -153.081667   86.153190    0.000000  -5.763602e-02  0.000000e+00
  0.704440  -153.265064   86.293579    0.000000  -6.001960e-02  0.000000e+00
  0.704698  -153.446554   86.436542    0.000000  -6.230673e-02  0.000000e+00
  0.704956  -153.626037   86.582159    0.000000  -6.449475e-02  0.000000e+00
  0.705214  -153.803410   86.730504    0.000000  -6.658167e-02  0.000000e+00
  0.705472  -153.978571   86.881641    0.000000  -6.856630e-02  0.000000e+00
  0.705731  -154.151416   87.035631    0.000000  -7.044831e-02  0.000000e+00
  0.705989  -154.321838   87.192524    0.000000  -7.222831e-02  0.000000e+00
  0.706247  -154.489731   87.352361    0.000000  -7.390794e-02  0.000000e+00
  0.706505  -154.654988   87.515177    0.000000  -7.548989e-02  0.000000e+00
  0.706763  -154.817498   87.680996    0.000000  -7.697799e-02  0.000000e+00
  0.707021  -154.977151   87.849836    0.000000  -7.837720e-02  0.000000e+00
  0.707279  -155.133835   88.021701    0.000000  -7.969412e-02  0.000000e+00
  0.707537  -155.287435   88.196590    0.000000  -8.093796e-02  0.000000e+00
  0.707796  -155.437837   88.374490    0.000000  -8.211807e-02  0.000000e+00
  0.708054  -155.584923   88.555379    0.000000  -8.324318e-02  0.000000e+00
  0.708312  -155.728579   88.739227    0.000000  -8.432128e-02  0.000000e+00
  0.708570  -155.868686   88.925997    0.000000  -8.535963e-02  0.000000e+00
  0.708828  -156.005128   89.115642    0.000000  -8.636467e-02  0.000000e+00
  0.709086  -156.137790   89.308111    0.000000  -8.734199e-02  0.000000e+00
  0.709344  -156.266555   89.503342    0.000000  -8.829631e-02  0.000000e+00
  0.709602  -156.391311   89.701269    0.000000  -8.923143e-02  0.000000e+00
  0.709861  -156.511944   89.901820    0.000000  -9.015022e-02  0.000000e+00
  0.710119  -156.628346   90.104918    0.000000  -9.105458e-02  0.000000e+00
  0.710377  -156.740407   90.310479    0.000000  -9.194544e-02  0.000000e+00
  0.710635  -156.848023   90.518415    0.000000  -9.282272e-02  0.000000e+00
  0.710893  -156.951091   90.728633    0.000000  -9.368533e-02  0.000000e+00
  0.711151  -157.049514   90.941038    0.000000  -9.453117e-02  0.000000e+00
  0.711409  -157.143196   91.155530    0.000000  -9.535709e-02  0.000000e+00
  0.711668  -157.232046   91.372006    0.000000  -9.615894e-02  0.000000e+00
  0.711926  -157.315979   91.590359    0.000000  -9.693153e-02  0.000000e+00
  0.712184  -157.394913   91.810483    0.000000  -9.766867e-02  0.000000e+00
  0.712442  -157.468772   92.032268    0.000000  -9.836319e-02  0.000000e+00
  0.712700  -157.537486   92.255602    0.000000  -9.900700e-02  0.000000e+00
  0.712958  -157.600990   92.480373    0.000000  -9.959109e-02  0.000000e+00
  0.713216  -157.659227   92.706468    0.000000  -1.001057e-01  0.000000e+00
  0.713474  -157.712145   92.933774    0.000000  -1.005401e-01  0.000000e+00
  0.713733  -157.759700   93.162178    0.000000  -1.008833e-01  0.000000e+00
  0.713991  -157.801854   93.391568    0.000000  -1.011235e-01  0.000000e+00
  0.714249  -157.838579   93.621833    0.000000  -1.012485e-01  0.000000e+00
  0.714507  -157.869855   93.852863    0.000000  -1.012459e-01  0.000000e+00
  0.714765  -157.895667   94.084550    0.000000  -1.011032e-01  0.000000e+00
  0.715023  -157.916013   94.316789    0.000000  -1.008086e-01  0.000000e+00
  0.715281  -157.930899   94.549476    0.000000  -1.003581e-01  0.000000e+00
  0.715539  -157.940339   94.782512    0.000000  -9.975284e-02  0.000000e+00
  0.715798  -157.944356   95.015799    0.000000  -9.899583e-02  0.000000e+00
  0.716056  -157.942982   95.249243    0.000000  -9.809128e-02  0.000000e+00
  0.716314  -157.936258   95.482752    0.000000  -9.704467e-02  0.000000e+00
  0.716572  -157.924231   95.716237    0.000000  -9.586260e-02  0.000000e+00
  0.716830  -157.906956   95.949614    0.000000  -9.455268e-02  0.000000e+00
  0.717088  -157.884496   96.182798    0.000000  -9.312331e-02  0.000000e+00
  0.717346  -157.856920   96.415709    0.000000  -9.158354e-02  0.000000e+00
  0.717605  -157.824303   96.648270    0.000000  -8.994295e-02  0.000000e+00
  0.717863  -157.786728   96.880406    0.000000  -8.821138e-02  0.000000e+00
  0.718121  -157.744282   97.112046    0.000000  -8.639886e-02  0.000000e+00
  0.718379  -157.697057   97.343121    0.000000  -8.451544e-02  0.000000e+00
  0.718637  -157.645152   97.573564    0.000000  -8.257101e-02  0.000000e+00
  0.718895  -157.588671   97.803312    0.000000  -8.057524e-02  0.000000e+00
  0.719153  -157.527720   98.032305    0.000000  -7.853744e-02  0.000000e+00
  0.719411  -157.462411   98.260486    0.000000  -7.646649e-02  0.000000e+00
  0.719670  -157.392860   98.487799    0.000000  -7.437075e-02  0.000000e+00
  0.719928  -157.319185   98.714192    0.000000  -7.225804e-02  0.000000e+00
  0.720186  -157.241510   98.939617    0.000000  -7.013558e-02  0.000000e+00
  0.720444  -157.159957   99.164028    0.000000  -6.800998e-02  0.000000e+00
  0.720702  -157.074656   99.387380    0.000000  -6.588724e-02  0.000000e+00
  0.720960  -156.985736   99.609634    0.000000  -6.377275e-02  0.000000e+00
  0.721218  -156.893328   99.830751    0.000000  -6.167129e-02  0.000000e+00
  0.721477  -156.797565  100.050696    0.000000  -5.958708e-02  0.000000e+00
  0.721735  -156.698581  100.269438    0.000000  -5.752379e-02  0.000000e+00
  0.721993  -156.596511  100.486947    0.000000  -5.548459e-02  0.000000e+00
  0.722251  -156.491491  100.703197    0.000000  -5.347218e-02  0.000000e+00
  0.722509  -156.383657  100.918164    0.000000  -5.148886e-02  0.000000e+00
  0.722767  -156.273143  101.131827    0.000000  -4.953652e-02  0.000000e+00
  0.723025  -156.160086  101.344169    0.000000  -4.761676e-02  0.000000e+00
  0.723283  -156.044619  101.555173    0.000000  -4.573088e-02  0.000000e+00
  0.723542  -155.926875  101.764829    0.000000  -4.387994e-02  0.000000e+00
  0.723800  -155.806987  101.973126    0.000000  -4.206483e-02  0.000000e+00
  0.724058  -155.685083  102.180058    0.000000  -4.028631e-02  0.000000e+00
  0.724316  -155.561293  102.385622    0.000000  -3.854504e-02  0.000000e+00
  0.724574  -155.435740  102.589815    0.000000  -3.684163e-02  0.000000e+00
  0.724832  -155.308548  102.792640    0.000000  -3.517669e-02  0.000000e+00
  0.725090  -155.179836  102.994101    0.000000  -3.355087e-02  0.000000e+00
  0.725348  -155.049720  103.194207    0.000000  -3.196491e-02  0.000000e+00
  0.725607  -154.918313  103.392967    0.000000  -3.041968e-02  0.000000e+00
  0.725865  -154.785721  103.590394    0.000000  -2.891618e-02  0.000000e+00
  0.726123  -154.652049  103.786505    0.000000  -2.745564e-02  0.000000e+00
  0.726381  -154.517396  103.981318    0.000000  -2.603948e-02  0.000000e+00
  0.726639  -154.381856  104.174855    0.000000  -2.466940e-02  0.000000e+00
  0.726897  -154.245516  104.367141    0.000000  -2.334545e-02  0.000000e+00
  0.727155  -154.108460  104.558202    0.000000  -2.206476e-02  0.000000e+00
  0.727414  -153.970765  104.748069    0.000000  -2.082456e-02  0.000000e+00
  0.727672  -153.832503  104.936774    0.000000  -1.962247e-02  0.000000e+00
  0.727930  -153.693741  105.124350    0.000000  -1.845644e-02  0.000000e+00
  0.728188  -153.554541  105.310837    0.000000  -1.732478e-02  0.000000e+00
  0.728446  -153.414959  105.496271    0.000000  -1.622608e-02  0.000000e+00
  0.728704  -153.275049  105.680693    0.000000  -1.515924e-02  0.000000e+00
  0.728962  -153.134858  105.864147    0.000000  -1.412343e-02  0.000000e+00
  0.729220  -152.994430  106.046676    0.000000  -1.311804e-02  0.000000e+00
  0.729479  -152.853803  106.228325    0.000000  -1.214270e-02  0.000000e+00
  0.729737  -152.713015  106.409141    0.000000  -1.119724e-02  0.000000e+00
  0.729995  -152.572095  106.589171    0.000000  -1.028168e-02  0.000000e+00
  0.730253  -152.431071  106.768464    0.000000  -9.396180e-03  0.000000e+00
  0.730511  -152.289969  106.947070    0.000000  -8.541051e-03  0.000000e+00
  0.730769  -152.148807  107.125037    0.000000  -7.716719e-03  0.000000e+00
  0.731027  -152.007605  107.302418    0.000000  -6.923703e-03  0.000000e+00
  0.731285  -151.866376  107.479262    0.000000  -6.162596e-03  0.000000e+00
  0.731544  -151.725132  107.655620    0.000000  -5.434041e-03  0.000000e+00
  0.731802  -151.583881  107.831543    0.000000  -4.738713e-03  0.000000e+00
  0.732060  -151.442629  108.007082    0.000000  -4.077296e-03  0.000000e+00
  0.732318  -151.301381  108.182288    0.000000  -3.450466e-03  0.000000e+00
  0.732576  -151.160137  108.357209    0.000000  -2.858867e-03  0.000000e+00
  0.732834  -151.018896  108.531897    0.000000  -2.303099e-03  0.000000e+00
  0.733092  -150.877656  108.706399    0.000000  -1.783700e-03  0.000000e+00
  0.733351  -150.736412  108.880763    0.000000  -1.301129e-03  0.000000e+00
  0.733609  -150.595158  109.055035    0.000000  -8.557578e-04  0.000000e+00
  0.733867  -150.453885  109.229262    0.000000  -4.478568e-04  0.000000e+00
  0.734125  -150.312585  109.403486    0.000000  -7.758826e-05  0.000000e+00
  0.734383  -150.171246  109.577751    0.000000  2.550002e-04  0.000000e+00
  0.734641  -150.029858  109.752097    0.000000  5.499798e-04  0.000000e+00
  0.734899  -149.888409  109.926563    0.000000  8.075418e-04  0.000000e+00
  0.735157  -149.746884  110.101187    0.000000  1.027997e-03  0.000000e+00
  0.735416  -149.605270  110.276002    0.000000  1.211773e-03  0.000000e+00
  0.735674  -149.463554  110.451041    0.000000  1.359409e-03  0.000000e+00
  0.735932  -149.321720  110.626335    0.000000  1.471546e-03  0.000000e+00
  0.736190  -149.179755  110.801910    0.000000  1.548925e-03  0.000000e+00
  0.736448  -149.037644  110.977791    0.000000  1.592366e-03  0.000000e+00
  0.736706  -148.895373  111.154001    0.000000  1.602767e-03  0.000000e+00
  0.736964  -148.752927  111.330556    0.000000  1.581079e-03  0.000000e+00
  0.737223  -148.610294  111.507474    0.000000  1.528304e-03  0.000000e+00
  0.737481  -148.467462  111.684766    0.000000  1.445467e-03  0.000000e+00
  0.737739  -148.324418  111.862440    0.000000  1.333612e-03  0.000000e+00
  0.737997  -148.181151  112.040501    0.000000  1.193776e-03  0.000000e+00
  0.738255  -148.037652  112.218949    0.000000  1.026978e-03  0.000000e+00
  0.738513  -147.893913  112.397783    0.000000  8.344122e-04  0.000000e+00
  0.738771  -147.749927  112.576994    0.000000  6.183613e-04  0.000000e+00
  0.739029  -147.605688  112.756572    0.000000  3.813979e-04  0.000000e+00
  0.739288  -147.461193  112.936501    0.000000  1.259861e-04  0.000000e+00
  0.739546  -147.316439  113.116764    0.000000  -1.455194e-04  0.000000e+00
  0.739804  -147.171424  113.297338    0.000000  -4.308722e-04  0.000000e+00
  0.740062  -147.026150  113.478199    0.000000  -7.279302e-04  0.000000e+00
  0.740320  -146.880616  113.659320    0.000000  -1.034650e-03  0.000000e+00
  0.740578  -146.734825  113.840671    0.000000  -1.349077e-03  0.000000e+00
  0.740836  -146.588782  114.022219    0.000000  -1.669341e-03  0.000000e+00
  0.741094  -146.442491  114.203931    0.000000  -1.993641e-03  0.000000e+00
  0.741353  -146.295958  114.385770    0.000000  -2.320237e-03  0.000000e+00
  0.741611  -146.149189  114.567699    0.000000  -2.647438e-03  0.000000e+00
  0.741869  -146.002193  114.749679    0.000000  -2.973588e-03  0.000000e+00
  0.742127  -145.854979  114.931670    0.000000  -3.297054e-03  0.000000e+00
  0.742385  -145.707557  115.113632    0.000000  -3.616214e-03  0.000000e+00
  0.742643  -145.559936  115.295522    0.000000  -3.929443e-03  0.000000e+00
  0.742901  -145.412130  115.477299    0.000000  -4.235097e-03  0.000000e+00
  0.743160  -145.264150  115.658922    0.000000  -4.531503e-03  0.000000e+00
  0.743418  -145.116010  115.840348    0.000000  -4.816944e-03  0.000000e+00
  0.743676  -144.967723  116.021536    0.000000  -5.089645e-03  0.000000e+00
  0.743934  -144.819304  116.202445    0.000000  -5.347760e-03  0.000000e+00
  0.744192  -144.670769  116.383035    0.000000  -5.589359e-03  0.000000e+00
  0.744450  -144.522132  116.563268    0.000000  -5.812416e-03  0.000000e+00
  0.744708  -144.373412  116.743105    0.000000  -6.014796e-03  0.000000e+00
  0.744966  -144.224623  116.922511    0.000000  -6.194243e-03  0.000000e+00
  0.745225  -144.075785  117.101451    0.000000  -6.348371e-03  0.000000e+00
  0.745483  -143.926915  117.279894    0.000000  -6.474650e-03  0.000000e+00
  0.745741  -143.778031  117.457808    0.000000  -6.570403e-03  0.000000e+00
  0.745999  -143.629152  117.635168    0.000000  -6.632794e-03  0.000000e+00
  0.746257  -143.480297  117.811948    0.000000  -6.658824e-03  0.000000e+00
  0.746515  -143.331485  117.988127    0.000000  -6.645325e-03  0.000000e+00
  0.746773  -143.182735  118.163686    0.000000  -6.588964e-03  0.000000e+00
  0.747031  -143.034068  118.338610    0.000000  -6.486240e-03  0.000000e+00
  0.747290  -142.885504  118.512887    0.000000  -6.333490e-03  0.000000e+00
  0.747548  -142.737062  118.686512    0.000000  -6.126898e-03  0.000000e+00
  0.747806  -142.588762  118.859480    0.000000  -5.862508e-03  0.000000e+00
  0.748064  -142.440625  119.031794    0.000000  -5.536243e-03  0.000000e+00
  0.748322  -142.292671  119.203458    0.000000  -5.143927e-03  0.000000e+00
  0.748580  -142.144920  119.374484    0.000000  -4.681319e-03  0.000000e+00
  0.748838  -141.997392  119.544888    0.000000  -4.144147e-03  0.000000e+00
  0.749097  -141.850107  119.714692    0.000000  -3.528155e-03  0.000000e+00
  0.749355  -141.703085  119.883922    0.000000  -2.829156e-03  0.000000e+00
  0.749613  -141.556345  120.052612    0.000000  -2.043098e-03  0.000000e+00
  0.749871  -141.409907  120.220800    0.000000  -1.166136e-03  0.000000e+00
  0.750129  -141.263789  120.388533    0.000000  -1.949838e-04  0.000000e+00
  0.750387  -141.118011  120.555862    0.000000  8.669426e-04  0.000000e+00
  0.750645  -140.972591  120.722845    0.000000  2.009300e-03  0.000000e+00
  0.750903  -140.827546  120.889547    0.000000  3.220742e-03  0.000000e+00
  0.751162  -140.682894  121.056037    0.000000  4.489215e-03  0.000000e+00
  0.751420  -140.538652  121.222388    0.000000  5.802008e-03  0.000000e+00
  0.751678  -140.394833  121.388678    0.000000  7.145813e-03  0.000000e+00
  0.751936  -140.251454  121.554989    0.000000  8.506818e-03  0.000000e+00
  0.752194  -140.108525  121.721402    0.000000  9.870806e-03  0.000000e+00
  0.752452  -139.966060  121.888005    0.000000  1.122328e-02  0.000000e+00
  0.752710  -139.824069  122.054883    0.000000  1.254959e-02  0.000000e+00
  0.752969  -139.682559  122.222125    0.000000  1.383510e-02  0.000000e+00
  0.753227  -139.541538  122.389816    0.000000  1.506531e-02  0.000000e+00
  0.753485  -139.401009  122.558046    0.000000  1.622603e-02  0.000000e+00
  0.753743  -139.260977  122.726899    0.000000  1.730355e-02  0.000000e+00
  0.754001  -139.121441  122.896459    0.000000  1.828474e-02  0.000000e+00
  0.754259  -138.982400  123.066807    0.000000  1.915725e-02  0.000000e+00
  0.754517  -138.843848  123.238024    0.000000  1.990961e-02  0.000000e+00
  0.754775  -138.705780  123.410182    0.000000  2.053134e-02  0.000000e+00
  0.755034  -138.568185  123.583352    0.000000  2.101301e-02  0.000000e+00
  0.755292  -138.431051  123.757601    0.000000  2.134636e-02  0.000000e+00
  0.755550  -138.294363  123.932986    0.000000  2.152427e-02  0.000000e+00
  0.755808  -138.158100  124.109563    0.000000  2.154079e-02  0.000000e+00
  0.756066  -138.022242  124.287378    0.000000  2.139111e-02  0.000000e+00
  0.756324  -137.886763  124.466469    0.000000  2.107149e-02  0.000000e+00
  0.756582  -137.751633  124.646868    0.000000  2.057916e-02  0.000000e+00
  0.756840  -137.616820  124.828598    0.000000  1.991222e-02  0.000000e+00
  0.757099  -137.482287  125.011670    0.000000  1.906945e-02  0.000000e+00
  0.757357  -137.347993  125.196088    0.000000  1.805019e-02  0.000000e+00
  0.757615  -137.213893  125.381843    0.000000  1.685408e-02  0.000000e+00
  0.757873  -137.079938  125.568918    0.000000  1.548094e-02  0.000000e+00
  0.758131  -136.946075  125.757280    0.000000  1.393621e-02  0.000000e+00
  0.758389  -136.812245  125.946886    0.000000  1.223625e-02  0.000000e+00
  0.758647  -136.678387  126.137681    0.000000  1.039736e-02  0.000000e+00
  0.758906  -136.544435  126.329600    0.000000  8.434363e-03  0.000000e+00
  0.759164  -136.410318  126.522565    0.000000  6.360468e-03  0.000000e+00
  0.759422  -136.275965  126.716488    0.000000  4.187358e-03  0.000000e+00
  0.759680  -136.141299  126.911273    0.000000  1.925196e-03  0.000000e+00
  0.759938  -136.006242  127.106813    0.000000  -4.173063e-04  0.000000e+00
  0.760196  -135.870714  127.302994    0.000000  -2.832804e-03  0.000000e+00
  0.760454  -135.734631  127.499692    0.000000  -5.315220e-03  0.000000e+00
  0.760712  -135.597909  127.696777    0.000000  -7.859641e-03  0.000000e+00
  0.760971  -135.460461  127.894111    0.000000  -1.046219e-02  0.000000e+00
  0.761229  -135.322200  128.091548    0.000000  -1.311991e-02  0.000000e+00
  0.761487  -135.183039  128.288939    0.000000  -1.583062e-02  0.000000e+00
  0.761745  -135.042888  128.486126    0.000000  -1.859281e-02  0.000000e+00
  0.762003  -134.901658  128.682949    0.000000  -2.140547e-02  0.000000e+00
  0.762261  -134.759260  128.879241    0.000000  -2.426798e-02  0.000000e+00
  0.762519  -134.615605  129.074832    0.000000  -2.717994e-02  0.000000e+00
  0.762777  -134.470605  129.269548    0.000000  -3.014104e-02  0.000000e+00
  0.763036  -134.324173  129.463212    0.000000  -3.315094e-02  0.000000e+00
  0.763294  -134.176222  129.655645    0.000000  -3.620907e-02  0.000000e+00
  0.763552  -134.026669  129.846666    0.000000  -3.931448e-02  0.000000e+00
  0.763810  -133.875429  130.036091    0.000000  -4.246573e-02  0.000000e+00
  0.764068  -133.722422  130.223737    0.000000  -4.566068e-02  0.000000e+00
  0.764326  -133.567570  130.409419    0.000000  -4.889634e-02  0.000000e+00
  0.764584  -133.410798  130.592952    0.000000  -5.216870e-02  0.000000e+00
  0.764843  -133.252031  130.774154    0.000000  -5.547259e-02  0.000000e+00
  0.765101  -133.091201  130.952840    0.000000  -5.880149e-02  0.000000e+00
  0.765359  -132.928242  131.128830    0.000000  -6.214743e-02  0.000000e+00
  0.765617  -132.763091  131.301944    0.000000  -6.550080e-02  0.000000e+00
  0.765875  -132.595692  131.472005    0.000000  -6.885029e-02  0.000000e+00
  0.766133  -132.425989  131.638841    0.000000  -7.218281e-02  0.000000e+00
  0.766391  -132.253934  131.802280    0.000000  -7.548339e-02  0.000000e+00
  0.766649  -132.079485  131.962158    0.000000  -7.873528e-02  0.000000e+00
  0.766908  -131.902601  132.118313    0.000000  -8.191993e-02  0.000000e+00
  0.767166  -131.723251  132.270589    0.000000  -8.501714e-02  0.000000e+00
  0.767424  -131.541408  132.418835    0.000000  -8.800529e-02  0.000000e+00
  0.767682  -131.357051  132.562908    0.000000  -9.086153e-02  0.000000e+00
  0.767940  -131.170166  132.702669    0.000000  -9.356219e-02  0.000000e+00
  0.768198  -130.980746  132.837988    0.000000  -9.608315e-02  0.000000e+00
  0.768456  -130.788790  132.968743    0.000000  -9.840030e-02  0.000000e+00
  0.768715  -130.594307  133.094820    0.000000  -1.004901e-01  0.000000e+00
  0.768973  -130.397311  133.216111    0.000000  -1.023302e-01  0.000000e+00
  0.769231  -130.197825  133.332522    0.000000  -1.038997e-01  0.000000e+00
  0.769489  -129.995881  133.443965    0.000000  -1.051801e-01  0.000000e+00
  0.769747  -129.791517  133.550364    0.000000  -1.061580e-01  0.000000e+00
  0.770005  -129.584784  133.651654    0.000000  -1.068378e-01  0.000000e+00
  0.770263  -129.375739  133.747778    0.000000  -1.072329e-01  0.000000e+00
  0.770521  -129.164446  133.838692    0.000000  -1.073596e-01  0.000000e+00
  0.770780  -128.950980  133.924359    0.000000  -1.072363e-01  0.000000e+00
  0.771038  -128.735419  134.004752    0.000000  -1.068835e-01  0.000000e+00
  0.771296  -128.517852  134.079854    0.000000  -1.063234e-01  0.000000e+00
  0.771554  -128.298372  134.149652    0.000000  -1.055791e-01  0.000000e+00
  0.771812  -128.077079  134.214145    0.000000  -1.046747e-01  0.000000e+00
  0.772070  -127.854077  134.273336    0.000000  -1.036345e-01  0.000000e+00
  0.772328  -127.629476  134.327235    0.000000  -1.024827e-01  0.000000e+00
  0.772586  -127.403390  134.375857    0.000000  -1.012433e-01  0.000000e+00
  0.772845  -127.175940  134.419226    0.000000  -9.993925e-02  0.000000e+00
  0.773103  -126.947245  134.457367    0.000000  -9.859279e-02  0.000000e+00
  0.773361  -126.717434  134.490310    0.000000  -9.722491e-02  0.000000e+00
  0.773619  -126.486632  134.518092    0.000000  -9.585532e-02  0.000000e+00
  0.773877  -126.254972  134.540749    0.000000  -9.450236e-02  0.000000e+00
  0.774135  -126.022587  134.558324    0.000000  -9.318291e-02  0.000000e+00
  0.774393  -125.789609  134.570860    0.000000  -9.191241e-02  0.000000e+00
  0.774652  -125.556175  134.578402    0.000000  -9.070484e-02  0.000000e+00
  0.774910  -125.322420  134.580997    0.000000  -8.957277e-02  0.000000e+00
  0.775168  -125.088479  134.578692    0.000000  -8.852742e-02  0.000000e+00
  0.775426  -124.854490  134.571537    0.000000  -8.757868e-02  0.000000e+00
  0.775684  -124.620585  134.559580    0.000000  -8.673519e-02  0.000000e+00
  0.775942  -124.386900  134.542867    0.000000  -8.600435e-02  0.000000e+00
  0.776200  -124.153565  134.521445    0.000000  -8.539242e-02  0.000000e+00
  0.776458  -123.920711  134.495359    0.000000  -8.490448e-02  0.000000e+00
  0.776717  -123.688466  134.464651    0.000000  -8.454446e-02  0.000000e+00
  0.776975  -123.456953  134.429362    0.000000  -8.431513e-02  0.000000e+00
  0.777233  -123.226293  134.389529    0.000000  -8.421804e-02  0.000000e+00
  0.777491  -122.996604  134.345184    0.000000  -8.425304e-02  0.000000e+00
  0.777749  -122.767999  134.296358    0.000000  -8.441189e-02  0.000000e+00
  0.778007  -122.540586  134.243075    0.000000  -8.468045e-02  0.000000e+00
  0.778265  -122.314470  134.185357    0.000000  -8.504478e-02  0.000000e+00
  0.778523  -122.089751  134.123223    0.000000  -8.549123e-02  0.000000e+00
  0.778782  -121.866528  134.056686    0.000000  -8.600652e-02  0.000000e+00
  0.779040  -121.644892  133.985762    0.000000  -8.657766e-02  0.000000e+00
  0.779298  -121.424937  133.910459    0.000000  -8.719210e-02  0.000000e+00
  0.779556  -121.206751  133.830787    0.000000  -8.783765e-02  0.000000e+00
  0.779814  -120.990419  133.746754    0.000000  -8.850266e-02  0.000000e+00
  0.780072  -120.776026  133.658366    0.000000  -8.917600e-02  0.000000e+00
  0.780330  -120.563654  133.565630    0.000000  -8.984720e-02  0.000000e+00
  0.780589  -120.353384  133.468552    0.000000  -9.050654e-02  0.000000e+00
  0.780847  -120.145296  133.367139    0.000000  -9.114510e-02  0.000000e+00
  0.781105  -119.939468  133.261397    0.000000  -9.175493e-02  0.000000e+00
  0.781363  -119.735978  133.151336    0.000000  -9.232909e-02  0.000000e+00
  0.781621  -119.534903  133.036964    0.000000  -9.286178e-02  0.000000e+00
  0.781879  -119.336322  132.918293    0.000000  -9.334841e-02  0.000000e+00
  0.782137  -119.140312  132.795339    0.000000  -9.378569e-02  0.000000e+00
  0.782395  -118.946951  132.668116    0.000000  -9.417167e-02  0.000000e+00
  0.782654  -118.756318  132.536645    0.000000  -9.450582e-02  0.000000e+00
  0.782912  -118.568493  132.400950    0.000000  -9.478903e-02  0.000000e+00
  0.783170  -118.383558  132.261057    0.000000  -9.502366e-02  0.000000e+00
  0.783428  -118.201595  132.116998    0.000000  -9.521350e-02  0.000000e+00
  0.783686  -118.022689  131.968810    0.000000  -9.536382e-02  0.000000e+00
  0.783944  -117.846927  131.816533    0.000000  -9.548126e-02  0.000000e+00
  0.784202  -117.674398  131.660214    0.000000  -9.557387e-02  0.000000e+00
  0.784461  -117.505195  131.499907    0.000000  -9.565103e-02  0.000000e+00
  0.784719  -117.339413  131.335669    0.000000  -9.572341e-02  0.000000e+00
  0.784977  -117.177150  131.167568    0.000000  -9.580295e-02  0.000000e+00
  0.785235  -117.018508  130.995675    0.000000  -9.590277e-02  0.000000e+00
  0.785493  -116.863594  130.820072    0.000000  -9.603597e-02  0.000000e+00
  0.785751  -116.712516  130.640845    0.000000  -9.621298e-02  0.000000e+00
  0.786009  -116.565387  130.458090    0.000000  -9.644197e-02  0.000000e+00
  0.786267  -116.422323  130.271908    0.000000  -9.672892e-02  0.000000e+00
  0.786526  -116.283440  130.082407    0.000000  -9.707772e-02  0.000000e+00
  0.786784  -116.148854  129.889699    0.000000  -9.749017e-02  0.000000e+00
  0.787042  -116.018684  129.693902    0.000000  -9.796604e-02  0.000000e+00
  0.787300  -115.893045  129.495137    0.000000  -9.850311e-02  0.000000e+00
  0.787558  -115.772053  129.293531    0.000000  -9.909710e-02  0.000000e+00
  0.787816  -115.655819  129.089212    0.000000  -9.974176e-02  0.000000e+00
  0.788074  -115.544453  128.882311    0.000000  -1.004288e-01  0.000000e+00
  0.788332  -115.438061  128.672962    0.000000  -1.011479e-01  0.000000e+00
  0.788591  -115.336743  128.461301    0.000000  -1.018866e-01  0.000000e+00
  0.788849  -115.240594  128.247462    0.000000  -1.026306e-01  0.000000e+00
  0.789107  -115.149704  128.031582    0.000000  -1.033633e-01  0.000000e+00
  0.789365  -115.064155  127.813797    0.000000  -1.040665e-01  0.000000e+00
  0.789623  -114.984021  127.594244    0.000000  -1.047195e-01  0.000000e+00
  0.789881  -114.909368  127.373055    0.000000  -1.053004e-01  0.000000e+00
  0.790139  -114.840254  127.150364    0.000000  -1.057852e-01  0.000000e+00
  0.790398  -114.776723  126.926300    0.000000  -1.061485e-01  0.000000e+00
  0.790656  -114.718813  126.700990    0.000000  -1.063639e-01  0.000000e+00
  0.790914  -114.666546  126.474558    0.000000  -1.064040e-01  0.000000e+00
  0.791172  -114.619936  126.247124    0.000000  -1.062408e-01  0.000000e+00
  0.791430  -114.578980  126.018802    0.000000  -1.058462e-01  0.000000e+00
  0.791688  -114.543663  125.789703    0.000000  -1.051925e-01  0.000000e+00
  0.791946  -114.513956  125.559929    0.000000  -1.042527e-01  0.000000e+00
  0.792204  -114.489812  125.329580    0.000000  -1.030010e-01  0.000000e+00
  0.792463  -114.471170  125.098747    0.000000  -1.014133e-01  0.000000e+00
  0.792721  -114.457952  124.867512    0.000000  -9.946742e-02  0.000000e+00
  0.792979  -114.450060  124.635951    0.000000  -9.714359e-02  0.000000e+00
  0.793237  -114.447380  124.404132    0.000000  -9.443082e-02  0.000000e+00
  0.793495  -114.449777  124.172113    0.000000  -9.134389e-02  0.000000e+00
  0.793753  -114.457101  123.939945    0.000000  -8.790675e-02  0.000000e+00
  0.794011  -114.469181  123.707669    0.000000  -8.414684e-02  0.000000e+00
  0.794269  -114.485832  123.475319    0.000000  -8.009412e-02  0.000000e+00
  0.794528  -114.506853  123.242923    0.000000  -7.578007e-02  0.000000e+00
  0.794786  -114.532030  123.010502    0.000000  -7.123682e-02  0.000000e+00
  0.795044  -114.561135  122.778071    0.000000  -6.649626e-02  0.000000e+00
  0.795302  -114.593928  122.545639    0.000000  -6.158935e-02  0.000000e+00
  0.795560  -114.630157  122.313210    0.000000  -5.654552e-02  0.000000e+00
  0.795818  -114.669562  122.080784    0.000000  -5.139225e-02  0.000000e+00
  0.796076  -114.711873  121.848356    0.000000  -4.615475e-02  0.000000e+00
  0.796335  -114.756812  121.615919    0.000000  -4.085586e-02  0.000000e+00
  0.796593  -114.804094  121.383461    0.000000  -3.551597e-02  0.000000e+00
  0.796851  -114.853428  121.150969    0.000000  -3.015311e-02  0.000000e+00
  0.797109  -114.904518  120.918427    0.000000  -2.478313e-02  0.000000e+00
  0.797367  -114.957064  120.685818    0.000000  -1.941991e-02  0.000000e+00
  0.797625  -115.010765  120.453123    0.000000  -1.407566e-02  0.000000e+00
  0.797883  -115.065315  120.220322    0.000000  -8.761239e-03  0.000000e+00
  0.798141  -115.120410  119.987397    0.000000  -3.486492e-03  0.000000e+00
  0.798400  -115.175744  119.754329    0.000000  1.739407e-03  0.000000e+00
  0.798658  -115.231015  119.521099    0.000000  6.907610e-03  0.000000e+00
  0.798916  -115.285919  119.287692    0.000000  1.200926e-02  0.000000e+00
  0.799174  -115.340160  119.054091    0.000000  1.703521e-02  0.000000e+00
  0.799432  -115.393444  118.820285    0.000000  2.197570e-02  0.000000e+00
  0.799690  -115.445481  118.586263    0.000000  2.682020e-02  0.000000e+00
  0.799948  -115.495990  118.352020    0.000000  3.155717e-02  0.000000e+00
  0.800207  -115.544697  118.117552    0.000000  3.617393e-02  0.000000e+00
  0.800465  -115.591334  117.882862    0.000000  4.065666e-02  0.000000e+00
  0.800723  -115.635645  117.647955    0.000000  4.499031e-02  0.000000e+00
  0.800981  -115.677383  117.412844    0.000000  4.916036e-02  0.000000e+00
  0.801239  -115.716314  117.177546    0.000000  5.316428e-02  0.000000e+00
  0.801497  -115.752214  116.942083    0.000000  5.700449e-02  0.000000e+00
  0.801755  -115.784872  116.706485    0.000000  6.068207e-02  0.000000e+00
  0.802013  -115.814086  116.470784    0.000000  6.419677e-02  0.000000e+00
  0.802272  -115.839668  116.235018    0.000000  6.754710e-02  0.000000e+00
  0.802530  -115.861441  115.999230    0.000000  7.073042e-02  0.000000e+00
  0.802788  -115.879239  115.763466    0.000000  7.374310e-02  0.000000e+00
  0.803046  -115.892908  115.527775    0.000000  7.658066e-02  0.000000e+00
  0.803304  -115.902304  115.292211    0.000000  7.923792e-02  0.000000e+00
  0.803562  -115.907295  115.056831    0.000000  8.170920e-02  0.000000e+00
  0.803820  -115.907761  114.821693    0.000000  8.398849e-02  0.000000e+00
  0.804078  -115.903592  114.586858    0.000000  8.606968e-02  0.000000e+00
  0.804337  -115.894688  114.352391    0.000000  8.794673e-02  0.000000e+00
  0.804595  -115.880963  114.118355    0.000000  8.961388e-02  0.000000e+00
  0.804853  -115.862340  113.884818    0.000000  9.106584e-02  0.000000e+00
  0.805111  -115.838753  113.651847    0.000000  9.229796e-02  0.000000e+00
  0.805369  -115.810147  113.419510    0.000000  9.330643e-02  0.000000e+00
  0.805627  -115.776478  113.187876    0.000000  9.408838e-02  0.000000e+00
  0.805885  -115.737712  112.957014    0.000000  9.464199e-02  0.000000e+00
  0.806144  -115.693828  112.726992    0.000000  9.496663e-02  0.000000e+00
  0.806402  -115.644812  112.497878    0.000000  9.506284e-02  0.000000e+00
  0.806660  -115.590663  112.269739    0.000000  9.493239e-02  0.000000e+00
  0.806918  -115.531391  112.042641    0.000000  9.457827e-02  0.000000e+00
  0.807176  -115.467014  111.816648    0.000000  9.400460e-02  0.000000e+00
  0.807434  -115.397563  111.591822    0.000000  9.321656e-02  0.000000e+00
  0.807692  -115.323078  111.368224    0.000000  9.222029e-02  0.000000e+00
  0.807950  -115.243609  111.145911    0.000000  9.102275e-02  0.000000e+00
  0.808209  -115.159217  110.924938    0.000000  8.963155e-02  0.000000e+00
  0.808467  -115.069973  110.705357    0.000000  8.805477e-02  0.000000e+00
  0.808725  -114.975958  110.487215    0.000000  8.630078e-02  0.000000e+00
  0.808983  -114.877263  110.270557    0.000000  8.437805e-02  0.000000e+00
  0.809241  -114.773990  110.055423    0.000000  8.229498e-02  0.000000e+00
  0.809499  -114.666248  109.841848    0.000000  8.005965e-02  0.000000e+00
  0.809757  -114.554160  109.629863    0.000000  7.767968e-02  0.000000e+00
  0.810015  -114.437856  109.419493    0.000000  7.516206e-02  0.000000e+00
  0.810274  -114.317477  109.210759    0.000000  7.251294e-02  0.000000e+00
  0.810532  -114.193173  109.003676    0.000000  6.973752e-02  0.000000e+00
  0.810790  -114.065105  108.798250    0.000000  6.683987e-02  0.000000e+00
  0.811048  -113.933441  108.594484    0.000000  6.382282e-02  0.000000e+00
  0.811306  -113.798361  108.392373    0.000000  6.068783e-02  0.000000e+00
  0.811564  -113.660055  108.191904    0.000000  5.743487e-02  0.000000e+00
  0.811822  -113.518720  107.993058    0.000000  5.406233e-02  0.000000e+00
  0.812081  -113.374563  107.795808    0.000000  5.056691e-02  0.000000e+00
  0.812339  -113.227803  107.600118    0.000000  4.694351e-02  0.000000e+00
  0.812597  -113.078665  107.405944    0.000000  4.318532e-02  0.000000e+00
  0.812855  -112.927385  107.213234    0.000000  3.929147e-02  0.000000e+00
  0.813113  -112.774206  107.021927    0.000000  3.527006e-02  0.000000e+00
  0.813371  -112.619383  106.831952    0.000000  3.112807e-02  0.000000e+00
  0.813629  -112.463173  106.643234    0.000000  2.687061e-02  0.000000e+00
  0.813887  -112.305843  106.455688    0.000000  2.250100e-02  0.000000e+00
  0.814146  -112.147665  106.269225    0.000000  1.802085e-02  0.000000e+00
  0.814404  -111.988915  106.083748    0.000000  1.343027e-02  0.000000e+00
  0.814662  -111.829873  105.899157    0.000000  8.728031e-03  0.000000e+00
  0.814920  -111.670822  105.715346    0.000000  3.911834e-03  0.000000e+00
  0.815178  -111.512048  105.532206    0.000000  -1.021421e-03  0.000000e+00
  0.815436  -111.353838  105.349625    0.000000  -6.075297e-03  0.000000e+00
  0.815694  -111.196478  105.167486    0.000000  -1.125345e-02  0.000000e+00
  0.815953  -111.040256  104.985673    0.000000  -1.655922e-02  0.000000e+00
  0.816211  -110.885458  104.804066    0.000000  -2.199511e-02  0.000000e+00
  0.816469  -110.732367  104.622545    0.000000  -2.756230e-02  0.000000e+00
  0.816727  -110.581266  104.440991    0.000000  -3.326000e-02  0.000000e+00
  0.816985  -110.432430  104.259283    0.000000  -3.908487e-02  0.000000e+00
  0.817243  -110.286134  104.077303    0.000000  -4.503023e-02  0.000000e+00
  0.817501  -110.142646  103.894932    0.000000  -5.108542e-02  0.000000e+00
  0.817759  -110.002225  103.712056    0.000000  -5.723496e-02  0.000000e+00
  0.818018  -109.865129  103.528561    0.000000  -6.345787e-02  0.000000e+00
  0.818276  -109.731602  103.344339    0.000000  -6.972696e-02  0.000000e+00
  0.818534  -109.601884  103.159283    0.000000  -7.600823e-02  0.000000e+00
  0.818792  -109.476202  102.973293    0.000000  -8.226048e-02  0.000000e+00
  0.819050  -109.354776  102.786272    0.000000  -8.843513e-02  0.000000e+00
  0.819308  -109.237813  102.598130    0.000000  -9.447634e-02  0.000000e+00
  0.819566  -109.125507  102.408784    0.000000  -1.003216e-01  0.000000e+00
  0.819824  -109.018041  102.218156    0.000000  -1.059024e-01  0.000000e+00
  0.820083  -108.915585  102.026177    0.000000  -1.111463e-01  0.000000e+00
  0.820341  -108.818291  101.832785    0.000000  -1.159782e-01  0.000000e+00
  0.820599  -108.726300  101.637928    0.000000  -1.203305e-01  0.000000e+00
  0.820857  -108.639733  101.441561    0.000000  -1.241595e-01  0.000000e+00
  0.821115  -108.558700  101.243650    0.000000  -1.274302e-01  0.000000e+00
  0.821373  -108.483291  101.044168    0.000000  -1.301144e-01  0.000000e+00
  0.821631  -108.413585  100.843097    0.000000  -1.321912e-01  0.000000e+00
  0.821890  -108.349645  100.640428    0.000000  -1.336494e-01  0.000000e+00
  0.822148  -108.291520  100.436157    0.000000  -1.344872e-01  0.000000e+00
  0.822406  -108.239245  100.230288    0.000000  -1.347129e-01  0.000000e+00
  0.822664  -108.192842  100.022833    0.000000  -1.343449e-01  0.000000e+00
  0.822922  -108.152321   99.813809    0.000000  -1.334105e-01  0.000000e+00
  0.823180  -108.117680   99.603241    0.000000  -1.319452e-01  0.000000e+00
  0.823438  -108.088904   99.391158    0.000000  -1.299913e-01  0.000000e+00
  0.823696  -108.065966   99.177595    0.000000  -1.275964e-01  0.000000e+00
  0.823955  -108.048828   98.962594    0.000000  -1.248116e-01  0.000000e+00
  0.824213  -108.037443   98.746199    0.000000  -1.216899e-01  0.000000e+00
  0.824471  -108.031752   98.528460    0.000000  -1.182845e-01  0.000000e+00
  0.824729  -108.031686   98.309430    0.000000  -1.146477e-01  0.000000e+00
  0.824987  -108.037167   98.089169    0.000000  -1.108295e-01  0.000000e+00
  0.825245  -108.048109   97.867737    0.000000  -1.068768e-01  0.000000e+00
  0.825503  -108.064415   97.645198    0.000000  -1.028326e-01  0.000000e+00
  0.825761  -108.085981   97.421620    0.000000  -9.873525e-02  0.000000e+00
  0.826020  -108.112695   97.197072    0.000000  -9.461892e-02  0.000000e+00
  0.826278  -108.144438   96.971627    0.000000  -9.051292e-02  0.000000e+00
  0.826536  -108.181083   96.745358    0.000000  -8.644203e-02  0.000000e+00
  0.826794  -108.222496   96.518340    0.000000  -8.242668e-02  0.000000e+00
  0.827052  -108.268538   96.290650    0.000000  -7.848321e-02  0.000000e+00
  0.827310  -108.319063   96.062364    0.000000  -7.462425e-02  0.000000e+00
  0.827568  -108.373920   95.833562    0.000000  -7.085907e-02  0.000000e+00
  0.827827  -108.432954   95.604319    0.000000  -6.719397e-02  0.000000e+00
  0.828085  -108.496004   95.374714    0.000000  -6.363265e-02  0.000000e+00
  0.828343  -108.562905   95.144823    0.000000  -6.017659e-02  0.000000e+00
  0.828601  -108.633487   94.914724    0.000000  -5.682534e-02  0.000000e+00
  0.828859  -108.707580   94.684490    0.000000  -5.357689e-02  0.000000e+00
  0.829117  -108.785007   94.454196    0.000000  -5.042790e-02  0.000000e+00
  0.829375  -108.865591   94.223913    0.000000  -4.737396e-02  0.000000e+00
  0.829633  -108.949151   93.993709    0.000000  -4.440981e-02  0.000000e+00
  0.829892  -109.035507   93.763653    0.000000  -4.152952e-02  0.000000e+00
  0.830150  -109.124474   93.533807    0.000000  -3.872666e-02  0.000000e+00
  0.830408  -109.215869   93.304233    0.000000  -3.599445e-02  0.000000e+00
  0.830666  -109.309506   93.074987    0.000000  -3.332586e-02  0.000000e+00
  0.830924  -109.405201   92.846123    0.000000  -3.071374e-02  0.000000e+00
  0.831182  -109.502769   92.617689    0.000000  -2.815090e-02  0.000000e+00
  0.831440  -109.602025   92.389731    0.000000  -2.563021e-02  0.000000e+00
  0.831699  -109.702787   92.162288    0.000000  -2.314468e-02  0.000000e+00
  0.831957  -109.804872   91.935393    0.000000  -2.068754e-02  0.000000e+00
  0.832215  -109.908102   91.709077    0.000000  -1.825222e-02  0.000000e+00
  0.832473  -110.012298   91.483361    0.000000  -1.583183e-02  0.000000e+00
  0.832731  -110.117285   91.258263    0.000000  -1.341965e-02  0.000000e+00
  0.832989  -110.222890   91.033794    0.000000  -1.100962e-02  0.000000e+00
  0.833247  -110.328943   90.809960    0.000000  -8.596290e-03  0.000000e+00
  0.833505  -110.435277   90.586763    0.000000  -6.174807e-03  0.000000e+00
  0.833764  -110.541726   90.364200    0.000000  -3.740896e-03  0.000000e+00
  0.834022  -110.648128   90.142261    0.000000  -1.290856e-03  0.000000e+00
  0.834280  -110.754322   89.920934    0.000000  1.178447e-03  0.000000e+00
  0.834538  -110.860153   89.700203    0.000000  3.669564e-03  0.000000e+00
  0.834796  -110.965464   89.480048    0.000000  6.184457e-03  0.000000e+00
  0.835054  -111.070106   89.260444    0.000000  8.724479e-03  0.000000e+00
  0.835312  -111.173928   89.041365    0.000000  1.129035e-02  0.000000e+00
  0.835570  -111.276786   88.822780    0.000000  1.388215e-02  0.000000e+00
  0.835829  -111.378536   88.604656    0.000000  1.649925e-02  0.000000e+00
  0.836087  -111.479039   88.386958    0.000000  1.914032e-02  0.000000e+00
  0.836345  -111.578158   88.169648    0.000000  2.180329e-02  0.000000e+00
  0.836603  -111.675759   87.952686    0.000000  2.448533e-02  0.000000e+00
  0.836861  -111.771712   87.736031    0.000000  2.718281e-02  0.000000e+00
  0.837119  -111.865889   87.519640    0.000000  2.989128e-02  0.000000e+00
  0.837377  -111.958166   87.303468    0.000000  3.260549e-02  0.000000e+00
  0.837636  -112.048422   87.087471    0.000000  3.531936e-02  0.000000e+00
  0.837894  -112.136539   86.871602    0.000000  3.802600e-02  0.000000e+00
  0.838152  -112.222404   86.655814    0.000000  4.071772e-02  0.000000e+00
  0.838410  -112.305905   86.440062    0.000000  4.338610e-02  0.000000e+00
  0.838668  -112.386935   86.224297    0.000000  4.602202e-02  0.000000e+00
  0.838926  -112.465390   86.008475    0.000000  4.861573e-02  0.000000e+00
  0.839184  -112.541170   85.792548    0.000000  5.115697e-02  0.000000e+00
  0.839442  -112.614177   85.576472    0.000000  5.363508e-02  0.000000e+00
  0.839701  -112.684320   85.360202    0.000000  5.603911e-02  0.000000e+00
  0.839959  -112.751507   85.143696    0.000000  5.835800e-02  0.000000e+00
  0.840217  -112.815655   84.926913    0.000000  6.058072e-02  0.000000e+00
  0.840475  -112.876679   84.709812    0.000000  6.269648e-02  0.000000e+00
  0.840733  -112.934503   84.492357    0.000000  6.469491e-02  0.000000e+00
  0.840991  -112.989052   84.274512    0.000000  6.656626e-02  0.000000e+00
  0.841249  -113.040255   84.056245    0.000000  6.830158e-02  0.000000e+00
  0.841507  -113.088046   83.837526    0.000000  6.989292e-02  0.000000e+00
  0.841766  -113.132363   83.618328    0.000000  7.133350e-02  0.000000e+00
  0.842024  -113.173147   83.398628    0.000000  7.261787e-02  0.000000e+00
  0.842282  -113.210343   83.178406    0.000000  7.374206e-02  0.000000e+00
  0.842540  -113.243902   82.957646    0.000000  7.470366e-02  0.000000e+00
  0.842798  -113.273777   82.736336    0.000000  7.550188e-02  0.000000e+00
  0.843056  -113.299926   82.514468    0.000000  7.613766e-02  0.000000e+00
  0.843314  -113.322313   82.292039    0.000000  7.661357e-02  0.000000e+00
  0.843573  -113.340902   82.069052    0.000000  7.693388e-02  0.000000e+00
  0.843831  -113.355667   81.845513    0.000000  7.710442e-02  0.000000e+00
  0.844089  -113.366581   81.621434    0.000000  7.713370e-02  0.000000e+00
  0.844347  -113.373625   81.396833    0.000000  7.703295e-02  0.000000e+00
  0.844605  -113.376783   81.171734    0.000000  7.681373e-02  0.000000e+00
  0.844863  -113.376043   80.946162    0.000000  7.648759e-02  0.000000e+00
  0.845121  -113.371398   80.720152    0.000000  7.606595e-02  0.000000e+00
  0.845379  -113.362844   80.493739    0.000000  7.555995e-02  0.000000e+00
  0.845638  -113.350381   80.266966    0.000000  7.498038e-02  0.000000e+00
  0.845896  -113.334013   80.039876    0.000000  7.433756e-02  0.000000e+00
  0.846154  -113.313748   79.812519    0.000000  7.364131e-02  0.000000e+00
  0.846412  -113.289597   79.584947    0.000000  7.290086e-02  0.000000e+00
  0.846670  -113.261575   79.357214    0.000000  7.212482e-02  0.000000e+00
  0.846928  -113.229700   79.129379    0.000000  7.132114e-02  0.000000e+00
  0.847186  -113.193992   78.901503    0.000000  7.049714e-02  0.000000e+00
  0.847445  -113.154478   78.673648    0.000000  6.965945e-02  0.000000e+00
  0.847703  -113.111183   78.445881    0.000000  6.881403e-02  0.000000e+00
  0.847961  -113.064138   78.218268    0.000000  6.796621e-02  0.000000e+00
  0.848219  -113.013377   77.990878    0.000000  6.712066e-02  0.000000e+00
  0.848477  -112.958935   77.763782    0.000000  6.628146e-02  0.000000e+00
  0.848735  -112.900851   77.537050    0.000000  6.545206e-02  0.000000e+00
  0.848993  -112.839166   77.310755    0.000000  6.463538e-02  0.000000e+00
  0.849251  -112.773923   77.084970    0.000000  6.383379e-02  0.000000e+00
  0.849510  -112.705168   76.859768    0.000000  6.304914e-02  0.000000e+00
  0.849768  -112.632949   76.635222    0.000000  6.228280e-02  0.000000e+00
  0.850026  -112.557316   76.411406    0.000000  6.153568e-02  0.000000e+00
  0.850284  -112.478321   76.188393    0.000000  6.080827e-02  0.000000e+00
  0.850542  -112.396018   75.966253    0.000000  6.010062e-02  0.000000e+00
  0.850800  -112.310462   75.745060    0.000000  5.941242e-02  0.000000e+00
  0.851058  -112.221711   75.524883    0.000000  5.874297e-02  0.000000e+00
  0.851316  -112.129824   75.305790    0.000000  5.809120e-02  0.000000e+00
  0.851575  -112.034860   75.087849    0.000000  5.745574e-02  0.000000e+00
  0.851833  -111.936883   74.871124    0.000000  5.683484e-02  0.000000e+00
  0.852091  -111.835953   74.655680    0.000000  5.622646e-02  0.000000e+00
  0.852349  -111.732137   74.441576    0.000000  5.562824e-02  0.000000e+00
  0.852607  -111.625499   74.228870    0.000000  5.503751e-02  0.000000e+00
  0.852865  -111.516104   74.017617    0.000000  5.445131e-02  0.000000e+00
  0.853123  -111.404020   73.807869    0.000000  5.386637e-02  0.000000e+00
  0.853382  -111.289315   73.599674    0.000000  5.327915e-02  0.000000e+00
  0.853640  -111.172056   73.393078    0.000000  5.268578e-02  0.000000e+00
  0.853898  -111.052313   73.188120    0.000000  5.208215e-02  0.000000e+00
  0.854156  -110.930154   72.984837    0.000000  5.146385e-02  0.000000e+00
  0.854414  -110.805649   72.783261    0.000000  5.082618e-02  0.000000e+00
  0.854672  -110.678868   72.583420    0.000000  5.016419e-02  0.000000e+00
  0.854930  -110.549880   72.385336    0.000000  4.947267e-02  0.000000e+00
  0.855188  -110.418755   72.189026    0.000000  4.874616e-02  0.000000e+00
  0.855447  -110.285564   71.994502    0.000000  4.797898e-02  0.000000e+00
  0.855705  -110.150374   71.801770    0.000000  4.716568e-02  0.000000e+00
  0.855963  -110.013256   71.610829    0.000000  4.630325e-02  0.000000e+00
  0.856221  -109.874278   71.421676    0.000000  4.538977e-02  0.000000e+00
  0.856479  -109.733509   71.234297    0.000000  4.442373e-02  0.000000e+00
  0.856737  -109.591016   71.048677    0.000000  4.340404e-02  0.000000e+00
  0.856995  -109.446867   70.864794    0.000000  4.232998e-02  0.000000e+00
  0.857253  -109.301130   70.682621    0.000000  4.120122e-02  0.000000e+00
  0.857512  -109.153871   70.502127    0.000000  4.001784e-02  0.000000e+00
  0.857770  -109.005157   70.323277    0.000000  3.878026e-02  0.000000e+00
  0.858028  -108.855053   70.146030    0.000000  3.748929e-02  0.000000e+00
  0.858286  -108.703626   69.970342    0.000000  3.614606e-02  0.000000e+00
  0.858544  -108.550940   69.796167    0.000000  3.475207e-02  0.000000e+00
  0.858802  -108.397061   69.623451    0.000000  3.330910e-02  0.000000e+00
  0.859060  -108.242051   69.452141    0.000000  3.181927e-02  0.000000e+00
  0.859319  -108.085974   69.282179    0.000000  3.028494e-02  0.000000e+00
  0.859577  -107.928895   69.113505    0.000000  2.870876e-02  0.000000e+00
  0.859835  -107.770874   68.946054    0.000000  2.709363e-02  0.000000e+00
  0.860093  -107.611975   68.779761    0.000000  2.544266e-02  0.000000e+00
  0.860351  -107.452259   68.614558    0.000000  2.375916e-02  0.000000e+00
  0.860609  -107.291786   68.450375    0.000000  2.204663e-02  0.000000e+00
  0.860867  -107.130617   68.287140    0.000000  2.030873e-02  0.000000e+00
  0.861125  -106.968811   68.124780    0.000000  1.854929e-02  0.000000e+00
  0.861384  -106.806428   67.963220    0.000000  1.677223e-02  0.000000e+00
  0.861642  -106.643527   67.802383    0.000000  1.498160e-02  0.000000e+00
  0.861900  -106.480164   67.642194    0.000000  1.318154e-02  0.000000e+00
  0.862158  -106.316398   67.482575    0.000000  1.137626e-02  0.000000e+00
  0.862416  -106.152284   67.323447    0.000000  9.570019e-03  0.000000e+00
  0.862674  -105.987879   67.164733    0.000000  7.767137e-03  0.000000e+00
  0.862932  -105.823237   67.006354    0.000000  5.971943e-03  0.000000e+00
  0.863191  -105.658414   66.848233    0.000000  4.188784e-03  0.000000e+00
  0.863449  -105.493463   66.690292    0.000000  2.422000e-03  0.000000e+00
  0.863707  -105.328436   66.532454    0.000000  6.759082e-04  0.000000e+00
  0.863965  -105.163387   66.374643    0.000000  -1.045205e-03  0.000000e+00
  0.864223  -104.998366   66.216785    0.000000  -2.737108e-03  0.000000e+00
  0.864481  -104.833425   66.058805    0.000000  -4.395631e-03  0.000000e+00
  0.864739  -104.668614   65.900632    0.000000  -6.016687e-03  0.000000e+00
  0.864997  -104.503981   65.742195    0.000000  -7.596287e-03  0.000000e+00
  0.865256  -104.339575   65.583426    0.000000  -9.130551e-03  0.000000e+00
  0.865514  -104.175444   65.424260    0.000000  -1.061573e-02  0.000000e+00
  0.865772  -104.011635   65.264632    0.000000  -1.204821e-02  0.000000e+00
  0.866030  -103.848192   65.104481    0.000000  -1.342454e-02  0.000000e+00
  0.866288  -103.685162   64.943750    0.000000  -1.474143e-02  0.000000e+00
  0.866546  -103.522588   64.782384    0.000000  -1.599580e-02  0.000000e+00
  0.866804  -103.360514   64.620330    0.000000  -1.718472e-02  0.000000e+00
  0.867062  -103.198982   64.457541    0.000000  -1.830552e-02  0.000000e+00
  0.867321  -103.038033   64.293972    0.000000  -1.935584e-02  0.000000e+00
  0.867579  -102.877708   64.129583    0.000000  -2.033665e-02  0.000000e+00
  0.867837  -102.718047   63.964338    0.000000  -2.125203e-02  0.000000e+00
  0.868095  -102.559089   63.798203    0.000000  -2.210616e-02  0.000000e+00
  0.868353  -102.400871   63.631151    0.000000  -2.290328e-02  0.000000e+00
  0.868611  -102.243430   63.463155    0.000000  -2.364763e-02  0.000000e+00
  0.868869  -102.086804   63.294193    0.000000  -2.434341e-02  0.000000e+00
  0.869128  -101.931028   63.124246    0.000000  -2.499482e-02  0.000000e+00
  0.869386  -101.776138   62.953298    0.000000  -2.560603e-02  0.000000e+00
  0.869644  -101.622168   62.781335    0.000000  -2.618114e-02  0.000000e+00
  0.869902  -101.469153   62.608346    0.000000  -2.672421e-02  0.000000e+00
  0.870160  -101.317127   62.434321    0.000000  -2.723926e-02  0.000000e+00
  0.870418  -101.166124   62.259256    0.000000  -2.773023e-02  0.000000e+00
  0.870676  -101.016177   62.083143    0.000000  -2.820098e-02  0.000000e+00
  0.870934  -100.867319   61.905982    0.000000  -2.865531e-02  0.000000e+00
  0.871193  -100.719583   61.727769    0.000000  -2.909694e-02  0.000000e+00
  0.871451  -100.573003   61.548506    0.000000  -2.952953e-02  0.000000e+00
  0.871709  -100.427610   61.368194    0.000000  -2.995662e-02  0.000000e+00
  0.871967  -100.283439   61.186834    0.000000  -3.038170e-02  0.000000e+00
  0.872225  -100.140521   61.004429    0.000000  -3.080816e-02  0.000000e+00
  0.872483  -99.998889   60.820984    0.000000  -3.123928e-02  0.000000e+00
  0.872741  -99.858577   60.636502    0.000000  -3.167828e-02  0.000000e+00
  0.872999  -99.719619   60.450988    0.000000  -3.212826e-02  0.000000e+00
  0.873258  -99.582047   60.264446    0.000000  -3.259224e-02  0.000000e+00
  0.873516  -99.445896   60.076881    0.000000  -3.307310e-02  0.000000e+00
  0.873774  -99.311200   59.888296    0.000000  -3.357363e-02  0.000000e+00
  0.874032  -99.177994   59.698695    0.000000  -3.409650e-02  0.000000e+00
  0.874290  -99.046312   59.508081    0.000000  -3.464424e-02  0.000000e+00
  0.874548  -98.916192   59.316456    0.000000  -3.521923e-02  0.000000e+00
  0.874806  -98.787670   59.123820    0.000000  -3.582370e-02  0.000000e+00
  0.875065  -98.660782   58.930175    0.000000  -3.645970e-02  0.000000e+00
  0.875323  -98.535566   58.735517    0.000000  -3.712757e-02  0.000000e+00
  0.875581  -98.412061   58.539844    0.000000  -3.782459e-02  0.000000e+00
  0.875839  -98.290307   58.343151    0.000000  -3.854770e-02  0.000000e+00
  0.876097  -98.170343   58.145433    0.000000  -3.929383e-02  0.000000e+00
  0.876355  -98.052210   57.946682    0.000000  -4.005992e-02  0.000000e+00
  0.876613  -97.935949   57.746892    0.000000  -4.084292e-02  0.000000e+00
  0.876871  -97.821602   57.546052    0.000000  -4.163976e-02  0.000000e+00
  0.877130  -97.709212   57.344155    0.000000  -4.244741e-02  0.000000e+00
  0.877388  -97.598821   57.141191    0.000000  -4.326285e-02  0.000000e+00
  0.877646  -97.490472   56.937149    0.000000  -4.408310e-02  0.000000e+00
  0.877904  -97.384210   56.732020    0.000000  -4.490523e-02  0.000000e+00
  0.878162  -97.280079   56.525793    0.000000  -4.572635e-02  0.000000e+00
  0.878420  -97.178123   56.318459    0.000000  -4.654365e-02  0.000000e+00
  0.878678  -97.078386   56.110008    0.000000  -4.735439e-02  0.000000e+00
  0.878936  -96.980915   55.900430    0.000000  -4.815597e-02  0.000000e+00
  0.879195  -96.885754   55.689717    0.000000  -4.894585e-02  0.000000e+00
  0.879453  -96.792950   55.477861    0.000000  -4.972168e-02  0.000000e+00
  0.879711  -96.702547   55.264854    0.000000  -5.048121e-02  0.000000e+00
  0.879969  -96.614592   55.050691    0.000000  -5.122238e-02  0.000000e+00
  0.880227  -96.529131   54.835367    0.000000  -5.194331e-02  0.000000e+00
  0.880485  -96.446209   54.618878    0.000000  -5.264232e-02  0.000000e+00
  0.880743  -96.365874   54.401221    0.000000  -5.331795e-02  0.000000e+00
  0.881002  -96.288171   54.182398    0.000000  -5.396894e-02  0.000000e+00
  0.881260  -96.213146   53.962408    0.000000  -5.459431e-02  0.000000e+00
  0.881518  -96.140846   53.741256    0.000000  -5.519330e-02  0.000000e+00
  0.881776  -96.071316   53.518946    0.000000  -5.576543e-02  0.000000e+00
  0.882034  -96.004601   53.295486    0.000000  -5.631049e-02  0.000000e+00
  0.882292  -95.940749   53.070886    0.000000  -5.682855e-02  0.000000e+00
  0.882550  -95.879803   52.845159    0.000000  -5.731997e-02  0.000000e+00
  0.882808  -95.821809   52.618319    0.000000  -5.778540e-02  0.000000e+00
  0.883067  -95.766812   52.390385    0.000000  -5.822576e-02  0.000000e+00
  0.883325  -95.714856   52.161377    0.000000  -5.864230e-02  0.000000e+00
  0.883583  -95.665985   51.931320    0.000000  -5.903653e-02  0.000000e+00
  0.883841  -95.620244   51.700241    0.000000  -5.941026e-02  0.000000e+00
  0.884099  -95.577675   51.468171    0.000000  -5.976561e-02  0.000000e+00
  0.884357  -95.538321   51.235144    0.000000  -6.010495e-02  0.000000e+00
  0.884615  -95.502225   51.001198    0.000000  -6.043095e-02  0.000000e+00
  0.884874  -95.469428   50.766376    0.000000  -6.074656e-02  0.000000e+00
  0.885132  -95.439972   50.530723    0.000000  -6.105500e-02  0.000000e+00
  0.885390  -95.413896   50.294289    0.000000  -6.135976e-02  0.000000e+00
  0.885648  -95.391241   50.057129    0.000000  -6.166461e-02  0.000000e+00
  0.885906  -95.372047   49.819303    0.000000  -6.197356e-02  0.000000e+00
  0.886164  -95.356350   49.580873    0.000000  -6.229095e-02  0.000000e+00
  0.886422  -95.344191   49.341908    0.000000  -6.262134e-02  0.000000e+00
  0.886680  -95.335604   49.102481    0.000000  -6.296960e-02  0.000000e+00
  0.886939  -95.330627   48.862671    0.000000  -6.334082e-02  0.000000e+00
  0.887197  -95.329294   48.622562    0.000000  -6.373950e-02  0.000000e+00
  0.887455  -95.331641   48.382242    0.000000  -6.416953e-02  0.000000e+00
  0.887713  -95.337699   48.141804    0.000000  -6.463422e-02  0.000000e+00
  0.887971  -95.347501   47.901344    0.000000  -6.513639e-02  0.000000e+00
  0.888229  -95.361078   47.660964    0.000000  -6.567832e-02  0.000000e+00
  0.888487  -95.378460   47.420769    0.000000  -6.626180e-02  0.000000e+00
  0.888745  -95.399674   47.180864    0.000000  -6.688809e-02  0.000000e+00
  0.889004  -95.424747   46.941359    0.000000  -6.755793e-02  0.000000e+00
  0.889262  -95.453704   46.702367    0.000000  -6.827153e-02  0.000000e+00
  0.889520  -95.486567   46.464000    0.000000  -6.902854e-02  0.000000e+00
  0.889778  -95.523360   46.226373    0.000000  -6.982805e-02  0.000000e+00
  0.890036  -95.564100   45.989602    0.000000  -7.066856e-02  0.000000e+00
  0.890294  -95.608805   45.753803    0.000000  -7.154793e-02  0.000000e+00
  0.890552  -95.657491   45.519091    0.000000  -7.246338e-02  0.000000e+00
  0.890811  -95.710171   45.285583    0.000000  -7.341143e-02  0.000000e+00
  0.891069  -95.766855   45.053395    0.000000  -7.438788e-02  0.000000e+00
  0.891327  -95.827553   44.822639    0.000000  -7.538776e-02  0.000000e+00
  0.891585  -95.892270   44.593429    0.000000  -7.640529e-02  0.000000e+00
  0.891843  -95.961009   44.365876    0.000000  -7.743387e-02  0.000000e+00
  0.892101  -96.033772   44.140087    0.000000  -7.846602e-02  0.000000e+00
  0.892359  -96.110557   43.916169    0.000000  -7.949339e-02  0.000000e+00
  0.892617  -96.191358   43.694224    0.000000  -8.050672e-02  0.000000e+00
  0.892876  -96.276167   43.474351    0.000000  -8.149585e-02  0.000000e+00
  0.893134  -96.364975   43.256646    0.000000  -8.244973e-02  0.000000e+00
  0.893392  -96.457766   43.041199    0.000000  -8.335644e-02  0.000000e+00
  0.893650  -96.554524   42.828097    0.000000  -8.420328e-02  0.000000e+00
  0.893908  -96.655229   42.617420    0.000000  -8.497676e-02  0.000000e+00
  0.894166  -96.759855   42.409245    0.000000  -8.566277e-02  0.000000e+00
  0.894424  -96.868375   42.203642    0.000000  -8.624663e-02  0.000000e+00
  0.894682  -96.980759   42.000672    0.000000  -8.671361e-02  0.000000e+00
  0.894941  -97.096972   41.800395    0.000000  -8.705413e-02  0.000000e+00
  0.895199  -97.216974   41.602858    0.000000  -8.726362e-02  0.000000e+00
  0.895457  -97.340724   41.408107    0.000000  -8.733873e-02  0.000000e+00
  0.895715  -97.468177   41.216178    0.000000  -8.727731e-02  0.000000e+00
  0.895973  -97.599284   41.027103    0.000000  -8.707844e-02  0.000000e+00
  0.896231  -97.733993   40.840907    0.000000  -8.674245e-02  0.000000e+00
  0.896489  -97.872249   40.657612    0.000000  -8.627091e-02  0.000000e+00
  0.896748  -98.013995   40.477230    0.000000  -8.566659e-02  0.000000e+00
  0.897006  -98.159172   40.299773    0.000000  -8.493343e-02  0.000000e+00
  0.897264  -98.307715   40.125245    0.000000  -8.407645e-02  0.000000e+00
  0.897522  -98.459562   39.953648    0.000000  -8.310166e-02  0.000000e+00
  0.897780  -98.614644   39.784976    0.000000  -8.201594e-02  0.000000e+00
  0.898038  -98.772892   39.619223    0.000000  -8.082696e-02  0.000000e+00
  0.898296  -98.934235   39.456377    0.000000  -7.954301e-02  0.000000e+00
  0.898554  -99.098601   39.296423    0.000000  -7.817291e-02  0.000000e+00
  0.898813  -99.265916   39.139343    0.000000  -7.672584e-02  0.000000e+00
  0.899071  -99.436102   38.985114    0.000000  -7.521126e-02  0.000000e+00
  0.899329  -99.609084   38.833713    0.000000  -7.363878e-02  0.000000e+00
  0.899587  -99.784783   38.685113    0.000000  -7.201802e-02  0.000000e+00
  0.899845  -99.963119   38.539285    0.000000  -7.035854e-02  0.000000e+00
  0.900103  -100.144013   38.396197    0.000000  -6.866977e-02  0.000000e+00
  0.900361  -100.327383   38.255816    0.000000  -6.696088e-02  0.000000e+00
  0.900620  -100.513148   38.118108    0.000000  -6.524076e-02  0.000000e+00
  0.900878  -100.701227   37.983036    0.000000  -6.351800e-02  0.000000e+00
  0.901136  -100.891537   37.850564    0.000000  -6.180077e-02  0.000000e+00
  0.901394  -101.083995   37.720653    0.000000  -6.009689e-02  0.000000e+00
  0.901652  -101.278520   37.593264    0.000000  -5.841375e-02  0.000000e+00
  0.901910  -101.475029   37.468359    0.000000  -5.675835e-02  0.000000e+00
  0.902168  -101.673442   37.345898    0.000000  -5.513728e-02  0.000000e+00
  0.902426  -101.873675   37.225843    0.000000  -5.355676e-02  0.000000e+00
  0.902685  -102.075650   37.108154    0.000000  -5.202263e-02  0.000000e+00
  0.902943  -102.279285   36.992794    0.000000  -5.054042e-02  0.000000e+00
  0.903201  -102.484502   36.879725    0.000000  -4.911533e-02  0.000000e+00
  0.903459  -102.691223   36.768911    0.000000  -4.775229e-02  0.000000e+00
  0.903717  -102.899371   36.660317    0.000000  -4.645601e-02  0.000000e+00
  0.903975  -103.108871   36.553910    0.000000  -4.523096e-02  0.000000e+00
  0.904233  -103.319649   36.449658    0.000000  -4.408149e-02  0.000000e+00
  0.904491  -103.531633   36.347532    0.000000  -4.301177e-02  0.000000e+00
  0.904750  -103.744751   36.247506    0.000000  -4.202593e-02  0.000000e+00
  0.905008  -103.958937   36.149554    0.000000  -4.112798e-02  0.000000e+00
  0.905266  -104.174122   36.053654    0.000000  -4.032194e-02  0.000000e+00
  0.905524  -104.390244   35.959788    0.000000  -3.961181e-02  0.000000e+00
  0.905782  -104.607240   35.867941    0.000000  -3.900161e-02  0.000000e+00
  0.906040  -104.825051   35.778101    0.000000  -3.849542e-02  0.000000e+00
  0.906298  -105.043621   35.690259    0.000000  -3.809735e-02  0.000000e+00
  0.906557  -105.262895   35.604412    0.000000  -3.780851e-02  0.000000e+00
  0.906815  -105.482824   35.520559    0.000000  -3.762292e-02  0.000000e+00
  0.907073  -105.703358   35.438704    0.000000  -3.753362e-02  0.000000e+00
  0.907331  -105.924453   35.358854    0.000000  -3.753367e-02  0.000000e+00
  0.907589  -106.146066   35.281021    0.000000  -3.761610e-02  0.000000e+00
  0.907847  -106.368158   35.205216    0.000000  -3.777393e-02  0.000000e+00
  0.908105  -106.590690   35.131456    0.000000  -3.800011e-02  0.000000e+00
  0.908363  -106.813629   35.059758    0.000000  -3.828750e-02  0.000000e+00
  0.908622  -107.036942   34.990142    0.000000  -3.862886e-02  0.000000e+00
  0.908880  -107.260598   34.922629    0.000000  -3.901682e-02  0.000000e+00
  0.909138  -107.484569   34.857241    0.000000  -3.944387e-02  0.000000e+00
  0.909396  -107.708831   34.794000    0.000000  -3.990233e-02  0.000000e+00
  0.909654  -107.933360   34.732931    0.000000  -4.038435e-02  0.000000e+00
  0.909912  -108.158133   34.674057    0.000000  -4.088188e-02  0.000000e+00
  0.910170  -108.383131   34.617400    0.000000  -4.138669e-02  0.000000e+00
  0.910428  -108.608336   34.562984    0.000000  -4.189037e-02  0.000000e+00
  0.910687  -108.833733   34.510829    0.000000  -4.238434e-02  0.000000e+00
  0.910945  -109.059306   34.460958    0.000000  -4.285982e-02  0.000000e+00
  0.911203  -109.285044   34.413387    0.000000  -4.330792e-02  0.000000e+00
  0.911461  -109.510935   34.368135    0.000000  -4.371964e-02  0.000000e+00
  0.911719  -109.736970   34.325215    0.000000  -4.408585e-02  0.000000e+00
  0.911977  -109.963139   34.284640    0.000000  -4.439744e-02  0.000000e+00
  0.912235  -110.189437   34.246419    0.000000  -4.464525e-02  0.000000e+00
  0.912494  -110.415857   34.210558    0.000000  -4.482019e-02  0.000000e+00
  0.912752  -110.642396   34.177059    0.000000  -4.491328e-02  0.000000e+00
  0.913010  -110.869049   34.145920    0.000000  -4.491569e-02  0.000000e+00
  0.913268  -111.095814   34.117135    0.000000  -4.481879e-02  0.000000e+00
  0.913526  -111.322690   34.090693    0.000000  -4.461424e-02  0.000000e+00
  0.913784  -111.549676   34.066579    0.000000  -4.429400e-02  0.000000e+00
  0.914042  -111.776772   34.044772    0.000000  -4.385038e-02  0.000000e+00
  0.914300  -112.003979   34.025245    0.000000  -4.327753e-02  0.000000e+00
  0.914559  -112.231299   34.007966    0.000000  -4.257708e-02  0.000000e+00
  0.914817  -112.458734   33.992896    0.000000  -4.175338e-02  0.000000e+00
  0.915075  -112.686286   33.979991    0.000000  -4.081121e-02  0.000000e+00
  0.915333  -112.913958   33.969203    0.000000  -3.975574e-02  0.000000e+00
  0.915591  -113.141755   33.960476    0.000000  -3.859249e-02  0.000000e+00
  0.915849  -113.369679   33.953752    0.000000  -3.732724e-02  0.000000e+00
  0.916107  -113.597735   33.948966    0.000000  -3.596602e-02  0.000000e+00
  0.916366  -113.825927   33.946050    0.000000  -3.451500e-02  0.000000e+00
  0.916624  -114.054260   33.944931    0.000000  -3.298045e-02  0.000000e+00
  0.916882  -114.282739   33.945532    0.000000  -3.136871e-02  0.000000e+00
  0.917140  -114.511368   33.947773    0.000000  -2.968609e-02  0.000000e+00
  0.917398  -114.740153   33.951568    0.000000  -2.793885e-02  0.000000e+00
  0.917656  -114.969097   33.956831    0.000000  -2.613317e-02  0.000000e+00
  0.917914  -115.198206   33.963470    0.000000  -2.427507e-02  0.000000e+00
  0.918172  -115.427484   33.971391    0.000000  -2.237042e-02  0.000000e+00
  0.918431  -115.656936   33.980497    0.000000  -2.042489e-02  0.000000e+00
  0.918689  -115.886566   33.990690    0.000000  -1.844396e-02  0.000000e+00
  0.918947  -116.116377   34.001868    0.000000  -1.643285e-02  0.000000e+00
  0.919205  -116.346374   34.013927    0.000000  -1.439659e-02  0.000000e+00
  0.919463  -116.576558   34.026761    0.000000  -1.233994e-02  0.000000e+00
  0.919721  -116.806933   34.040264    0.000000  -1.026746e-02  0.000000e+00
  0.919979  -117.037501   34.054326    0.000000  -8.183462e-03  0.000000e+00
  0.920237  -117.268263   34.068839    0.000000  -6.092061e-03  0.000000e+00
  0.920496  -117.499220   34.083690    0.000000  -3.997161e-03  0.000000e+00
  0.920754  -117.730373   34.098769    0.000000  -1.902486e-03  0.000000e+00
  0.921012  -117.961719   34.113963    0.000000  1.884112e-04  0.000000e+00
  0.921270  -118.193260   34.129159    0.000000  2.272124e-03  0.000000e+00
  0.921528  -118.424991   34.144246    0.000000  4.345377e-03  0.000000e+00
  0.921786  -118.656910   34.159109    0.000000  6.405004e-03  0.000000e+00
  0.922044  -118.889012   34.173637    0.000000  8.447929e-03  0.000000e+00
  0.922303  -119.121293   34.187719    0.000000  1.047115e-02  0.000000e+00
  0.922561  -119.353747   34.201242    0.000000  1.247171e-02  0.000000e+00
  0.922819  -119.586365   34.214097    0.000000  1.444671e-02  0.000000e+00
  0.923077  -119.819140   34.226175    0.000000  1.639326e-02  0.000000e+00
  0.923335  -120.052062   34.237368    0.000000  1.830847e-02  0.000000e+00
  0.923593  -120.285120   34.247571    0.000000  2.018947e-02  0.000000e+00
  0.923851  -120.518300   34.256678    0.000000  2.203337e-02  0.000000e+00
  0.924109  -120.751590   34.264590    0.000000  2.383730e-02  0.000000e+00
  0.924368  -120.984975   34.271204    0.000000  2.559832e-02  0.000000e+00
  0.924626  -121.218437   34.276424    0.000000  2.731353e-02  0.000000e+00
  0.924884  -121.451957   34.280156    0.000000  2.897999e-02  0.000000e+00
  0.925142  -121.685517   34.282308    0.000000  3.059477e-02  0.000000e+00
  0.925400  -121.919095   34.282791    0.000000  3.215495e-02  0.000000e+00
  0.925658  -122.152666   34.281519    0.000000  3.365760e-02  0.000000e+00
  0.925916  -122.386206   34.278413    0.000000  3.509994e-02  0.000000e+00
  0.926174  -122.619689   34.273392    0.000000  3.648097e-02  0.000000e+00
  0.926433  -122.853084   34.266384    0.000000  3.780128e-02  0.000000e+00
  0.926691  -123.086362   34.257319    0.000000  3.906133e-02  0.000000e+00
  0.926949  -123.319491   34.246130    0.000000  4.026143e-02  0.000000e+00
  0.927207  -123.552438   34.232755    0.000000  4.140171e-02  0.000000e+00
  0.927465  -123.785169   34.217136    0.000000  4.248211e-02  0.000000e+00
  0.927723  -124.017649   34.199219    0.000000  4.350238e-02  0.000000e+00
  0.927981  -124.249842   34.178954    0.000000  4.446210e-02  0.000000e+00
  0.928240  -124.481711   34.156294    0.000000  4.536067e-02  0.000000e+00
  0.928498  -124.713222   34.131198    0.000000  4.619729e-02  0.000000e+00
  0.928756  -124.944335   34.103627    0.000000  4.697101e-02  0.000000e+00
  0.929014  -125.175016   34.073548    0.000000  4.768069e-02  0.000000e+00
  0.929272  -125.405227   34.040930    0.000000  4.832505e-02  0.000000e+00
  0.929530  -125.634931   34.005747    0.000000  4.890264e-02  0.000000e+00
  0.929788  -125.864094   33.967979    0.000000  4.941187e-02  0.000000e+00
  0.930046  -126.092680   33.927607    0.000000  4.985101e-02  0.000000e+00
  0.930305  -126.320656   33.884617    0.000000  5.021824e-02  0.000000e+00
  0.930563  -126.547987   33.839002    0.000000  5.051157e-02  0.000000e+00
  0.930821  -126.774642   33.790755    0.000000  5.072897e-02  0.000000e+00
  0.931079  -127.000591   33.739876    0.000000  5.086828e-02  0.000000e+00
  0.931337  -127.225805   33.686368    0.000000  5.092729e-02  0.000000e+00
  0.931595  -127.450257   33.630239    0.000000  5.090372e-02  0.000000e+00
  0.931853  -127.673922   33.571501    0.000000  5.079525e-02  0.000000e+00
  0.932112  -127.896776   33.510169    0.000000  5.059953e-02  0.000000e+00
  0.932370  -128.118800   33.446265    0.000000  5.031416e-02  0.000000e+00
  0.932628  -128.339974   33.379812    0.000000  4.993678e-02  0.000000e+00
  0.932886  -128.560284   33.310841    0.000000  4.946498e-02  0.000000e+00
  0.933144  -128.779717   33.239384    0.000000  4.889640e-02  0.000000e+00
  0.933402  -128.998262   33.165478    0.000000  4.822870e-02  0.000000e+00
  0.933660  -129.215914   33.089167    0.000000  4.745956e-02  0.000000e+00
  0.933918  -129.432669   33.010496    0.000000  4.658864e-02  0.000000e+00
  0.934177  -129.648528   32.929516    0.000000  4.561935e-02  0.000000e+00
  0.934435  -129.863494   32.846283    0.000000  4.455580e-02  0.000000e+00
  0.934693  -130.077574   32.760854    0.000000  4.340235e-02  0.000000e+00
  0.934951  -130.290778   32.673293    0.000000  4.216357e-02  0.000000e+00
  0.935209  -130.503118   32.583666    0.000000  4.084422e-02  0.000000e+00
  0.935467  -130.714611   32.492042    0.000000  3.944918e-02  0.000000e+00
  0.935725  -130.925274   32.398493    0.000000  3.798343e-02  0.000000e+00
  0.935983  -131.135129   32.303095    0.000000  3.645204e-02  0.000000e+00
  0.936242  -131.344198   32.205927    0.000000  3.486006e-02  0.000000e+00
  0.936500  -131.552507   32.107068    0.000000  3.321257e-02  0.000000e+00
  0.936758  -131.760084   32.006603    0.000000  3.151460e-02  0.000000e+00
  0.937016  -131.966958   31.904615    0.000000  2.977113e-02  0.000000e+00
  0.937274  -132.173161   31.801192    0.000000  2.798708e-02  0.000000e+00
  0.937532  -132.378725   31.696423    0.000000  2.616724e-02  0.000000e+00
  0.937790  -132.583687   31.590398    0.000000  2.431636e-02  0.000000e+00
  0.938049  -132.788081   31.483208    0.000000  2.243903e-02  0.000000e+00
  0.938307  -132.991947   31.374945    0.000000  2.053976e-02  0.000000e+00
  0.938565  -133.195321   31.265704    0.000000  1.862295e-02  0.000000e+00
  0.938823  -133.398246   31.155578    0.000000  1.669291e-02  0.000000e+00
  0.939081  -133.600760   31.044662    0.000000  1.475386e-02  0.000000e+00
  0.939339  -133.802906   30.933051    0.000000  1.280992e-02  0.000000e+00
  0.939597  -134.004727   30.820839    0.000000  1.086518e-02  0.000000e+00
  0.939855  -134.206265   30.708122    0.000000  8.923649e-03  0.000000e+00
  0.940114  -134.407563   30.594993    0.000000  6.989336e-03  0.000000e+00
  0.940372  -134.608665   30.481547    0.000000  5.066218e-03  0.000000e+00
  0.940630  -134.809615   30.367877    0.000000  3.158284e-03  0.000000e+00
  0.940888  -135.010457   30.254075    0.000000  1.269547e-03  0.000000e+00
  0.941146  -135.211233   30.140231    0.000000  -5.959414e-04  0.000000e+00
  0.941404  -135.411988   30.026437    0.000000  -2.434070e-03  0.000000e+00
  0.941662  -135.612764   29.912779    0.000000  -4.240656e-03  0.000000e+00
  0.941920  -135.813604   29.799344    0.000000  -6.011431e-03  0.000000e+00
  0.942179  -136.014549   29.686216    0.000000  -7.742033e-03  0.000000e+00
  0.942437  -136.215641   29.573479    0.000000  -9.427993e-03  0.000000e+00
  0.942695  -136.416919   29.461210    0.000000  -1.106474e-02  0.000000e+00
  0.942953  -136.618423   29.349488    0.000000  -1.264758e-02  0.000000e+00
  0.943211  -136.820190   29.238387    0.000000  -1.417173e-02  0.000000e+00
  0.943469  -137.022257   29.127979    0.000000  -1.563229e-02  0.000000e+00
  0.943727  -137.224659   29.018331    0.000000  -1.702427e-02  0.000000e+00
  0.943986  -137.427429   28.909508    0.000000  -1.834260e-02  0.000000e+00
  0.944244  -137.630600   28.801573    0.000000  -1.958214e-02  0.000000e+00
  0.944502  -137.834200   28.694582    0.000000  -2.073771e-02  0.000000e+00
  0.944760  -138.038259   28.588588    0.000000  -2.180410e-02  0.000000e+00
  0.945018  -138.242801   28.483642    0.000000  -2.277610e-02  0.000000e+00
  0.945276  -138.447851   28.379787    0.000000  -2.364852e-02  0.000000e+00
  0.945534  -138.653430   28.277064    0.000000  -2.441707e-02  0.000000e+00
  0.945792  -138.859556   28.175508    0.000000  -2.508275e-02  0.000000e+00
  0.946051  -139.066245   28.075151    0.000000  -2.564865e-02  0.000000e+00
  0.946309  -139.273512   27.976018    0.000000  -2.611794e-02  0.000000e+00
  0.946567  -139.481367   27.878131    0.000000  -2.649387e-02  0.000000e+00
  0.946825  -139.689821   27.781507    0.000000  -2.677981e-02  0.000000e+00
  0.947083  -139.898881   27.686161    0.000000  -2.697922e-02  0.000000e+00
  0.947341  -140.108551   27.592102    0.000000  -2.709565e-02  0.000000e+00
  0.947599  -140.318835   27.499335    0.000000  -2.713276e-02  0.000000e+00
  0.947858  -140.529734   27.407864    0.000000  -2.709427e-02  0.000000e+00
  0.948116  -140.741247   27.317687    0.000000  -2.698398e-02  0.000000e+00
  0.948374  -140.953373   27.228801    0.000000  -2.680577e-02  0.000000e+00
  0.948632  -141.166108   27.141197    0.000000  -2.656355e-02  0.000000e+00
  0.948890  -141.379445   27.054866    0.000000  -2.626129e-02  0.000000e+00
  0.949148  -141.593377   26.969795    0.000000  -2.590299e-02  0.000000e+00
  0.949406  -141.807898   26.885968    0.000000  -2.549265e-02  0.000000e+00
  0.949664  -142.022996   26.803369    0.000000  -2.503429e-02  0.000000e+00
  0.949923  -142.238660   26.721976    0.000000  -2.453193e-02  0.000000e+00
  0.950181  -142.454879   26.641768    0.000000  -2.398957e-02  0.000000e+00
  0.950439  -142.671639   26.562721    0.000000  -2.341117e-02  0.000000e+00
  0.950697  -142.888926   26.484809    0.000000  -2.280067e-02  0.000000e+00
  0.950955  -143.106725   26.408004    0.000000  -2.216197e-02  0.000000e+00
  0.951213  -143.325020   26.332280    0.000000  -2.149893e-02  0.000000e+00
  0.951471  -143.543793   26.257604    0.000000  -2.081533e-02  0.000000e+00
  0.951729  -143.763028   26.183948    0.000000  -2.011491e-02  0.000000e+00
  0.951988  -143.982706   26.111278    0.000000  -1.940137e-02  0.000000e+00
  0.952246  -144.202809   26.039562    0.000000  -1.867831e-02  0.000000e+00
  0.952504  -144.423317   25.968768    0.000000  -1.794930e-02  0.000000e+00
  0.952762  -144.644211   25.898862    0.000000  -1.721784e-02  0.000000e+00
  0.953020  -144.865472   25.829809    0.000000  -1.648738e-02  0.000000e+00
  0.953278  -145.087079   25.761577    0.000000  -1.576132e-02  0.000000e+00
  0.953536  -145.309013   25.694132    0.000000  -1.504299e-02  0.000000e+00
  0.953795  -145.531253   25.627440    0.000000  -1.433569e-02  0.000000e+00
  0.954053  -145.753779   25.561468    0.000000  -1.364270e-02  0.000000e+00
  0.954311  -145.976571   25.496185    0.000000  -1.296722e-02  0.000000e+00
  0.954569  -146.199610   25.431557    0.000000  -1.231246e-02  0.000000e+00
  0.954827  -146.422877   25.367555    0.000000  -1.168160e-02  0.000000e+00
  0.955085  -146.646351   25.304150    0.000000  -1.107780e-02  0.000000e+00
  0.955343  -146.870015   25.241312    0.000000  -1.050420e-02  0.000000e+00
  0.955601  -147.093851   25.179016    0.000000  -9.963967e-03  0.000000e+00
  0.955860  -147.317840   25.117235    0.000000  -9.460244e-03  0.000000e+00
  0.956118  -147.541966   25.055946    0.000000  -8.996193e-03  0.000000e+00
  0.956376  -147.766214   24.995128    0.000000  -8.574991e-03  0.000000e+00
  0.956634  -147.990567   24.934760    0.000000  -8.199829e-03  0.000000e+00
  0.956892  -148.215012   24.874827    0.000000  -7.873926e-03  0.000000e+00
  0.957150  -148.439535   24.815313    0.000000  -7.600436e-03  0.000000e+00
  0.957408  -148.664124   24.756206    0.000000  -7.380126e-03  0.000000e+00
  0.957666  -148.888768   24.697496    0.000000  -7.211114e-03  0.000000e+00
  0.957925  -149.113457   24.639176    0.000000  -7.091408e-03  0.000000e+00
  0.958183  -149.338183   24.581241    0.000000  -7.019034e-03  0.000000e+00
  0.958441  -149.562937   24.523690    0.000000  -6.992039e-03  0.000000e+00
  0.958699  -149.787712   24.466522    0.000000  -7.008487e-03  0.000000e+00
  0.958957  -150.012502   24.409739    0.000000  -7.066452e-03  0.000000e+00
  0.959215  -150.237302   24.353345    0.000000  -7.164018e-03  0.000000e+00
  0.959473  -150.462109   24.297346    0.000000  -7.299275e-03  0.000000e+00
  0.959732  -150.686918   24.241750    0.000000  -7.470314e-03  0.000000e+00
  0.959990  -150.911727   24.186567    0.000000  -7.675230e-03  0.000000e+00
  0.960248  -151.136534   24.131807    0.000000  -7.912112e-03  0.000000e+00
  0.960506  -151.361339   24.077485    0.000000  -8.179045e-03  0.000000e+00
  0.960764  -151.586140   24.023612    0.000000  -8.474109e-03  0.000000e+00
  0.961022  -151.810939   23.970206    0.000000  -8.795371e-03  0.000000e+00
  0.961280  -152.035736   23.917283    0.000000  -9.140890e-03  0.000000e+00
  0.961538  -152.260532   23.864860    0.000000  -9.508708e-03  0.000000e+00
  0.961797  -152.485330   23.812957    0.000000  -9.896855e-03  0.000000e+00
  0.962055  -152.710132   23.761593    0.000000  -1.030334e-02  0.000000e+00
  0.962313  -152.934942   23.710789    0.000000  -1.072617e-02  0.000000e+00
  0.962571  -153.159763   23.660567    0.000000  -1.116331e-02  0.000000e+00
  0.962829  -153.384599   23.610947    0.000000  -1.161272e-02  0.000000e+00
  0.963087  -153.609455   23.561954    0.000000  -1.207235e-02  0.000000e+00
  0.963345  -153.834335   23.513608    0.000000  -1.254010e-02  0.000000e+00
  0.963604  -154.059244   23.465935    0.000000  -1.301387e-02  0.000000e+00
  0.963862  -154.284188   23.418957    0.000000  -1.349155e-02  0.000000e+00
  0.964120  -154.509172   23.372698    0.000000  -1.397100e-02  0.000000e+00
  0.964378  -154.734203   23.327182    0.000000  -1.445006e-02  0.000000e+00
  0.964636  -154.959285   23.282431    0.000000  -1.492655e-02  0.000000e+00
  0.964894  -155.184426   23.238470    0.000000  -1.539829e-02  0.000000e+00
  0.965152  -155.409632   23.195321    0.000000  -1.586307e-02  0.000000e+00
  0.965410  -155.634908   23.153008    0.000000  -1.631869e-02  0.000000e+00
  0.965669  -155.860262   23.111552    0.000000  -1.676293e-02  0.000000e+00
  0.965927  -156.085700   23.070974    0.000000  -1.719357e-02  0.000000e+00
  0.966185  -156.311228   23.031297    0.000000  -1.760837e-02  0.000000e+00
  0.966443  -156.536852   22.992540    0.000000  -1.800513e-02  0.000000e+00
  0.966701  -156.762579   22.954722    0.000000  -1.838163e-02  0.000000e+00
  0.966959  -156.988414   22.917861    0.000000  -1.873567e-02  0.000000e+00
  0.967217  -157.214365   22.881976    0.000000  -1.906505e-02  0.000000e+00
  0.967475  -157.440436   22.847081    0.000000  -1.936760e-02  0.000000e+00
  0.967734  -157.666632   22.813193    0.000000  -1.964119e-02  0.000000e+00
  0.967992  -157.892960   22.780323    0.000000  -1.988369e-02  0.000000e+00
  0.968250  -158.119424   22.748484    0.000000  -2.009302e-02  0.000000e+00
  0.968508  -158.346029   22.717686    0.000000  -2.026712e-02  0.000000e+00
  0.968766  -158.572778   22.687939    0.000000  -2.040399e-02  0.000000e+00
  0.969024  -158.799677   22.659248    0.000000  -2.050225e-02  0.000000e+00
  0.969282  -159.026727   22.631618    0.000000  -2.056255e-02  0.000000e+00
  0.969541  -159.253932   22.605054    0.000000  -2.058598e-02  0.000000e+00
  0.969799  -159.481295   22.579555    0.000000  -2.057365e-02  0.000000e+00
  0.970057  -159.708817   22.555123    0.000000  -2.052669e-02  0.000000e+00
  0.970315  -159.936501   22.531754    0.000000  -2.044628e-02  0.000000e+00
  0.970573  -160.164348   22.509446    0.000000  -2.033360e-02  0.000000e+00
  0.970831  -160.392358   22.488193    0.000000  -2.018983e-02  0.000000e+00
  0.971089  -160.620533   22.467988    0.000000  -2.001619e-02  0.000000e+00
  0.971347  -160.848872   22.448824    0.000000  -1.981391e-02  0.000000e+00
  0.971606  -161.077375   22.430690    0.000000  -1.958422e-02  0.000000e+00
  0.971864  -161.306043   22.413576    0.000000  -1.932835e-02  0.000000e+00
  0.972122  -161.534874   22.397469    0.000000  -1.904755e-02  0.000000e+00
  0.972380  -161.763867   22.382356    0.000000  -1.874305e-02  0.000000e+00
  0.972638  -161.993021   22.368222    0.000000  -1.841610e-02  0.000000e+00
  0.972896  -162.222335   22.355052    0.000000  -1.806793e-02  0.000000e+00
  0.973154  -162.451805   22.342828    0.000000  -1.769978e-02  0.000000e+00
  0.973412  -162.681431   22.331532    0.000000  -1.731284e-02  0.000000e+00
  0.973671  -162.911210   22.321145    0.000000  -1.690834e-02  0.000000e+00
  0.973929  -163.141138   22.311648    0.000000  -1.648746e-02  0.000000e+00
  0.974187  -163.371213   22.303019    0.000000  -1.605139e-02  0.000000e+00
  0.974445  -163.601433   22.295237    0.000000  -1.560129e-02  0.000000e+00
  0.974703  -163.831793   22.288279    0.000000  -1.513830e-02  0.000000e+00
  0.974961  -164.062290   22.282121    0.000000  -1.466355e-02  0.000000e+00
  0.975219  -164.292920   22.276741    0.000000  -1.417814e-02  0.000000e+00
  0.975478  -164.523679   22.272112    0.000000  -1.368317e-02  0.000000e+00
  0.975736  -164.754564   22.268211    0.000000  -1.317971e-02  0.000000e+00
  0.975994  -164.985569   22.265011    0.000000  -1.266881e-02  0.000000e+00
  0.976252  -165.216691   22.262487    0.000000  -1.215149e-02  0.000000e+00
  0.976510  -165.447924   22.260610    0.000000  -1.162877e-02  0.000000e+00
  0.976768  -165.679265   22.259355    0.000000  -1.110163e-02  0.000000e+00
  0.977026  -165.910708   22.258694    0.000000  -1.057105e-02  0.000000e+00
  0.977284  -166.142249   22.258599    0.000000  -1.003798e-02  0.000000e+00
  0.977543  -166.373881   22.259043    0.000000  -9.503359e-03  0.000000e+00
  0.977801  -166.605602   22.259997    0.000000  -8.968112e-03  0.000000e+00
  0.978059  -166.837404   22.261433    0.000000  -8.433143e-03  0.000000e+00
  0.978317  -167.069283   22.263323    0.000000  -7.899344e-03  0.000000e+00
  0.978575  -167.301234   22.265639    0.000000  -7.367598e-03  0.000000e+00
  0.978833  -167.533251   22.268352    0.000000  -6.838773e-03  0.000000e+00
  0.979091  -167.765328   22.271434    0.000000  -6.313728e-03  0.000000e+00
  0.979350  -167.997462   22.274857    0.000000  -5.793316e-03  0.000000e+00
  0.979608  -168.229645   22.278593    0.000000  -5.278382e-03  0.000000e+00
  0.979866  -168.461873   22.282615    0.000000  -4.769764e-03  0.000000e+00
  0.980124  -168.694140   22.286894    0.000000  -4.268299e-03  0.000000e+00
  0.980382  -168.926441   22.291405    0.000000  -3.774819e-03  0.000000e+00
  0.980640  -169.158771   22.296121    0.000000  -3.290156e-03  0.000000e+00
  0.980898  -169.391123   22.301014    0.000000  -2.815143e-03  0.000000e+00
  0.981156  -169.623494   22.306061    0.000000  -2.350614e-03  0.000000e+00
  0.981415  -169.855878   22.311234    0.000000  -1.897407e-03  0.000000e+00
  0.981673  -170.088269   22.316510    0.000000  -1.456363e-03  0.000000e+00
  0.981931  -170.320663   22.321865    0.000000  -1.028328e-03  0.000000e+00
  0.982189  -170.553055   22.327276    0.000000  -6.141573e-04  0.000000e+00
  0.982447  -170.785439   22.332720    0.000000  -2.147111e-04  0.000000e+00
  0.982705  -171.017812   22.338175    0.000000  1.691410e-04  0.000000e+00
  0.982963  -171.250169   22.343621    0.000000  5.365203e-04  0.000000e+00
  0.983221  -171.482505   22.349037    0.000000  8.865379e-04  0.000000e+00
  0.983480  -171.714815   22.354405    0.000000  1.218295e-03  0.000000e+00
  0.983738  -171.947097   22.359707    0.000000  1.530880e-03  0.000000e+00
  0.983996  -172.179345   22.364925    0.000000  1.823373e-03  0.000000e+00
  0.984254  -172.411556   22.370044    0.000000  2.094840e-03  0.000000e+00
  0.984512  -172.643727   22.375050    0.000000  2.344373e-03  0.000000e+00
  0.984770  -172.875854   22.379928    0.000000  2.571799e-03  0.000000e+00
  0.985028  -173.107934   22.384666    0.000000  2.777626e-03  0.000000e+00
  0.985287  -173.339964   22.389254    0.000000  2.962380e-03  0.000000e+00
  0.985545  -173.571941   22.393682    0.000000  3.126581e-03  0.000000e+00
  0.985803  -173.803863   22.397940    0.000000  3.270744e-03  0.000000e+00
  0.986061  -174.035727   22.402021    0.000000  3.395381e-03  0.000000e+00
  0.986319  -174.267531   22.405919    0.000000  3.501000e-03  0.000000e+00
  0.986577  -174.499274   22.409628    0.000000  3.588108e-03  0.000000e+00
  0.986835  -174.730952   22.413143    0.000000  3.657207e-03  0.000000e+00
  0.987093  -174.962565   22.416461    0.000000  3.708802e-03  0.000000e+00
  0.987352  -175.194111   22.419579    0.000000  3.743395e-03  0.000000e+00
  0.987610  -175.425588   22.422496    0.000000  3.761489e-03  0.000000e+00
  0.987868  -175.656997   22.425210    0.000000  3.763586e-03  0.000000e+00
  0.988126  -175.888335   22.427722    0.000000  3.750190e-03  0.000000e+00
  0.988384  -176.119601   22.430033    0.000000  3.721807e-03  0.000000e+00
  0.988642  -176.350796   22.432144    0.000000  3.678944e-03  0.000000e+00
  0.988900  -176.581919   22.434058    0.000000  3.622109e-03  0.000000e+00
  0.989158  -176.812968   22.435778    0.000000  3.551813e-03  0.000000e+00
  0.989417  -177.043945   22.437308    0.000000  3.468570e-03  0.000000e+00
  0.989675  -177.274848   22.438652    0.000000  3.372896e-03  0.000000e+00
  0.989933  -177.505679   22.439817    0.000000  3.265309e-03  0.000000e+00
  0.990191  -177.736436   22.440807    0.000000  3.146332e-03  0.000000e+00
  0.990449  -177.967121   22.441629    0.000000  3.016489e-03  0.000000e+00
  0.990707  -178.197734   22.442291    0.000000  2.876309e-03  0.000000e+00
  0.990965  -178.428275   22.442800    0.000000  2.726322e-03  0.000000e+00
  0.991224  -178.658745   22.443164    0.000000  2.567063e-03  0.000000e+00
  0.991482  -178.889144   22.443391    0.000000  2.399070e-03  0.000000e+00
  0.991740  -179.119475   22.443491    0.000000  2.222884e-03  0.000000e+00
  0.991998  -179.349737   22.443473    0.000000  2.039048e-03  0.000000e+00
  0.992256  -179.579931   22.443348    0.000000  1.848111e-03  0.000000e+00
  0.992514  -179.810060   22.443124    0.000000  1.650624e-03  0.000000e+00
  0.992772  -180.040124   22.442813    0.000000  1.447138e-03  0.000000e+00
  0.993030  -180.270124   22.442426    0.000000  1.238213e-03  0.000000e+00
  0.993289  -180.500063   22.441973    0.000000  1.024408e-03  0.000000e+00
  0.993547  -180.729941   22.441466    0.000000  8.062843e-04  0.000000e+00
  0.993805  -180.959760   22.440917    0.000000  5.844092e-04  0.000000e+00
  0.994063  -181.189522   22.440337    0.000000  3.593504e-04  0.000000e+00
  0.994321  -181.419229   22.439738    0.000000  1.316790e-04  0.000000e+00
  0.994579  -181.648883   22.439133    0.000000  -9.803167e-05  0.000000e+00
  0.994837  -181.878484   22.438533    0.000000  -3.292058e-04  0.000000e+00
  0.995096  -182.108037   22.437950    0.000000  -5.612654e-04  0.000000e+00
  0.995354  -182.337541   22.437397    0.000000  -7.936304e-04  0.000000e+00
  0.995612  -182.567000   22.436886    0.000000  -1.025719e-03  0.000000e+00
  0.995870  -182.796416   22.436429    0.000000  -1.256948e-03  0.000000e+00
  0.996128  -183.025790   22.436038    0.000000  -1.486731e-03  0.000000e+00
  0.996386  -183.255126   22.435725    0.000000  -1.714482e-03  0.000000e+00
  0.996644  -183.484424   22.435503    0.000000  -1.939614e-03  0.000000e+00
  0.996902  -183.713688   22.435383    0.000000  -2.161538e-03  0.000000e+00
  0.997161  -183.942921   22.435376    0.000000  -2.379665e-03  0.000000e+00
  0.997419  -184.172123   22.435494    0.000000  -2.593405e-03  0.000000e+00
  0.997677  -184.401298   22.435748    0.000000  -2.802167e-03  0.000000e+00
  0.997935  -184.630447   22.436150    0.000000  -3.005362e-03  0.000000e+00
  0.998193  -184.859574   22.436709    0.000000  -3.202399e-03  0.000000e+00
  0.998451  -185.088681   22.437436    0.000000  -3.392690e-03  0.000000e+00
  0.998709  -185.317770   22.438341    0.000000  -3.575646e-03  0.000000e+00
  0.998967  -185.546844   22.439434    0.000000  -3.750679e-03  0.000000e+00
  0.999226  -185.775905   22.440724    0.000000  -3.917203e-03  0.000000e+00
  0.999484  -186.004955   22.442218    0.000000  -4.074634e-03  0.000000e+00
  0.999742  -186.233997   22.443927    0.000000  -4.222387e-03  0.000000e+00
  1.000000  -186.463034   22.445857    0.000000  -4.359883e-03  0.000000e+00



